-6.317832949913586293e-02,-6.155126447178618093e-02,-4.979832067048362704e-02,-2.415685791536888172e-02,1.781938010114477930e-02,4.046559399762592740e-02,6.060810009012250477e-02,9.102058478069860459e-02,-8.395627610029138266e-02,-7.217322449160847031e-02,-4.087821224005663834e-02,-2.009382268621848905e-02,3.417019449878266890e-02,8.001486613838452999e-02,1.041211038025189467e-01,1.372435420743732815e-01,-1.001679397210127193e-01,-7.663232805813627313e-02,-4.004140382712580160e-02,-9.974519060570901860e-03,5.967843008206611538e-02,1.223466558524845121e-01,1.576928365272928789e-01,1.928502613163338986e-01,-9.813834936601883996e-02,-8.859006949746381365e-02,-5.505740442632161419e-02,-7.006365724258316156e-03,6.795606405854233423e-02,1.414482402641426273e-01,1.926129576123975784e-01,2.052449863624479509e-01,-7.796971730293231206e-02,-7.233976290279857391e-02,-4.770812850115265652e-02,1.580540496329201419e-02,1.019039401388540517e-01,1.829172555136438227e-01,2.266378710860056933e-01,2.299328737065705341e-01,-5.228102529049711428e-02,-3.573139348792421510e-02,1.240251223747919178e-02,6.864572627601782384e-02,1.529824538941253198e-01,2.131476821277713263e-01,2.387363380121435841e-01,2.438846945323923654e-01,-3.626142822687566936e-02,-3.859758160694577679e-04,4.594009666482414683e-02,9.358258486716902746e-02,1.585953958790139173e-01,2.073080495201336249e-01,2.389602224995880375e-01,2.470430524941895079e-01,-1.142303170039820140e-02,1.704308649141779083e-02,2.901221608549585038e-02,5.587261912827961446e-02,1.194787897641647195e-01,1.660351827547799086e-01,2.150253780754732835e-01,2.324791739849980665e-01
-1.791934742678644166e-01,-7.291576239804843651e-02,1.620327816470428645e-02,-7.528478603896175680e-02,-1.919881411651417347e-01,-1.375037583513589734e-01,-2.247536726727484419e-02,1.008908956567911193e-02,-2.069929050628792067e-01,-1.399142307722204548e-01,-4.008686001037585836e-03,2.666877133907014780e-02,-9.471630096587521641e-02,-1.521489069003615358e-01,-8.816064863127941187e-02,-3.012488711543770750e-02,-1.979931158877670516e-01,-1.774395449405325176e-01,-1.001147054098379119e-01,1.567691641775257813e-02,1.446030480129697170e-02,-7.469335828766346386e-02,-1.639267522130194721e-01,-1.332580233650425550e-01,-1.866553804634977776e-01,-1.672478992148803134e-01,-1.550659202102150080e-01,-6.299292330874216306e-02,5.964350823573770499e-02,6.670445406268595001e-02,-6.447599556644981189e-02,-1.707375690506165444e-01,-1.798470239703787721e-01,-1.561777528501930024e-01,-1.516966013191322349e-01,-1.211998804965665338e-01,7.180417847981323751e-03,1.457911953076441725e-01,1.126314676642124341e-01,-6.317020973416974383e-02,-1.539604023720039239e-01,-1.535851940204951693e-01,-1.398401583496230727e-01,-1.304038858596094919e-01,-9.258139353597578947e-02,6.241370091278146404e-02,1.878226362355241985e-01,1.455750559035895453e-01,-1.216253970986964639e-01,-1.397511279251137939e-01,-1.314918041728053155e-01,-1.279414848887663880e-01,-1.409239651970277951e-01,-8.535544670205681694e-02,7.278963723901391014e-02,1.896633619766394663e-01,-1.081938223260179716e-01,-1.258446373377716532e-01,-1.328483173450951127e-01,-1.295749035079393485e-01,-1.491428266115860657e-01,-1.369785770209802633e-01,-6.641708354036920947e-02,6.163829893346384203e-02
-1.570462512139455813e-01,-2.171448864246285637e-01,-2.735060969683943410e-01,-2.596063955041161275e-01,-2.520933532975878633e-01,-2.545220414876966930e-01,-2.434870504852287287e-01,-2.291320690588270204e-01,-2.719311504177838665e-02,-6.866424852050430350e-02,-9.941956524185793787e-02,-1.195360407641083006e-01,-1.411437223086577375e-01,-1.839675389088882007e-01,-2.080235787269855141e-01,-1.737156806851468116e-01,4.117313743684520438e-02,5.324016955306193344e-02,3.537104010643595670e-02,6.002145695640107720e-02,9.647169453581481979e-02,4.790774901454070145e-02,-2.474085323683461457e-02,-9.364190135103633850e-02,5.335599153353711571e-02,8.006198338862982600e-02,7.465613138019985828e-02,1.083965897741179102e-01,1.255598945263817212e-01,1.190187658558660294e-01,1.244845098040679582e-01,7.181362283598531626e-02,2.012153282494463791e-02,1.488287318441842630e-02,3.272971844145182441e-02,6.123045149144108745e-02,7.904380197745855541e-02,5.248935253111618876e-02,9.269356329932557093e-02,1.576929493536045612e-01,-7.057144569845917419e-03,-2.233481838316470763e-03,3.152430752371505190e-02,5.264728454863203122e-02,6.870544715954951531e-02,4.371298034894142287e-02,7.876456481078311644e-02,1.504528592135893350e-01,-2.572873781936359239e-02,-3.305535638336806661e-03,1.842733965238138941e-02,4.534281355814150094e-02,7.724792332716098886e-02,1.039782450402765152e-01,1.310810028741255240e-01,1.768224369432078447e-01,-2.352713957455682646e-03,1.434880659607277141e-02,2.331053477621982534e-02,5.915659376197042463e-02,1.196438218994850394e-01,1.667286426400520494e-01,1.953545484239173902e-01,2.036222374821852199e-01
-3.113806461839913747e-02,1.226302028831196059e-02,2.346700620148239186e-02,-3.799744570298219798e-02,-1.502805119254163047e-01,-2.042564980152090925e-01,-2.558945966568291763e-01,-2.036027202273786862e-01,-9.491045817824880770e-02,-8.059876909555721558e-02,-2.707819457717922096e-02,-4.413997997193430667e-02,-4.749922746291106168e-02,-3.842378447047586909e-02,-3.925503645199011210e-02,-3.877770085825348739e-02,-5.198845502799345243e-03,-3.722351942355953125e-02,-2.948333607977638576e-02,-8.999665755531597797e-03,3.040557303322014709e-02,1.096437774183784547e-01,1.315314521259831615e-01,9.994895406736459265e-02,1.121275285032652808e-01,4.419209846962367239e-02,1.449238290603891907e-03,-1.947056397446272208e-02,5.854644826498973942e-02,7.500945027220724814e-02,7.911422013492973304e-02,9.855417410899416919e-02,1.421396192895174326e-01,1.233231584963208061e-01,5.857272838539319404e-02,4.269878928427069120e-03,5.757876207050030559e-02,8.034545731355033360e-02,8.639530048513127669e-02,8.605830029700467509e-02,1.161938384185818435e-01,1.208502200636469986e-01,1.235394466387214757e-01,1.169713178419532068e-01,8.249198019989376074e-02,1.404290209447646431e-01,1.810761736027677593e-01,1.514372276176712273e-01,6.238264819664370020e-02,8.928670196602754572e-02,1.056360554998677370e-01,1.414027226781995328e-01,1.747647603104627856e-01,2.285451126387308407e-01,2.853447528673313527e-01,2.668545210664701184e-01,3.794162162244005265e-02,3.801071678604016346e-02,6.898763670396329539e-02,1.128469797762835930e-01,1.833297582513977175e-01,2.237410390506437974e-01,2.553017582687723830e-01,2.601865628158047672e-01
-8.419835444280657222e-02,-8.932949086832105146e-02,-9.651937188634555909e-02,-1.002704316305176313e-01,-1.543613753114985720e-01,-1.964303322049182898e-01,-9.925532771074792315e-02,-1.474946277493068003e-01,-1.724473408185742129e-01,-1.622426156618471393e-01,-7.044587434241847412e-02,4.865731738537442015e-03,1.691033360632537841e-02,1.154866635296750675e-02,-1.822842892828878836e-03,-1.651385386686041179e-02,-2.268139835389166581e-01,-1.910904684052167346e-01,-1.188305371712502917e-01,1.211252424112862569e-03,6.889417140779049986e-02,8.629252276943837063e-02,1.285035374544985232e-01,1.037697187586822112e-01,-2.160867668672181996e-01,-1.331213266213837620e-01,-5.418978357848187183e-02,2.011997123276445653e-03,-2.517855166173365786e-02,-1.992600446568493569e-02,2.859642406981943372e-02,3.039414842112067236e-02,-1.925336243286277504e-01,-8.216497710892700646e-02,-5.247977684573365033e-03,-1.919030674918377477e-02,-1.193455530198850451e-01,-2.200557540668282297e-01,-1.342271800385156921e-01,-7.941955160285045501e-02,-2.069916923368056993e-01,-1.146915722847530045e-01,7.398601813468619337e-02,1.102836978965768683e-01,-4.040916901881753259e-02,-2.293945941621189644e-01,-2.329075928855453836e-01,-1.411031259784382152e-01,-2.611824232129484336e-01,-1.625657318047092348e-01,4.502637369230101660e-03,6.210058432588137778e-02,-6.061371806370621090e-02,-1.881330593808337448e-01,-1.707319200196259490e-01,-8.798656594929903096e-02,-2.234681238777851964e-01,-9.114615444897967989e-02,-1.663784976825093131e-02,1.252772723421150328e-02,-2.562451409572356550e-02,-1.011284349703721469e-01,-1.222370528028293296e-01,-7.665138107734710549e-02
4.774175309714415866e-02,1.426819721106346028e-01,2.102320692928325019e-01,2.048436123443984624e-01,1.360262047258162799e-01,9.842963431228947402e-02,2.691057034664604344e-02,-2.625594722463232486e-02,1.127219797037645049e-01,1.369519284707959028e-01,1.354029728461317861e-01,9.743196688404441932e-03,-1.441448785033802582e-01,-1.301129654991326767e-01,-1.269155895942600254e-01,-7.858392697910078495e-02,1.898474347233422288e-01,1.089175957986304039e-01,-3.756752502122853634e-03,-1.108820811618242558e-01,-4.296732200533716350e-02,7.564752819142932239e-02,1.789543180630965014e-01,2.136477636299571048e-01,1.503386357271594420e-01,1.174633614321382302e-01,8.676014872767835728e-02,1.070615090768395894e-01,1.745306487257020644e-01,2.146095243248562490e-01,2.190616564187586879e-01,1.337288935541633694e-01,-1.545658994599021785e-01,-1.102436408392677980e-01,4.816723916048260869e-03,1.358735641935861042e-02,5.135034061305027847e-02,6.592167163538505126e-02,8.170951228437533728e-03,-3.654338753414446139e-02,-1.330194970521696163e-01,2.571458978154767330e-02,8.236098408074675470e-02,7.142183658708692318e-02,1.518929690709260871e-01,1.433994371946504809e-01,4.167683022444751417e-02,-9.666765165099477919e-02,1.333166929199238737e-01,1.932513726636027329e-01,1.303831529285362223e-01,1.325625295146448113e-01,2.107159522745785663e-01,2.220353784231506311e-01,1.136188250468205263e-01,-4.976847646542416348e-02,8.250792047195294743e-02,1.047330645561523887e-01,8.425411362979645657e-02,5.645309199361634583e-02,9.421484350683310971e-02,1.711220602251055656e-01,1.113102745112649755e-01,-3.876957997654854882e-02
-1.051331234030757622e-01,-1.012929093874452707e-01,-7.801384367258326624e-02,-1.043436780864459151e-01,-1.153196767797672745e-01,-1.390089354920862053e-01,-1.871554229155645843e-01,-2.072257435112175028e-01,-2.119152188059507114e-01,-2.210561169833525907e-01,-1.585274614039049734e-01,-9.082088145764698195e-02,-5.578232681558584205e-02,-8.824264866845765720e-02,-1.375934409489711074e-01,-1.660217023079736953e-01,-2.379668739571745295e-01,-2.748875989429603317e-01,-1.266236021758296304e-01,3.087023856654541945e-03,-9.177441807854722078e-03,-4.394670407096498699e-02,-8.606812069125467646e-02,-1.394767853020498494e-01,-1.857512529643095545e-01,-1.784788462708715995e-01,1.508749112598692377e-02,5.547725429524973800e-02,-4.373046421899246666e-02,-8.179869454840248133e-02,-1.119682515400975131e-01,-1.532296274106438594e-01,-1.703682384395653338e-01,-9.253584878787127210e-02,5.073833423845641039e-02,2.080100764031681676e-02,-9.694257183793436594e-02,-1.286933965469054808e-01,-1.413738708358261709e-01,-1.627858444804214100e-01,-1.538351736577358853e-01,-1.140854144638442508e-01,-6.457407266176082988e-03,1.789431782238518759e-02,-8.722647676193921729e-02,-1.348849655475602427e-01,-1.179273815246017487e-01,-1.179832729423681142e-01,-1.746836018826170289e-01,-1.588246431117142088e-01,-9.008245734629380386e-02,-1.025164246772903090e-02,-6.163641532002410439e-02,-8.402466404905038766e-02,-6.987861420394907153e-02,-5.118191440192458586e-02,-1.762729234267307599e-01,-1.770081671461544714e-01,-9.860931778937402636e-02,-3.310116334239051467e-02,-5.220904416406924042e-02,-6.375897956806418632e-02,-6.945784581694605664e-02,-6.562391146660517816e-02
-1.255053247189416299e-01,-5.857961756131224024e-02,2.165421320247111481e-02,1.111221074128986713e-01,1.364238968858976220e-01,1.401720519518466768e-01,1.577495763346384305e-01,1.511164801513960321e-01,-1.155345978700377668e-01,2.460286528593486413e-02,5.607726024488898786e-02,1.073705506708076407e-01,6.274485672944932202e-02,1.357176095077767403e-02,-1.826888490200033813e-02,3.557500374972177165e-02,-5.330010105520874633e-03,1.198447915408153153e-01,1.111231767175887425e-01,1.159860655522778061e-01,7.401370883985236571e-02,7.525393411363804144e-03,5.850367452577123761e-02,1.186957374434553375e-01,3.855317848668185499e-02,1.084220481009203346e-01,1.241805634083247428e-01,4.939932010295959575e-02,-3.307432903182613154e-02,-4.046341708155943434e-02,7.615773473668159543e-02,1.902937036820551153e-01,-3.536670662484993084e-03,3.117325944104601745e-02,1.732308541588771858e-02,-3.053826574607822544e-02,-1.234498663713727018e-01,-1.879199489852365068e-01,-9.324434573506615309e-02,3.909909482485116744e-02,-1.536773796167268391e-01,-1.782824767887718487e-01,-1.955393883014455436e-01,-2.043501041219183134e-01,-2.115655674501112915e-01,-2.824088624359237243e-01,-3.115887386654260238e-01,-2.074309029446028407e-01,6.322664185493591599e-04,-2.925675909439952316e-02,-4.049365546933627463e-02,-6.682130350249058937e-02,-1.046368828869529422e-01,-1.859671492099606860e-01,-2.548384872227115183e-01,-2.107078467256271181e-01,6.964099440328246071e-02,-1.955173157542624066e-03,-9.544813768733662052e-02,-1.356387259208151619e-01,-9.299380610499513589e-02,-1.195779161833799425e-01,-1.340068521039025629e-01,-1.023098628686761602e-01
-1.180701968009714303e-01,-6.324002292564175065e-02,3.246566019507898110e-02,9.444051520589137605e-02,8.089963994835851213e-02,4.792343191627735505e-02,4.298705500110439059e-02,-3.751125761675767716e-03,2.326781126497320246e-02,1.318016661131072298e-01,1.896408269918651301e-01,1.729256057123545187e-01,8.630408007396185577e-02,7.222208252534664807e-02,8.326311857729656873e-02,8.425724542992799049e-02,3.992568123311501099e-02,1.265208876175770991e-01,1.703403477205571170e-01,1.719977710505555257e-01,1.281098086075563580e-01,1.771835831929234883e-01,1.570700366222995137e-01,1.406765470145525387e-01,-7.668978067520480779e-02,-7.834795837872830446e-03,7.575451512323538861e-02,1.183830925955018376e-01,1.310430297933544985e-01,1.838005392623822953e-01,1.887752143304284036e-01,1.423271670457759430e-01,-4.226457822181461238e-02,9.111886112461189957e-02,2.018131089484630492e-01,1.922062578980227587e-01,1.532181633770037799e-01,1.243516154035422261e-01,7.926210766706780209e-02,1.825476782832409842e-02,-4.694615103721371668e-02,9.230415471751627840e-03,8.173969857471689859e-02,8.498461087125500080e-03,-1.016566685449741408e-01,-1.586944752780503065e-01,-2.291330175259360669e-01,-2.289226503239380761e-01,-1.093605891326002028e-01,-9.853471688075725321e-02,-2.620567764014210960e-02,-4.207710847590098030e-02,-1.310070242838738408e-01,-1.118811582573340374e-01,-8.519741332192208583e-02,-5.730055353870878304e-02,1.976297443527905429e-01,2.315627944425873164e-01,2.303430576557276288e-01,1.755282244669135738e-01,8.496987247506269936e-02,5.776329886097556626e-02,8.312347985922202698e-02,9.354454487191103673e-02
9.993570029189446924e-02,1.093782541595538782e-01,1.138488119196300746e-01,1.639749460601042652e-01,2.070592990989153226e-01,1.974942964612455831e-01,1.547931799232777628e-01,5.855863973084223656e-02,1.254149962947501695e-01,1.493785144520841934e-01,1.424175958523893337e-01,1.884099695843485245e-01,2.089903855010802336e-01,2.192210602035247480e-01,1.091887015966569452e-01,6.504209004360532453e-02,8.229460196180643505e-02,1.007011667177712816e-01,1.284382350438565412e-01,1.450008001537272939e-01,1.642782330403200763e-01,1.230743820779026387e-01,1.021020042065595573e-01,8.795087341286371430e-02,4.607846206275197087e-02,1.151899343892370808e-01,1.337737143903462433e-01,1.523913992346966062e-01,9.430984160448259435e-02,9.438930304866799403e-02,1.396422396898961971e-01,1.381478393001066007e-01,5.831231955118644505e-02,1.049765013144257908e-01,1.399223640184929229e-01,1.260728205177917005e-01,6.872672683067974908e-02,8.558271055694102736e-02,1.184060162379942660e-01,8.769899123736792090e-02,4.875949442276413665e-02,6.605990058373274743e-02,1.077100425847908743e-01,1.321609049393538682e-01,1.506822779899734677e-01,1.219041958883677612e-01,1.148317677132607434e-01,1.244802916419441297e-01,5.316174650588996464e-02,3.888560177795310352e-02,8.502078752260865124e-02,1.219356803006796525e-01,1.398810236280842445e-01,1.593770155078747808e-01,1.271305727978400690e-01,1.399867169796097099e-01,4.093529906384332090e-02,6.735715306073390696e-02,9.568196057840532009e-02,1.299982196838805337e-01,1.264472957685885690e-01,1.398144541391842799e-01,1.327255317641733157e-01,1.459521738610611574e-01
-1.172288032831828725e-01,-8.568573632248428773e-02,-3.219357649781750402e-02,-1.899428038318985365e-02,-3.693229001226004671e-02,-5.198496330375656366e-02,-1.302929211968726839e-02,1.168554988451281917e-01,-9.644455241686633595e-02,-9.478954606480885503e-02,-3.822989812434630236e-02,-4.274763155694694117e-03,-5.128554484278618521e-03,-1.695732239426170351e-02,2.710344788590512283e-02,1.784680517653233489e-01,-1.138007118737731499e-01,-1.078289635704951094e-01,-6.613468003968331344e-02,-5.743341078523607479e-02,-3.966269744149372029e-02,-1.485522286772484289e-02,1.228853784611023681e-01,1.979757886906182429e-01,-1.355103187638270201e-01,-1.298578295462115562e-01,-1.149678144596684853e-01,-1.201413037435985764e-01,-1.199265221143729632e-01,2.732479516216442667e-02,2.096422258186183829e-01,1.842373211795078347e-01,-1.102653179950288803e-01,-1.106709574906931115e-01,-1.299171040706094682e-01,-1.734079239306321740e-01,-1.435532573338842433e-01,1.056736056642749721e-01,2.095465454750137235e-01,1.000680498549120362e-01,-8.803156432918099461e-02,-1.155087239622536455e-01,-1.611780766582452118e-01,-1.970217334565722844e-01,-7.957704473202605044e-02,1.081256827268128190e-01,9.626348456294828160e-02,-2.530790206832239306e-02,-1.051399980585487476e-01,-1.632288236093831779e-01,-2.074217273290525632e-01,-1.772970435523493204e-01,-2.377603392990136968e-02,7.982840107847602104e-03,-1.029041541129976645e-01,-1.907111245227934293e-01,-1.327551183186013450e-01,-1.791067544747939611e-01,-1.941243456124938371e-01,-1.079822864070831279e-01,-2.828736426851542491e-03,-7.404551476483556272e-02,-2.168903096229140293e-01,-2.837702151603632705e-01
-4.939694123447190000e-02,-3.356783513976743100e-02,-3.323176089770736585e-02,-8.017904103855715003e-03,1.304372772212382056e-02,3.516139172306669003e-02,6.175072779501340758e-02,7.211560390100558993e-02,-7.990161796330950972e-02,-6.274304935114023707e-02,-6.443200371726616471e-02,-4.033312093376661273e-02,1.427986277674663483e-02,3.938474830199541893e-02,7.155034673262068712e-02,9.098664116358883003e-02,-1.219655322436000444e-01,-9.377604301202920045e-02,-8.114952109571295369e-02,-6.628554396307238805e-02,-1.661899710885782894e-02,3.878281851480458453e-02,7.171078959564383681e-02,7.443706800107795230e-02,-1.573980503714572099e-01,-1.372633503528541410e-01,-1.035427491826476781e-01,-8.861643806088378983e-02,-8.036277795844583294e-02,-3.779635753769700068e-02,1.878315084206187355e-02,3.981534634790039745e-02,-1.686952143275594340e-01,-1.643245552075509319e-01,-1.420380822658264264e-01,-1.250068571996900690e-01,-1.325238516038024228e-01,-1.313655258848916985e-01,-9.362267876780430709e-02,-4.693883159752382239e-02,-1.734200448965633745e-01,-1.639751897835627636e-01,-1.593727799020384917e-01,-1.576520965450605438e-01,-1.583459636231219492e-01,-1.673318604670006871e-01,-1.664133929342217488e-01,-1.404701474864610833e-01,-1.735409142125574622e-01,-1.660542745675897547e-01,-1.644930206626293578e-01,-1.681730615337796997e-01,-1.707388167839267445e-01,-1.709043611230028903e-01,-1.869387161469902581e-01,-1.838592605231352262e-01,-1.636155872931203126e-01,-1.641234980401963806e-01,-1.709987422510489963e-01,-1.759754395439347419e-01,-1.772671857864877853e-01,-1.788944523222607830e-01,-1.869340081659081609e-01,-1.930645582735635302e-01
-1.987921165654946056e-03,-3.831050906507674388e-03,-8.390717580495924560e-03,-2.076347233775222706e-02,-4.274663892029453155e-02,-6.744342541036665861e-02,-9.392250913216629304e-02,-9.879030991376686055e-02,6.621552181156188654e-02,7.462245486283031193e-02,7.145098794280620169e-02,5.464488635891669166e-02,3.652094484151093001e-02,6.277131210126011239e-03,-4.706268640872791897e-02,-8.155767377616542080e-02,1.175113324646260976e-01,1.131842918296070977e-01,9.950218389653466000e-02,9.357253645143719101e-02,1.017307218365551408e-01,1.111461405052010798e-01,6.886271293151774442e-02,1.204535259401199980e-02,1.018786956157467227e-01,8.921237402798015692e-02,8.124515448224305103e-02,1.040440749314465868e-01,1.517684637346743137e-01,1.806805441769655796e-01,1.610278344380751681e-01,1.173415460387853410e-01,8.927046096836606381e-02,7.957844117712700727e-02,8.462945017085715671e-02,1.168043246257552681e-01,1.703731962215904172e-01,2.058917863110369673e-01,2.042995651193266204e-01,1.781650777380400230e-01,1.045497544894390951e-01,1.021532574238601804e-01,1.033565976299234968e-01,1.268277673557925145e-01,1.598927941254514318e-01,1.917087898581526506e-01,1.919493340519813351e-01,1.714814865799877408e-01,1.215142785101386985e-01,1.241353395602067811e-01,1.277004775491130673e-01,1.438094279677271103e-01,1.723061438567381476e-01,1.859465370949778540e-01,1.816856957245043813e-01,1.646245450096955887e-01,1.208788904002277703e-01,1.280012251651012622e-01,1.376358559760925970e-01,1.545757884284064965e-01,1.732859166425420872e-01,1.828703808915718154e-01,1.788460652495535985e-01,1.571388706146216174e-01
-1.658002509767369514e-01,-1.805918984225637347e-01,-1.902750801182851725e-01,-1.996680950373125596e-01,-2.096778386113744841e-01,-2.130511567332248613e-01,-1.964411300813287964e-01,-1.780242458093493074e-01,-1.693855572337824023e-01,-1.734137381921874721e-01,-1.823123175668172613e-01,-1.901432815072856553e-01,-1.942603697496404214e-01,-1.869595139335731293e-01,-1.654636640312491802e-01,-1.407378040052666979e-01,-1.707848314663325817e-01,-1.668843165359187863e-01,-1.734738738018975490e-01,-1.828922322786745158e-01,-1.731029495873141200e-01,-1.510897184933246984e-01,-1.057316033490190987e-01,-6.652388097859962546e-02,-1.600618842216582072e-01,-1.561689896637225572e-01,-1.625164789940719001e-01,-1.597017230482591088e-01,-1.385753102279439208e-01,-8.394823621418975867e-02,-1.226027229181234600e-02,2.605961281650292713e-02,-1.407493605111784785e-01,-1.323002023486362921e-01,-1.110741493556049592e-01,-8.193589925261697549e-02,-4.407466079751806709e-02,1.198040717192755053e-02,5.624291203477314871e-02,6.095806750343576996e-02,-1.124956139166666813e-01,-8.961281336596632618e-02,-3.685521713214527650e-02,1.598044989497919219e-02,5.871450308428206172e-02,7.026492892635700926e-02,6.146670795384256286e-02,5.663097958084029743e-02,-4.717037209073047382e-02,-1.317810140422906277e-02,3.223633895398009264e-02,5.980421124111437448e-02,6.034924502324432588e-02,4.820036459118792055e-02,4.564874341035490141e-02,5.500707693130395259e-02,6.758334802243620883e-03,3.415906196731381683e-02,5.356976085454084879e-02,5.645523622684054527e-02,4.833904257661340159e-02,3.734268272217274726e-02,4.656262452610784863e-02,6.273392055362241038e-02
1.226195055418405067e-01,1.304872714787158050e-01,1.348882958583765834e-01,1.384685841181662325e-01,1.430646540319682192e-01,1.518233660676550634e-01,1.642023073754451390e-01,1.718016457753785142e-01,1.394898135089905622e-01,1.547136476650453341e-01,1.623261032446396690e-01,1.617627753101452404e-01,1.557107194831001129e-01,1.569154290462248247e-01,1.655686342567104230e-01,1.694096889897837854e-01,1.442010622360392624e-01,1.636652013969961128e-01,1.816680607832171224e-01,1.864996852351670786e-01,1.754919347106529692e-01,1.677453251824354563e-01,1.677137004262269360e-01,1.639285217249134285e-01,1.155429727156939423e-01,1.376885646223074411e-01,1.663994536134131841e-01,1.854647055738593842e-01,1.807010835785207992e-01,1.644435079507997888e-01,1.525567937903796467e-01,1.466058908858198506e-01,5.487447321539681150e-02,7.681533047766614386e-02,1.084378212363167199e-01,1.277427878950656015e-01,1.278750562258300916e-01,1.122371009008124726e-01,9.690612110133560442e-02,9.451377217323660151e-02,-3.072356687643170575e-02,-1.019583278214795941e-02,1.328849501167257696e-02,2.284862422463435766e-02,2.779873838267651193e-02,3.224402671660109299e-02,2.938897968865957985e-02,2.893380237689903087e-02,-1.068871626322769469e-01,-9.775809347594781318e-02,-7.270115992631490109e-02,-6.105904241306567976e-02,-5.134906537863202086e-02,-4.005584525668706014e-02,-3.358474840198302780e-02,-2.464989873139051754e-02,-1.224859016425341313e-01,-1.202607569387735692e-01,-1.079862554776244432e-01,-9.871852700626905508e-02,-9.062465477043352147e-02,-8.355313071644286660e-02,-7.713980443432817691e-02,-6.335683772633406152e-02
1.344943138223623491e-01,1.377237694085165463e-02,-1.032290408011821703e-01,-1.532436555136071632e-01,-1.150520866272397996e-01,-1.713169769857871005e-02,1.069194522326269714e-01,1.533743056728725795e-01,3.723655432651661740e-02,-7.570414709826542299e-02,-1.541768476723202053e-01,-1.583341909925136681e-01,-8.783008228030193820e-02,6.346217132004416950e-02,2.029070239340910464e-01,2.148899268973855914e-01,-5.755588626834556160e-02,-1.359372166634950085e-01,-1.639455130077854816e-01,-1.508836086770599938e-01,-7.538147882483411943e-02,9.669478197089136084e-02,2.135928278223951648e-01,2.276467180985568273e-01,-1.285802022814577505e-01,-1.811551165624055160e-01,-1.820322229792161184e-01,-1.811043155201804422e-01,-8.188440994487286573e-02,6.034325505590581312e-02,1.075420791942346965e-01,1.226737971046896886e-01,-1.776293344982651512e-01,-1.950433535231335114e-01,-1.979724549718355764e-01,-1.362040275263828037e-01,2.107937747207250332e-03,2.003534664395152307e-02,3.812748745045603516e-02,7.733791630280754080e-03,-1.696171739947884560e-01,-1.669945652088681842e-01,-1.484158880027316996e-01,-5.486643294585736262e-03,8.959780052870237876e-02,1.773201906891270704e-02,-1.348384706759063120e-02,-6.624787911072428648e-02,-1.654298065305515042e-01,-1.407792247085423720e-01,-6.978134577225300617e-02,8.169348451654599719e-02,9.150337755147579244e-02,1.327736848294085691e-02,-7.212731069608782630e-02,-1.389550763070655226e-01,-1.487441693599936277e-01,-8.829824585636328327e-02,2.806973240083754720e-02,1.146942990995533929e-01,8.271455445920408711e-02,-2.010514007436239176e-02,-1.194692681951437796e-01,-1.727197945435626214e-01
-2.672792414337667264e-03,5.397519652080573493e-02,-6.797709653175090794e-02,-1.983697718691012912e-01,-1.732211584738034549e-01,-8.885378667153012722e-02,-5.868088885049695114e-02,-4.176380700802800189e-02,-6.514918623603629944e-02,6.270047852976948222e-02,5.115967113407058481e-02,-1.318211777907375704e-01,-2.097430243024646090e-01,-9.375375471348078305e-02,-3.861943834378727541e-02,-4.693388132010649361e-02,-1.351222518269456219e-01,-2.681371166478168158e-03,9.994830321248701632e-02,4.111424287145492955e-03,-1.592239789630074398e-01,-1.254687277397730505e-01,-2.991978304771724870e-02,-1.990567716623996633e-02,-1.600620470039836318e-01,-9.255593727521406466e-02,4.347695482864868954e-02,8.562516363120167839e-02,-1.866490943585142129e-02,-1.104568626630867828e-01,-6.374609453069825238e-02,8.308358401339428767e-03,-1.686130004280068651e-01,-1.651898035903651418e-01,-1.050047497037788352e-01,2.457546328975277611e-02,9.681646664547308156e-02,2.976466567993714049e-02,-6.082627470889335336e-02,-4.683274834987817548e-02,-1.734523262375112507e-01,-1.848559461976465035e-01,-2.059803540436954128e-01,-1.285117327643845453e-01,6.060918754161972316e-02,1.629752131101467050e-01,8.006895765625528238e-02,-4.730713821957961696e-02,-1.922018110245760913e-01,-1.952129480763419300e-01,-2.274195525002354334e-01,-2.036169500167373803e-01,-9.085262908167994478e-02,8.141894447394683321e-02,1.707172913893462707e-01,7.103996790468246336e-02,-1.859258245956106892e-01,-2.074208525660249658e-01,-1.998470624443801358e-01,-1.919320123665077815e-01,-1.841070033943532913e-01,-1.150945305203501107e-01,6.737491835117080663e-02,1.602742308021963547e-01
1.700544532403564513e-01,1.072830676603781508e-01,-1.006976468546443293e-01,-2.550060280538705149e-01,-2.559533868113798571e-01,-2.038925976807687834e-01,-1.964894994137951212e-01,-2.052064737718324872e-01,1.411273382652923625e-01,1.284469076722017100e-01,6.406696408591020311e-03,-1.523642580332225938e-01,-1.816257686064780830e-01,-1.536917787345949693e-01,-1.404212031489385504e-01,-1.545393793492365053e-01,7.953556236469001839e-02,9.744091758457043562e-02,1.086691195840643609e-01,8.182260509596643583e-02,5.927039970179855122e-02,-9.908714451619753637e-04,-5.637891436773455334e-02,-9.361102294792245093e-02,9.240149629625314665e-02,1.180278960870327215e-01,1.587535269219148837e-01,1.756217423585229587e-01,1.872020494683684921e-01,1.574665542560572395e-01,6.772211397241396924e-02,-2.359917054748679813e-02,1.272962789565376396e-01,1.274878533939675374e-01,1.273231058183282027e-01,1.591902814667438826e-01,1.704507033543261330e-01,1.722922423575696527e-01,1.337138190507942692e-01,7.173779753158809891e-02,8.949151308859813747e-02,9.882411657256982840e-02,1.133135171005899694e-01,1.234001757709602409e-01,1.165857858794546176e-01,1.290712524648216508e-01,1.103409795099164620e-01,9.002083216060810522e-02,7.654269584929027093e-02,6.010977050374163161e-02,9.701868260813016620e-02,1.062642132891233188e-01,8.468045796451427465e-02,8.174496487616683682e-02,4.998845173045042556e-02,2.801991823676558066e-02,1.039016989834350146e-01,8.631238459125092910e-02,8.914783274336245122e-02,8.616540377587475485e-02,7.552040261777172303e-02,6.552299606245974573e-02,1.787154773294089699e-02,-6.981970731289593654e-03
9.245502258173662891e-02,1.869653235736955244e-01,2.679948608677122923e-01,1.213230034672208718e-01,-1.871660056088481350e-01,-2.748584036323538649e-01,1.287761758451067828e-01,4.746718492204827222e-01,6.523313494365262644e-02,7.106178081864931995e-02,1.475433408996816020e-01,2.293059289848902726e-01,1.603977483260293768e-01,-1.339225335121681237e-01,-1.180006441376427045e-01,1.407819275498394529e-01,5.893140706517359384e-02,4.687592550303298911e-02,5.048824841264019231e-02,8.651796445091677890e-02,2.404485816887374505e-01,2.677247733074177294e-01,-2.234275824882349729e-02,-1.463277954211645304e-01,5.363084752684593032e-02,-2.513151004297194818e-02,-3.035145898934788269e-02,3.355558433279868386e-03,1.169973928573592586e-01,2.179476671015309341e-01,1.304852621088145592e-01,-5.140477743911779640e-02,5.253247405918418100e-02,-8.664591803966111699e-03,-6.916284868783839634e-02,-4.973414977501865175e-02,5.758966876753527503e-02,9.692202599688073961e-02,7.539059118491818479e-02,6.963286511761583586e-02,8.676624316455991415e-02,1.847283400817602977e-02,-4.800972780973927767e-02,-7.040929242479544714e-02,-5.517718382518398135e-02,1.464519680772797226e-02,6.351192998396547329e-02,2.733555062892455839e-02,6.297823890435125249e-02,5.317958813899238690e-02,-1.863929945415111441e-04,-3.449570042579073320e-02,-6.934877277479885305e-02,-4.017472470354772895e-02,7.190493408713498347e-02,6.290579939340872062e-02,3.249329230769560511e-02,2.157571250067882515e-02,7.144578243076411816e-03,-1.989429701792124611e-02,-6.106555412830712987e-02,-5.521629833615341459e-02,6.101384436621604818e-02,1.072468420668237221e-01
8.763195636184421822e-02,7.397533815557984227e-02,1.286003737694798310e-01,-1.128534159021945182e-03,1.278519391306933428e-01,3.096249544823044819e-01,-8.004250855082951921e-02,6.734974402871908572e-02,1.248455996474234775e-01,1.220010280120027713e-01,1.842769332245899616e-01,-9.265234632095865897e-03,6.241335817925246221e-02,2.558733577669476955e-01,-9.128749015639790743e-02,1.539162928506272454e-01,9.566550899325583501e-02,1.148169277486921214e-01,2.020843186512443768e-01,5.001256897825634429e-02,7.230274347570056492e-02,2.152213470403961659e-01,-1.441604824979619281e-01,1.867686593247801230e-01,1.008018090948507445e-01,6.155699440644790688e-02,1.579451706987389514e-01,6.208071600116803895e-02,1.403079840306633574e-01,2.042180959996593992e-01,-1.950975828423671121e-01,1.691709764855978959e-01,1.175693346937881079e-01,6.125009348955520738e-02,1.494218853137506964e-01,4.083736322967222721e-02,1.118525858506475013e-01,1.897412096439773654e-01,-1.520057142347620016e-01,1.749341604949248563e-01,1.308695330435184490e-01,7.287752434862022899e-02,1.721480867336846188e-01,4.723051011039553632e-02,4.567359662241628898e-02,9.875354866656771424e-02,-1.121644887767058035e-01,1.410695934152327857e-01,1.158902604363880595e-01,4.124072395312937400e-02,1.422077183382630117e-01,4.093559769309459279e-02,3.563687084381793324e-02,4.791319762837167179e-02,-1.011571813093141980e-01,5.336956663421371649e-02,9.879724329074729416e-02,1.879762498965254977e-02,1.031585072210648851e-01,5.940219711551270043e-02,5.764794917545326691e-02,4.453808154495792100e-03,-1.100441267437739790e-01,-4.134955543850676873e-02
-1.192770934521959897e-01,-1.093166056462724356e-01,-7.511543417581019455e-02,-7.088393798906325594e-02,-9.062259694760352313e-02,-8.130600171629834283e-02,-1.376496481372842806e-01,-1.513216811791956440e-01,-1.329372211480567001e-01,-1.309801254744765164e-01,-8.864654574529730324e-02,-1.087458750873813579e-01,-9.462769633508320843e-02,-8.245434007454034708e-02,-1.120456343568099200e-01,-1.655518796521491254e-01,-1.300843248313709455e-01,-1.165240291528004540e-01,-1.090154816360045104e-01,-1.250403645305133427e-01,-8.789356794121674921e-02,-3.877027971427218084e-02,-1.268106596082277659e-01,-1.845658342814282538e-01,-1.433391031058286191e-01,-1.593700814029695434e-01,-1.418016075075485272e-01,-1.303328590575781321e-01,-8.510826191739391533e-02,-6.407472756848266171e-02,-1.306327357145307955e-01,-2.062632079571102561e-01,-1.549436567122587094e-01,-1.787753552015095004e-01,-1.617657437796536646e-01,-1.489814487367932538e-01,-1.112361785207988257e-01,-5.627433914584203944e-02,-9.195019178650033764e-02,-1.556278618962196325e-01,-1.356508575849325882e-01,-1.737009968921527370e-01,-1.660967161110893098e-01,-1.600459786773051618e-01,-1.339454585571304146e-01,-5.573766864716474950e-02,-2.940425545670615620e-02,-1.165502393330681286e-01,-1.241971891748662044e-01,-1.517944868079669773e-01,-1.672560177410016558e-01,-1.525149976427987442e-01,-1.177184385084348722e-01,-6.118303792312050626e-02,-3.726856108511701626e-02,-9.523647568299975497e-02,-1.283167292370576695e-01,-1.561925149728837781e-01,-1.389029727748517518e-01,-1.430537287750975328e-01,-1.312140305074716295e-01,-5.824935060419717675e-02,-6.640139868860708838e-02,-1.079315644696698662e-01
-2.262925439925803917e-01,-1.819708874514772423e-01,-1.281463706873355035e-01,-1.143417716623237601e-01,-1.308178669811438932e-01,-1.309180211148569528e-01,-1.241519715466929130e-01,-1.317471857439564131e-01,-2.190288737993939527e-01,-1.887771578309229703e-01,-1.411825292408656340e-01,-1.436986843135884540e-01,-1.616944683297253660e-01,-1.519510773337895415e-01,-1.554203424690197843e-01,-1.508815340155828522e-01,-1.905592447538239642e-01,-1.820104569715996490e-01,-1.584034695825760619e-01,-1.610544916091436185e-01,-1.715052735401722261e-01,-1.816588217556558138e-01,-1.894096139343234286e-01,-1.864481680594048396e-01,-1.195074338288144578e-01,-7.909435868679887127e-02,-5.943964916890820405e-02,-7.823242186717090096e-02,-1.418939278121585656e-01,-1.634307491052989780e-01,-1.805816665112099095e-01,-1.945437850478446973e-01,5.628958268174445202e-03,5.737227439412746766e-02,9.773584049951404562e-02,8.058471058208994953e-02,-1.745718121996970521e-03,-7.505621811854616687e-02,-1.038132044783891678e-01,-1.341187324820177496e-01,5.713064433940297920e-02,1.072464729668068939e-01,1.450183729587738723e-01,1.696023449271294448e-01,1.413032214074887716e-01,7.351349372167333140e-02,1.742691670977451410e-02,-2.397313777667752985e-02,5.032479689059824249e-03,4.111717172823804722e-02,7.325679014773849029e-02,1.076907541499788623e-01,8.665119541827485949e-02,4.655444323400002166e-02,4.159609197622521348e-02,3.157233344197925978e-02,-9.088880446962006865e-02,-7.206635571726746625e-02,-3.537522209689301228e-02,-1.335285039836469267e-03,-2.740933956534718705e-02,-4.839854529410551887e-02,-4.941913532067542664e-02,-4.346016937236958644e-02
-1.948373192782324251e-02,-5.741185070349374975e-02,-9.756036018568926826e-02,-1.417827570091576284e-01,-1.294234531221592210e-01,-7.449048431333796239e-02,-3.162651929828823316e-02,2.883864687454956981e-03,6.444777027627514310e-02,5.130644290975188565e-02,2.901942642629568719e-02,-2.063416113713992597e-02,-9.514221246998491588e-02,-1.447061626364642695e-01,-1.359753782220483875e-01,-7.547222784740408030e-02,-1.273470853662933833e-01,-8.757772094385821160e-02,-4.941295055328225744e-02,-4.593406370868143018e-03,4.649937976628919917e-03,-4.443934523741042975e-02,-6.427257010751653843e-02,-3.119763652348748681e-02,-1.937788102840367621e-01,-2.128904981631885573e-01,-2.213969300436159360e-01,-2.181839227456109642e-01,-1.778244276248868716e-01,-1.271954199074181169e-01,-8.124108215837831659e-02,-5.592447909169226405e-02,6.164988759086819509e-02,3.670856907335903752e-02,-1.829109527120473602e-02,-9.465206911321652483e-02,-1.804259835031448156e-01,-2.302946221082156353e-01,-2.500011307170662556e-01,-2.176836103432468472e-01,9.800466006411159836e-02,1.046584244264691932e-01,7.263175235383552419e-02,6.864610174117574681e-02,3.048740436809936269e-02,-8.068539079834922967e-02,-1.464859504320574490e-01,-1.714532020282454328e-01,-9.161785138939682049e-02,-8.143486209311361079e-02,-7.864698035901587780e-02,-5.475411201823795343e-02,1.161911843211201403e-02,1.017758319728220839e-02,-4.145791062463830695e-02,-8.583891728908746299e-02,-2.797695977164991743e-01,-2.525776370862880538e-01,-2.152552125422784457e-01,-1.950796428971642849e-01,-1.577349524528985636e-01,-1.047742802263008782e-01,-8.925912130996195570e-02,-9.010302594702879198e-02
9.388972984578282388e-02,8.781901668395637739e-02,7.459017206603925365e-02,4.857736174970887083e-02,4.318900226068392995e-02,6.106462420354999421e-02,8.973204125213021798e-02,1.276283707780934418e-01,1.228330876370276464e-01,1.105798797387544247e-01,8.020923724136853894e-02,5.167961748959533363e-02,5.414091870936873357e-02,8.241777438483173512e-02,1.016715312631298329e-01,1.198099717050546270e-01,1.645761430190555152e-01,1.421915378730711499e-01,1.012401575634192252e-01,8.371362276867916341e-02,1.018005197018613112e-01,1.416323469457499984e-01,1.153511982867431590e-01,6.471903649717915263e-02,1.486608319857672944e-01,1.256570554634585113e-01,8.536565028897155627e-02,8.673857301626901328e-02,1.177347201824627265e-01,1.432233829276084169e-01,9.930199752400814539e-02,1.267372141667736686e-02,3.142487680003282213e-02,-2.202111756259318709e-03,-2.673213242909495968e-02,-1.491960097782598152e-02,3.541744555491459917e-02,2.683665007788583676e-02,-2.863626431932997027e-02,-1.052094070030384076e-01,-1.654516199670736099e-01,-1.830377956605339085e-01,-1.616317993984623669e-01,-1.271049063006177704e-01,-1.081463768848573564e-01,-1.139636874867212130e-01,-1.595350729842133219e-01,-2.391073135614755207e-01,-2.057686383787342144e-01,-1.952343311024418715e-01,-1.534546057632750760e-01,-1.229258065398970007e-01,-1.289496204260761336e-01,-1.447552530354153655e-01,-2.006749338242538039e-01,-2.678949693323040004e-01,-1.814360539390897087e-01,-1.505000861473753948e-01,-9.913501709162082787e-02,-8.957384797495664130e-02,-9.740812402687261395e-02,-1.046276318565794311e-01,-1.555305949218249995e-01,-2.283924767745084405e-01
-1.709645467932790694e-04,4.587311117072748884e-02,1.294895295737154284e-01,2.124571561416150611e-01,2.731987550147551014e-01,3.117276761703255406e-01,3.089151244346723391e-01,2.534848821255598073e-01,7.207088940296187130e-02,1.352809064014468821e-01,1.825818361718974381e-01,2.117956778122029871e-01,1.779703370748214053e-01,7.531198661692921348e-02,-3.281578401829383235e-02,-6.212686186065204813e-02,1.199338306399064663e-01,1.261410397386674154e-01,7.247784843129989607e-02,-4.050366755995438162e-02,-1.521920625455410181e-01,-2.085144274053561397e-01,-2.306560314611096063e-01,-1.951972589058160457e-01,1.666675380308164367e-01,1.322573780353866191e-01,3.777897797689973303e-02,-4.530441591061466766e-02,-5.721723506424110373e-02,-2.007049943983491014e-02,9.225821321363340821e-03,6.130321364365993314e-02,7.304648483406635424e-03,3.485880750886931334e-02,4.424827079062069318e-02,5.207651259075116168e-02,6.404621182294648052e-02,2.513260997610300765e-02,1.173513202085521741e-02,5.430915352886936387e-02,-4.559240417178542920e-02,7.986285292333869523e-02,1.382059094524159260e-01,1.086490028192174384e-01,7.823590445883725486e-02,2.416453589273215297e-02,-6.837496133855577212e-04,-1.178388437588695839e-02,7.810126090427688128e-02,1.393570613231232269e-01,1.350616560915556541e-01,5.012935094592969182e-02,-4.274719790096153521e-02,-1.034170774412553895e-01,-1.252923581167063038e-01,-1.458655968430856709e-01,9.394735719979620259e-02,1.096389990803118136e-01,7.324277133164153186e-02,1.710600216517526098e-02,-8.775790593284558960e-03,-4.297551696430838147e-02,-7.944438466331359139e-02,-1.365426585274059634e-01
1.696287611453946853e-01,1.661072521846555239e-01,1.668134214329228815e-01,1.674308957969631584e-01,1.413728232693260423e-01,7.763536447676577801e-02,-2.568838915501428857e-02,-9.238194041922341559e-02,1.915920432139302243e-01,1.894931508305338075e-01,1.775323922461951864e-01,1.850112056366645663e-01,1.652400921609942508e-01,7.848542673013819693e-02,-3.682038731823428918e-02,-9.664257898178975348e-02,2.048363604893025103e-01,1.935086014210903038e-01,1.740931157772980520e-01,1.652641217657342676e-01,1.214072847561888102e-01,2.359439302285715537e-02,-5.514550962103403203e-02,-8.343968319676123291e-02,1.909891514005359336e-01,1.715232141367047380e-01,1.508716216693350709e-01,1.194801071932389547e-01,4.909414187397824481e-02,-4.229189556691137497e-02,-8.404190215180737389e-02,-8.670425043438109713e-02,1.805949765616494396e-01,1.616780832133848655e-01,1.329976756678465377e-01,8.095935535228046542e-02,-1.147589411127548920e-02,-8.272912339811436255e-02,-9.235913606366126516e-02,-7.707777706054085021e-02,1.494949317049143189e-01,1.295123481455703884e-01,9.392595911295099909e-02,1.992569197455244107e-02,-6.363186531231665444e-02,-1.066305113185149200e-01,-9.357838455563792512e-02,-6.445838585611848859e-02,8.732045599443656603e-02,6.166624296993302584e-02,9.095139556686528820e-03,-7.716174023551132521e-02,-1.289849283777435296e-01,-1.441326353426736762e-01,-1.174470821426099043e-01,-8.369510035902356926e-02,3.594013724677810190e-02,-1.352789417498015748e-02,-9.258399516442843147e-02,-1.653323928013921140e-01,-1.817799898860028573e-01,-1.785540212527829129e-01,-1.407159165645511523e-01,-8.431193970169015284e-02
-2.762018400951763222e-02,-4.636932884440731449e-03,9.322554828035758967e-02,1.844864055203690456e-01,1.656309577936560529e-01,1.333972204628166569e-01,9.481303865362254724e-02,-5.693129856749077483e-02,-4.217381330577753273e-02,-9.753827078145628493e-03,1.220781753007756792e-01,1.966449387910182423e-01,1.576173485922531259e-01,1.329420855245473931e-01,6.863840444942680141e-02,-1.104599719474584629e-01,-5.244634807093454670e-02,4.993702745246270114e-03,1.364175335577267056e-01,1.788201260925511848e-01,1.529372521770977766e-01,1.317093031861608643e-01,2.426460551243854458e-02,-1.576645528612114211e-01,-4.652906150851698897e-02,2.320555420750333372e-02,1.328481058341822729e-01,1.733378849619050810e-01,1.659779385046765143e-01,1.225679180786209826e-01,-3.110069449299626351e-02,-1.956577894159108877e-01,-2.993652211253689313e-02,6.540225662367400716e-02,1.455170454194660290e-01,1.761310058684035507e-01,1.612988183427747912e-01,9.382722032511985055e-02,-9.500722641714613725e-02,-2.040910740854426364e-01,-6.187885494656598191e-05,1.017293847675708601e-01,1.412071208624278151e-01,1.629234869713274414e-01,1.319089460700604288e-01,4.155128339238095547e-02,-1.367289003888336185e-01,-2.104983198959443080e-01,4.717653623454583917e-02,1.121428883102640328e-01,1.232733843033912147e-01,1.353495510615348174e-01,1.022989001236635637e-01,-2.608047855308345472e-02,-1.683051446826695774e-01,-1.991317787360098457e-01,8.354058595774085938e-02,9.949126049661245752e-02,1.064847141823848792e-01,1.077735317016416394e-01,5.140459592207087536e-02,-8.602849191462719203e-02,-1.942075713017563932e-01,-1.884698406173371810e-01
-8.056794851417251047e-02,-5.781385130172005116e-02,-1.756627547699370420e-02,-6.081942966116470582e-03,-1.022014340841406396e-02,3.292049604458938822e-02,1.150877584977563206e-01,1.422529267994401825e-01,-9.999369763462892524e-02,-8.861051319779128521e-02,-6.533028455580909555e-02,-5.591021161743858076e-02,1.008402192642917153e-02,1.033191450247890747e-01,1.274430202413846802e-01,1.346141951348634458e-01,-1.205117732733328451e-01,-1.092186636485921875e-01,-8.332555229931042085e-02,-5.532857991697801535e-03,9.577964414524625658e-02,1.272706274951388439e-01,1.271872158460446989e-01,1.164357972557259757e-01,-1.012975713005151296e-01,-6.920123615166956510e-02,9.509793481401334486e-03,1.021921493284759785e-01,1.255359308991739475e-01,1.284242339726719140e-01,1.214974409141193618e-01,1.079256067255441043e-01,-3.357437228503633991e-02,4.530271533943385637e-02,1.333696009944415339e-01,1.389268109015464880e-01,1.348203626629584373e-01,1.399419248810614136e-01,1.254925377173933543e-01,1.232112959081989589e-01,8.182726513732582752e-02,1.636022064365564854e-01,1.619104111255809941e-01,1.423400561180359347e-01,1.404448564456806381e-01,1.372380236696407463e-01,1.371584408761086227e-01,1.288034075179422533e-01,1.803642871332550857e-01,1.920186023991798940e-01,1.745261859626178746e-01,1.613067527040913385e-01,1.573643273424181199e-01,1.507161779566223714e-01,1.489505644483312685e-01,1.368045525242258809e-01,1.860120934983049423e-01,1.980291602812923879e-01,1.920220881827871817e-01,1.785759777939621984e-01,1.674438940650621044e-01,1.584981819617104770e-01,1.513325823490243305e-01,1.274138157582591080e-01
1.399293064872597081e-01,1.238108101799568206e-01,1.165062655410471770e-01,1.396808945336462660e-01,1.502400531463653488e-01,1.159737250722894381e-01,5.168504785000363477e-02,1.606978196756691374e-02,1.409019599885263929e-01,1.274573669145933896e-01,1.286158807862474440e-01,1.458959176417315151e-01,1.563770810251818577e-01,1.342877655231973222e-01,4.665045917692222516e-02,-6.688845278197396230e-03,1.374624155460618113e-01,1.445049140369240870e-01,1.511890802123550814e-01,1.480083601287172368e-01,1.617067172163978439e-01,1.581830615137574947e-01,8.808464414935311682e-02,1.496003234766805044e-02,1.590747127539513806e-01,1.928332546423288940e-01,1.931217089155141675e-01,1.587397388022621092e-01,1.350153330054290612e-01,1.566214974071769017e-01,1.386990243188291339e-01,7.654724061309629846e-02,1.769123300161392631e-01,2.118288823868071380e-01,2.069345910625123852e-01,1.431070923913567161e-01,9.775334628225858247e-02,1.321276881797557312e-01,1.429863076300863789e-01,9.711215947921703062e-02,1.603789861270704942e-01,1.716735257221158883e-01,1.540308024608683102e-01,9.512393442315578151e-02,8.169987902540186420e-02,1.011055882683175172e-01,1.006969416001188972e-01,7.253639137172508689e-02,1.357619903047883603e-01,1.302834537247163083e-01,1.126741573031549842e-01,7.983008315937555055e-02,7.504363944021975874e-02,7.976824203736618268e-02,5.226949966779646795e-02,2.983030391128263514e-02,1.096350180966820936e-01,1.069792064022720979e-01,1.076475526849403758e-01,8.356021138329422504e-02,5.974724161329596911e-02,6.059918606765114096e-02,4.274918259431333828e-02,8.005508982787271424e-03
6.741636714435612909e-02,-1.596242651545910426e-02,-1.234050846951205149e-01,-1.532108798281097209e-02,-5.072249384769103586e-02,-2.047426869744488342e-01,-1.394867216265880672e-01,-9.379636245094752356e-02,1.717471204151417574e-02,-5.236485065404895833e-02,-2.159193102646500273e-01,-5.881230298021566938e-02,7.577276674468317978e-03,-9.250907180931540463e-02,-9.006165420517708853e-02,-3.360008658131217324e-02,-1.439773705559403150e-01,-2.030359311273472744e-01,-2.825539078108808000e-01,-8.516609842095035354e-02,5.319934471172309276e-02,-1.126083703960450016e-01,-8.175134194687423694e-02,2.348471759271531997e-02,-2.206575778675398947e-01,-2.192768231388367017e-01,-1.265847424695414891e-01,1.849929863491239779e-01,2.241599150921311234e-01,-9.347323647768019175e-03,-3.296678435629234183e-02,6.657007505996008490e-02,-2.244925371110995382e-01,-4.681589227008760984e-02,1.114761573645552117e-01,2.735520253293901027e-01,2.416493237628406787e-01,7.006312629334437699e-05,-5.726482748369637887e-02,1.516292311102736268e-02,-2.734501749456704212e-01,-7.500783581854203290e-03,5.199522342017479787e-02,7.032428827862563514e-02,1.623418833735885414e-01,-1.108346060226840686e-02,-6.270586521871654440e-02,5.236803763412650053e-02,-1.629810290326160760e-01,4.120447837205399796e-03,-1.001012077813239094e-02,2.085135930326623838e-02,1.324750433976395469e-01,-2.305043683233138491e-02,-3.105544365587798589e-02,1.755525750124710405e-01,-7.894459002058409891e-02,-2.621303029026878298e-02,-8.183926610476674468e-02,4.514226916821188068e-02,1.158553618892022574e-01,-9.459638637987202725e-02,-1.190471653229181054e-01,1.216472657591496503e-01
1.630789737536352257e-01,1.654377818914486986e-01,1.698022577258436472e-01,1.498682851008213412e-01,1.165595377480319189e-01,8.536490153694756278e-02,5.934484102363095370e-02,3.264144185866783843e-03,1.172584047785363570e-01,1.271264228568216859e-01,1.528999223558220044e-01,1.620761880911178454e-01,1.474588438971625171e-01,1.283433565811731292e-01,9.995178658472610167e-02,7.575583723610875009e-02,7.215554116382286165e-02,8.899482384275815561e-02,1.151393698994654519e-01,1.469247894653235575e-01,1.567064466349936680e-01,1.458443951302986485e-01,1.406830239723436127e-01,1.227411620948904991e-01,6.164600189724989826e-02,7.374182904150620999e-02,1.012637946438234710e-01,1.292054003405204154e-01,1.279725466928804400e-01,1.189218842755710437e-01,1.040823070332125705e-01,8.785100111890929708e-02,7.117102213547066292e-02,9.264781049063273988e-02,1.163537467827425176e-01,1.210182057912313064e-01,1.000188148847420133e-01,6.439467987616664946e-02,6.546358903288186648e-02,5.675995415202597649e-02,8.793524454018675218e-02,1.153395272720778852e-01,1.650917817697219736e-01,1.815092915633260695e-01,1.350580062943485815e-01,7.627301407976404268e-02,6.932280373721358413e-02,7.233998982022274427e-02,8.581472607595017066e-02,1.226978484860105356e-01,1.721924362694615684e-01,1.890879256329283664e-01,1.504803853735556252e-01,1.049246396881032689e-01,1.113620898466032849e-01,1.154970721147787621e-01,1.106140811890241049e-01,1.533367496059594715e-01,1.842678327976920438e-01,1.905122858549178622e-01,1.780099410998510490e-01,1.517391928876760387e-01,1.384681183685026185e-01,1.303713247645246209e-01
4.503410231214732828e-02,1.723263629082645576e-02,-2.124991367276726426e-02,1.865570702924795529e-02,4.638357292099296730e-02,5.321119250056133287e-02,8.135381179758591208e-02,9.706505768421029579e-02,-1.233418767604184813e-01,-1.093279402853570836e-01,-1.284152318274849047e-01,-9.898924036091166778e-02,-8.779252475605629769e-02,-9.002635580670600990e-02,-6.466158360296811458e-02,-3.182345983932060446e-02,-2.335878759571406171e-01,-2.237067558971774228e-01,-2.131662590559310622e-01,-2.145330937200103094e-01,-1.917213696235427756e-01,-1.698829371843856018e-01,-1.145800710181225507e-01,-5.315484819632125546e-02,-2.619127641872990853e-01,-2.395369528851354624e-01,-2.126763324517550180e-01,-2.212951630909751610e-01,-2.129980038626707317e-01,-1.552316719517231880e-01,-3.924950422195878225e-02,6.369026358137919175e-02,-2.215930999913039989e-01,-1.907006559717307481e-01,-1.468483922328859548e-01,-1.328309991967351333e-01,-1.187055394205805969e-01,-6.748314568430623106e-02,7.300744766588270797e-03,5.646512528120792296e-02,-6.606776234808837966e-02,-4.214303800390218485e-02,-2.391061417325477875e-02,-3.438466874369512649e-02,-5.963894178567398507e-02,-3.619920621118223603e-02,-1.714264775612938524e-02,2.108525514189737646e-02,1.217593230252251441e-01,1.042089600827392076e-01,6.454562993612972255e-02,2.510024206829863935e-02,-2.799639164764109248e-02,-5.685077272878145960e-02,-5.382816456270742705e-02,-3.927677462384680969e-03,1.920805514618751375e-01,2.133344310474426242e-01,1.725657964544533574e-01,1.008317389405810477e-01,1.872800623358559721e-02,-5.944541477496366466e-02,-2.783997791138688796e-02,6.339332086997649662e-02
-2.487453823945490750e-01,-1.053341843852279996e-01,2.228055877297290335e-02,9.276334538888321435e-02,7.684019963257261721e-02,1.054773334951566444e-01,7.775509527668433840e-02,4.359280752681111981e-02,-1.582359537512223191e-01,-3.584667923635102837e-02,6.050326165064310452e-02,8.165173807465089806e-02,8.985200923424296882e-02,1.293543249096231751e-01,1.063208951211330050e-01,9.512291039760477351e-02,-7.612661412226835733e-02,6.529967836416984694e-02,9.854129719413978750e-02,5.137216887733192516e-02,4.848212191680329602e-02,7.601832409612017949e-02,6.484775786513148621e-02,7.787860782421254791e-02,-2.228727229448838054e-01,-7.594517377554724225e-02,-2.953992273069123639e-02,-3.008330037581481015e-02,-2.223467023485699995e-02,-6.748714400022872741e-04,9.847557119367481016e-03,1.639308073427330273e-02,-2.849617963802331677e-01,-2.324343357217458772e-01,-1.118692331624216857e-01,-4.781151908979928630e-03,4.706266581526551834e-02,9.585066866035400757e-02,1.168526108083609710e-01,1.300668103648453811e-01,-1.354670361740952234e-01,-1.349545598418813164e-01,-1.168159233442400413e-01,2.062267363165316489e-02,8.590952877799697129e-02,9.997846940388541159e-02,1.763158165683781919e-01,1.949400650565486504e-01,-5.161457643001383933e-02,2.329186166372443356e-02,8.955241493663260513e-03,9.740087449875661774e-02,1.362367244789794429e-01,1.442927240996941252e-01,2.052112128655949885e-01,2.120989379356272853e-01,-8.629253768687308868e-02,4.358884188652832614e-02,1.273575552715073833e-01,1.515643934776944590e-01,2.052133788200884990e-01,2.066753190792757211e-01,2.323172028002326028e-01,2.425427418829465276e-01
1.326291444178059886e-01,1.279835146499982701e-01,1.284885502916816025e-01,1.429130237799782766e-01,1.598113380735587674e-01,1.624467173411941745e-01,1.611555823885908179e-01,1.495776657341061078e-01,1.404120928693972092e-01,1.415637976372042250e-01,1.428793481342361393e-01,1.616193569648641803e-01,1.754046426068168740e-01,1.764410359329550981e-01,1.646038172147267775e-01,1.546759442174223953e-01,1.329296182330279297e-01,1.429842109147158868e-01,1.572486498266883470e-01,1.723047884535877372e-01,1.798956323449988626e-01,1.710305704941152138e-01,1.632237891763260451e-01,1.527303191010246364e-01,1.272426342059273519e-01,1.450850261608061798e-01,1.664473812159324995e-01,1.789593221614985963e-01,1.682915384805818426e-01,1.560775999101725875e-01,1.484480490111143580e-01,1.383841363740083985e-01,1.223780529489190416e-01,1.339579199999201553e-01,1.495310073648450366e-01,1.506010529373048856e-01,1.288822955157880035e-01,1.095577996295857975e-01,9.924064111027211532e-02,9.014664224656937508e-02,1.084837759230989768e-01,1.122171960869463581e-01,1.123578698862995745e-01,9.999827779670568406e-02,7.741138463099879463e-02,4.810567386224983560e-02,3.307343007386038397e-02,3.311413406263023773e-02,9.723599495543894244e-02,8.774463738885225628e-02,7.297805369950394194e-02,5.032793607004767966e-02,2.017909969355720715e-02,-1.195263197314565262e-02,-2.882787301912506303e-02,-3.166766195292909647e-02,6.829795072411339041e-02,5.634483255661102558e-02,3.001250224119136542e-02,3.642385047993072344e-03,-2.786289132654624218e-02,-5.848033980950620436e-02,-7.539874635866565533e-02,-8.122106323894236202e-02
1.489729573616054292e-01,4.534978184444795474e-02,5.214767602472399587e-03,6.760993272558654676e-02,9.650876537820635148e-02,1.088431392759268701e-01,9.421345139341728847e-02,4.399006412903237045e-02,1.131705356121041478e-01,4.132201005711379427e-05,-8.463244448924293548e-03,9.680477597000147760e-02,1.426587713850481498e-01,1.492663574534068838e-01,1.317799616011328945e-01,7.636093136222918409e-02,1.119895877070383183e-01,1.667157424449529704e-02,1.399414789200285371e-02,1.133590513793685250e-01,1.794473416019969347e-01,1.782636947960516138e-01,1.462859463809656480e-01,9.371361412347864461e-02,1.517102786571545292e-01,6.694817258780805247e-02,5.164256864964785615e-02,1.047768604543204141e-01,1.667547495410482694e-01,1.762586446895797188e-01,1.676732678925470510e-01,1.219383276840522584e-01,1.486985672120079149e-01,7.992240643874801154e-02,6.776420707459225590e-02,9.049750913648327288e-02,1.335799324157405099e-01,1.584332828975779928e-01,1.808159151200137982e-01,1.531887103841228503e-01,1.211181069680050126e-01,6.280818761253247062e-02,5.906817076927751986e-02,7.945391895099042368e-02,1.230749412580230129e-01,1.643812225268280747e-01,1.914740725579187341e-01,1.775392766398911082e-01,9.534852862313468458e-02,3.388384563847434555e-02,4.391155295431862365e-02,7.647767768345054007e-02,1.391728835967202260e-01,1.886813335208303855e-01,2.060998251976895179e-01,1.856225863702521961e-01,8.348624259456932650e-02,4.026003450244274029e-02,6.398027813209182513e-02,8.823075142473360555e-02,1.448277676595824681e-01,1.968217699697060175e-01,2.067635679079625199e-01,1.899103861335409427e-01
-2.088715858347870435e-01,-1.440060129928140420e-01,-7.946175020728132865e-02,-4.245096771574360939e-02,-1.028902752132767294e-02,4.289573033999970891e-02,6.466756064102657797e-02,7.951179484530425390e-02,-1.483084805513678328e-01,-1.791626889756905983e-01,-1.527188720911143993e-01,-8.591253151387595599e-02,-3.517013192468278204e-02,1.792410584692869782e-03,4.842457934639846778e-02,7.360298059363838685e-02,-1.723371413619515652e-02,-7.837108908004400409e-02,-1.466732047520963034e-01,-1.641056079224229303e-01,-1.192758343514746106e-01,-6.523692284643810291e-02,-2.448882728965069699e-02,-6.802067328077396162e-03,1.053335981259311410e-01,7.226208110679921415e-02,2.586571187853447737e-02,-6.205432194318905026e-02,-1.354489890887056180e-01,-1.451949869576102947e-01,-1.052471535133719244e-01,-6.085632949738739583e-02,1.444518047777210157e-01,1.481076266736995051e-01,1.451830223587582958e-01,1.257800081669478154e-01,5.676986557335018252e-02,-5.385835773349027800e-02,-1.253118513617198226e-01,-1.003935194566740186e-01,1.465693951217871271e-01,1.522590590263714627e-01,1.650827265097974395e-01,1.820488714285455611e-01,1.856763523676846772e-01,1.322211906661498182e-01,2.450124216177076639e-02,-6.007460982405763567e-02,1.501566451892402121e-01,1.505225180320045042e-01,1.555083899928831614e-01,1.553359679412200933e-01,1.702560543763387280e-01,1.862527089929782720e-01,1.610918543544560821e-01,8.463533762634811719e-02,1.509023419949955536e-01,1.583984703537813510e-01,1.569869897461863839e-01,1.471100359140906089e-01,1.607392036135912028e-01,1.689866431402672897e-01,1.710112478226933630e-01,1.768739791862184163e-01
1.246586345309913663e-01,8.023513588755089299e-02,5.577480045060274200e-03,1.181951244494074404e-01,2.567990913332251490e-01,2.171450195748718670e-01,8.712361394268304526e-02,-1.068768834424476954e-01,7.226583259650870561e-02,8.204294909587041273e-02,1.019279924952456833e-02,2.210114891941760903e-02,2.458860212098241682e-01,1.828643067908605480e-01,8.060666088709186883e-02,-3.361580862129047442e-02,3.219725644784221519e-02,1.126005351554704437e-01,5.286894612100503932e-02,-6.167551734953279075e-02,1.359555868318917116e-01,1.144501019266471742e-01,1.262693967455445210e-01,6.756585468715450848e-02,1.012883954248988694e-01,2.181380844288251242e-01,1.625081158046173535e-01,-3.881250022015627753e-03,1.430190352481273096e-02,3.998280416627919553e-02,1.159667870508900855e-01,7.876018588295616296e-02,7.403041366957323344e-02,1.895744255528951927e-01,2.158000307907273208e-01,1.975107150347952256e-01,3.772096954936889762e-02,-7.028560373270044404e-02,1.947409560238240120e-02,5.070538926387381518e-02,1.412823741058668453e-02,6.135326968490920074e-02,1.692435628334519881e-01,2.999045501851603790e-01,1.662536922953200269e-01,-3.900424501941783528e-02,-1.840315143162345179e-02,3.811713900225761203e-02,5.540906476281880211e-02,-4.840761131593399047e-02,3.830532547622938350e-02,2.559292104717924565e-01,2.788189775636359946e-01,6.520151971783472167e-02,-5.906844134748133468e-02,2.606243725286698856e-02,1.033616869208199562e-01,-2.872539084732068926e-02,-1.319550366772699324e-01,6.262667483780087752e-02,2.186321146294626094e-01,7.454690422382041770e-02,-7.026509425736829351e-02,-1.470896941815634691e-02
-1.090698566444382178e-01,-3.034289275868574595e-02,1.468016455544138591e-03,1.893448547222812686e-03,7.844856395469385416e-03,4.772729030346634094e-02,1.108524946722103943e-01,1.575713858218861230e-01,-1.572776672725092473e-01,-5.747960380093050659e-02,1.957807220570842444e-02,2.751242092423135388e-02,4.395748111546589343e-02,7.867730845432963083e-02,1.290330189419180984e-01,1.765013681791750000e-01,-1.860338564679116513e-01,-9.178135325323254212e-02,1.107331242056224657e-02,3.895514615970334382e-02,7.400816811062446710e-02,1.341096878888031196e-01,1.733740185762475960e-01,1.954701980505882675e-01,-1.653053707473418898e-01,-9.388376484036643765e-02,7.644935787691512982e-03,6.344850804951834844e-02,1.025126419424260416e-01,1.672152448705582495e-01,2.100930253991682706e-01,2.290813426457424251e-01,-1.508512732575256476e-01,-8.149202231274677022e-02,-2.631656284060650882e-03,6.237818423292611908e-02,1.172194522389031629e-01,1.826416090110192514e-01,2.376414262808945466e-01,2.618263176615543419e-01,-1.111605911646705580e-01,-4.062054589383957276e-02,-3.599976091649684760e-03,2.677305196204569915e-02,9.014572045967374214e-02,1.787374635392105227e-01,2.305899709544267928e-01,2.479550611256273740e-01,-8.101125052807489624e-02,-7.550113885633881125e-03,-8.644849892783154285e-03,-3.201989567292494454e-02,3.098233276877166223e-02,1.425266052676560924e-01,1.950826831139806095e-01,2.107972662201527680e-01,-9.355544087025476074e-02,-3.472316463157561206e-02,-3.262676766491760805e-02,-7.248103919678548779e-02,-4.011146447769555617e-02,5.988196597147395911e-02,1.305895460120581886e-01,1.612702902150819628e-01
-7.759666877606143098e-02,-9.606639493112523187e-02,-4.478899168296602423e-02,-4.258306616902018255e-02,-3.661354730184614853e-02,2.312118594970309637e-02,3.815591407158751974e-02,6.243328795962645866e-02,-1.094266898458758769e-01,-1.583627555512827634e-01,-1.152123090040796105e-01,-1.215684950428308625e-01,-8.593891728153346676e-02,-2.736401588298412527e-02,9.398016391260349822e-02,7.854051363938228947e-02,-9.204246917749783763e-02,-1.292205840572989983e-01,-1.397031786931950403e-01,-1.402314389957674823e-01,-1.188840436464358441e-01,-5.989501484627135887e-04,5.774605730016074689e-02,5.341654523726303838e-02,-8.721298079717623719e-02,-1.728769793671653121e-01,-1.791366091980113318e-01,-1.845522473646823980e-01,-1.062262194829222545e-01,-6.556092730331231078e-02,-6.606161127034600178e-02,-2.174432746356130819e-02,-1.203349665047771938e-01,-1.776552600547204042e-01,-2.108332187686847436e-01,-1.966949432704038214e-01,-1.025040496163533987e-01,-7.790466780804607139e-02,-7.964480096290206534e-02,-3.784074667040787307e-03,-1.096390448435295706e-01,-1.449537634347706494e-01,-1.909320084199084833e-01,-2.103969084625077202e-01,-1.943566624104892671e-01,-1.225108259707043956e-01,-6.632651468763257896e-02,-7.182343699067667009e-02,-1.190197483245362675e-01,-1.176887080762569621e-01,-1.642864605540127754e-01,-1.754342090923314001e-01,-1.650744975960388716e-01,-1.646563409193380623e-01,-1.030823954169606815e-01,-1.079223916327936295e-01,-1.362386006705551267e-01,-1.575080653847636958e-01,-1.677413143783549609e-01,-1.743780889436230275e-01,-1.562077222807710108e-01,-1.530030870754315875e-01,-1.341007447157701038e-01,-1.356063550776337723e-01
2.348053199649433320e-01,2.114064025380178458e-01,1.790109075481496892e-01,1.591806269001097285e-01,1.402106291169577523e-01,1.078747562242511199e-01,7.624312861442229805e-02,4.155086044024517561e-02,2.073083214941357777e-01,1.814455466848294007e-01,1.634905917194450220e-01,1.543300783254620279e-01,1.419878355941788795e-01,1.136244563114828660e-01,8.349066884506521624e-02,4.215835854611175298e-02,1.723172304178464953e-01,1.575240579543665531e-01,1.532895075369724858e-01,1.462069018587520142e-01,1.342025958129928476e-01,1.162886427569381625e-01,8.505245056261184766e-02,3.886624044345899504e-02,1.592900974729644370e-01,1.391649668998372891e-01,1.291791451529603618e-01,1.168622381897478080e-01,9.919557883043624014e-02,7.828173652542795569e-02,4.239677071116072782e-02,-8.520804374520749578e-04,1.535937836111041233e-01,1.249255436871682390e-01,9.860219816088952594e-02,7.282361810571294503e-02,4.504936251376602530e-02,1.100106355968513000e-02,-3.167764322606052285e-02,-7.548800971440551566e-02,1.482731063314681463e-01,1.248069396753700433e-01,9.978450391493119687e-02,4.647766916652703445e-02,-7.785061893670437369e-03,-5.734356674429612333e-02,-1.015760629507575369e-01,-1.347321879807807654e-01,1.494087338078592120e-01,1.310057984880327875e-01,1.034118120738368868e-01,2.864689898552791672e-02,-5.262578066123243387e-02,-1.183988544612810945e-01,-1.564986485028745933e-01,-1.698730885786323974e-01,1.378162878666525371e-01,1.239927487093091113e-01,8.221752992643949209e-02,1.721674666957845367e-03,-8.340731227082850974e-02,-1.545823130084090502e-01,-1.791170138867310691e-01,-1.827690134530560728e-01
1.935958161014453977e-02,4.284900741744734898e-02,8.076137443344275080e-02,8.550330018195603787e-02,-1.769130725793651576e-03,-6.853071956601670955e-02,-5.988505400136299311e-02,-5.177211954863110421e-02,-2.691178031113419106e-02,1.444231868938191006e-02,8.602012135172540375e-02,1.054553366856894187e-01,-2.163414432231386322e-03,-7.921988328959404801e-02,-8.543582332298203796e-02,-6.953919843806617707e-02,-8.822027789123151886e-02,-3.178251611462620807e-02,6.134085627900191101e-02,8.914481760574204106e-02,-1.530828019843748396e-02,-1.148730483367338406e-01,-1.284690766329355527e-01,-1.393445171258983484e-01,-1.559729760156573775e-01,-9.540027674249070000e-02,9.427623208518614477e-04,6.064933314067082887e-02,-2.137986455696528135e-02,-1.298449186540187317e-01,-1.714963401068636539e-01,-1.992808324546839760e-01,-1.873980630231937561e-01,-1.476467412910013322e-01,-5.298024567079852309e-02,3.582701719070618962e-02,-5.326844038825478272e-03,-1.106854150425181926e-01,-1.847768150698358147e-01,-2.056900329123899362e-01,-1.984267632740864262e-01,-1.750753476313429147e-01,-1.212285645576714754e-01,-1.795358326785478562e-02,-1.921200351437037752e-03,-1.144749564861814312e-01,-1.874586657767668418e-01,-1.911918362242649716e-01,-2.210228771671454706e-01,-1.936817215417664662e-01,-1.823282641994471431e-01,-7.972213860242487182e-02,-2.415220399977079102e-02,-1.363431672861881161e-01,-1.905866397090404674e-01,-1.566146474686134771e-01,-2.427764381968115781e-01,-2.112792109689965170e-01,-1.999818974130478377e-01,-1.024255429584784161e-01,-3.342075904980604251e-02,-1.160954475996754387e-01,-1.632483598603988173e-01,-1.443549157924160775e-01
3.462377281616839386e-02,1.152356835443300309e-01,1.202855349665224033e-01,1.613711059510734500e-02,-6.806753139941917885e-02,-8.927391552204332059e-02,-7.000403829740355077e-02,-7.155116974001474173e-02,2.830018195496532274e-02,9.080493935770594938e-02,1.407175579787794117e-01,2.768766525024149092e-02,-1.637352279641347830e-02,-4.966660703942316069e-02,-4.840944698865538159e-02,-1.016127219188478828e-02,2.801607917646529305e-02,5.528899610394508862e-02,5.208020662449563964e-02,-4.225324370859209755e-02,-6.637693239380819399e-02,-7.400613199694557054e-02,-9.223204352462809064e-02,-1.107436016427810772e-03,6.779515973176949983e-02,2.969942944413022506e-02,-4.082548960249300640e-02,-1.726459577509268095e-01,-2.091669510131707599e-01,-2.359519469426505089e-01,-2.193626518374137968e-01,-1.522354746868364583e-01,2.094388369466755329e-01,1.303890993660681286e-01,-3.650029876488920019e-03,-1.276799292252385476e-01,-2.348103814831532798e-01,-2.872700949816899829e-01,-2.525250246622063877e-01,-2.103625133240602241e-01,2.240942914399980945e-01,1.569766759741412498e-01,6.777160616357967571e-02,-6.107351554468986449e-02,-1.768180898861374251e-01,-2.028617717647165364e-01,-1.678266951791704265e-01,-1.840672386361345003e-01,1.119490334563561229e-01,1.055565862910466807e-01,1.425382052988124759e-01,7.292075704417984305e-02,4.639850050715029622e-02,6.593513318455301864e-02,-9.893370465300293376e-03,-6.560666885802449166e-02,1.053313982446600766e-01,9.708039599622786398e-02,1.636873581844052461e-01,1.278485676499781787e-01,8.380951685905908832e-02,7.570250606786146919e-02,3.664025091647455257e-03,-4.271111102050816066e-02
1.528553488194608033e-02,-1.087696849744051453e-01,-9.129414410724707996e-02,-2.076627218096586611e-02,1.446161061754801073e-02,5.428805920122069251e-02,4.500720164044257759e-02,1.015560602091854919e-01,4.652798667817134581e-03,-2.063558780175749341e-01,-8.951315875162065006e-02,6.012192325669254989e-02,1.429460888020400999e-01,1.414602074462406045e-01,1.695116051085525932e-01,2.257879032304228872e-01,1.338464311643296489e-01,-5.029094329878168457e-02,2.520418381631318525e-02,1.893715812126400833e-01,1.872197656692364542e-01,1.427071150171178582e-01,1.008606976385398868e-01,1.544644911881175031e-01,3.051039799235576444e-01,4.643576632149436917e-02,5.814103927130814115e-02,8.952391721267304037e-02,5.394263345014699285e-02,-6.744669101230987840e-02,-1.085421145408324850e-01,-5.196450087612087404e-02,2.922487240871562419e-01,4.134045408028105828e-02,-8.766871974045711141e-03,-4.033451848947205293e-02,-9.218335385417535111e-02,-1.484772781849242607e-01,-1.376883230580806527e-01,-4.078457080861402906e-02,1.556575503342683686e-01,-2.462446522720209210e-02,5.857065867270419557e-02,5.937391625803635498e-02,-6.138968871009661127e-02,-2.522853304544079092e-02,6.308445210986704521e-02,6.857659791391988724e-02,-1.673378816796946764e-02,-8.482925616976412508e-02,8.126026188831993180e-02,1.584842301878537640e-01,1.553718879995438784e-01,1.540737139687725632e-01,1.497445447545279751e-01,1.163616850995903146e-01,-4.212657366489182265e-02,-3.083169910944330919e-02,1.352962846970154898e-01,1.881883191087924956e-01,2.883706730484852376e-01,2.478199256429363118e-01,6.668035641310707251e-02,3.073978185974042543e-02
8.269389194017201863e-03,4.531844641513894240e-02,-1.139909085928861726e-01,-1.040473276721749357e-01,1.945249629712890727e-01,5.268278427125987207e-02,-1.094033989576621985e-01,-1.432255642650468452e-01,-4.407492134970302997e-03,8.117386468651896503e-02,-7.700689236305523211e-02,-6.657129953152104984e-02,2.566982089579906701e-01,1.321575043533958771e-01,-6.838635929959481496e-02,-6.431286450259515730e-02,2.513149356078343832e-02,1.252116408145812210e-01,-3.197240880116915956e-02,-1.392362177442832590e-02,2.974606165355386245e-01,1.219009165575026532e-01,-7.103959031180895334e-02,9.894724555789529558e-03,6.445924918508219581e-02,1.696455458091328805e-01,-8.153427052258759022e-02,-3.451254599384983440e-02,2.873925986514498931e-01,3.476799829831386107e-02,-1.604448788074639420e-01,-1.609730672088216866e-02,7.176221897981478748e-02,1.652447792442463259e-01,-9.117474139335170202e-02,1.475608398670961259e-03,2.709635642188074067e-01,-2.114745110862058242e-02,-1.871195326432367467e-01,-1.323237775230363261e-02,9.272807489319787044e-02,1.640355102355821049e-01,-6.584099073203550367e-02,6.528285205415859660e-02,2.511587438139628592e-01,-6.946054267829969431e-02,-1.460676623972796129e-01,8.512112128926113686e-02,9.362139454078843848e-02,1.780425459839643787e-01,-4.930304758881975252e-02,5.610569474559315428e-02,1.863965809854472022e-01,-1.187887064339646220e-01,-9.714621199056806822e-02,1.547791492107347122e-01,9.988406397936896997e-02,1.707510246834398893e-01,-1.754305068766345149e-02,3.858583291135120330e-02,1.302672047265403810e-01,-1.268516795239126860e-01,-6.370262825731831668e-02,1.358987680500739481e-01
1.532443343428986464e-02,6.705000604695601774e-02,1.211339194139115089e-01,1.802613465150734451e-01,2.139757687004986975e-01,2.089763027084252656e-01,2.093679803384858595e-01,2.158340892577356451e-01,-3.298184713530064038e-02,2.801205739183365920e-02,9.901470796700458099e-02,1.670411947598120506e-01,1.983316468744559524e-01,1.859031334249647005e-01,1.745594971275162277e-01,1.891566817834367253e-01,-8.218872600846240106e-02,-3.856956764765001600e-02,3.449434927751231922e-02,1.069829647115778659e-01,1.453310148888624920e-01,1.498732720025806042e-01,1.572822404569610699e-01,1.700252878592776462e-01,-1.252077378898210913e-01,-1.101283238045909219e-01,-6.620442706670866262e-02,7.864111405215951089e-04,5.390488445784103605e-02,8.505585016086301964e-02,1.192430818212419225e-01,1.440976303456236174e-01,-1.770310642444031801e-01,-1.667841535748713078e-01,-1.499409614917714406e-01,-1.090253658053936675e-01,-6.049366180511944052e-02,-3.094165358162458135e-02,2.050957497070678842e-02,8.044092516554281203e-02,-1.784811222252832008e-01,-1.783422218838358053e-01,-1.810592285709332894e-01,-1.677474723538454615e-01,-1.297085191425389472e-01,-9.961570425454369104e-02,-5.875403865154632532e-02,1.647004619412404183e-02,-1.225875258078789609e-01,-1.263303924908367459e-01,-1.439324324692228263e-01,-1.564749793122967580e-01,-1.291034424755671539e-01,-8.587816881487408960e-02,-3.248865734410066874e-02,2.505032200835783512e-02,-6.173631815191860800e-02,-4.722860002749973418e-02,-6.097372406326256183e-02,-8.595352155022997764e-02,-9.201502852404729038e-02,-5.993440232970449755e-02,1.549269188435015675e-03,4.324095223756831835e-02
8.762888261687559743e-02,-3.150045351041478453e-02,-1.107524086781520173e-01,-1.010607857605452797e-01,-6.863634795375410380e-02,-8.740728533448510751e-02,-5.430653932737817408e-02,-4.211006761462575410e-02,1.497983549973914141e-01,3.302163526593854259e-02,-8.685814652975325234e-02,-8.174416287003609394e-02,-6.067383157087745393e-02,-8.776579541885907998e-02,-3.570326725839192972e-02,-2.221034305250039337e-02,2.162767882133176944e-01,1.015150337113154416e-01,-5.908713048755632330e-02,-6.618762824846163850e-02,-5.239833114756112936e-02,-6.636056509490856348e-02,-2.509633783076027289e-02,-1.361923732060624920e-02,2.643575837079886193e-01,1.556403536617645411e-01,-5.096902519043119278e-02,-8.756858907286101112e-02,-5.336537637093324848e-02,-6.518924814112873889e-02,-3.679498448594122756e-02,-2.198007388303603940e-02,2.790031836838636758e-01,2.014452175290199210e-01,-4.273546245999485654e-02,-1.061713293296584065e-01,-8.347593593595856176e-02,-7.808347137676219241e-02,-5.012993368815554796e-02,-2.090690709723257157e-02,2.703366486972808014e-01,2.197342050920699785e-01,-4.451979819210905714e-02,-1.425873199502284416e-01,-1.255512772951499767e-01,-1.210905064546314303e-01,-7.645207230526075703e-02,-2.029207373359579944e-02,2.598828508966937734e-01,2.242912448769422695e-01,-2.990835696948941982e-02,-1.569119213247287814e-01,-1.495646239080812290e-01,-1.470439359453587502e-01,-8.900159027316148497e-02,-1.361992443732198965e-02,2.360108287903781854e-01,2.089581675402677474e-01,-2.031280361144927743e-02,-1.656815111040916555e-01,-1.692277181656710039e-01,-1.600225947127613957e-01,-9.903052868907304129e-02,1.669632177767355844e-03
-5.223268653796797611e-02,-6.167908101804371601e-02,-9.831053367332409643e-02,-1.360359661622321525e-01,-1.661614731367420938e-01,-1.844842741951179255e-01,-2.073208472883980857e-01,-2.071688929715361505e-01,4.531800480126531999e-02,4.089520856505687689e-03,-6.284300956623484202e-02,-1.070099918372553055e-01,-1.436352242466652773e-01,-1.727101854262231562e-01,-1.760180296126759858e-01,-1.780169389735193897e-01,5.379311429898934321e-02,-6.937104847276521005e-03,-6.755379151176076069e-02,-1.037791540876160101e-01,-1.295029683034507606e-01,-1.374540133541932441e-01,-1.428296783563495487e-01,-1.277254521831009126e-01,-4.101866264805527351e-02,-1.146097120664733848e-01,-1.394222067954584698e-01,-1.507522627757037492e-01,-1.546030943206749553e-01,-1.281008959330841857e-01,-8.628836546230567173e-02,-7.513861581756001162e-02,-1.210933705821894413e-01,-1.751753935981828769e-01,-1.783182183300895673e-01,-1.658633140117437288e-01,-1.566155495440127443e-01,-1.202791751150560501e-01,-5.187313415692121343e-02,-2.576177667469174704e-02,-1.133321209335283880e-01,-1.565341295507807484e-01,-1.607879257552144170e-01,-1.571925323877401415e-01,-1.575940259055074177e-01,-1.210191664759121821e-01,-5.987327303308468546e-02,-3.940688117650240768e-02,-4.394288343353225379e-02,-9.241790824388898540e-02,-1.345942844177853981e-01,-1.450826452614079332e-01,-1.521774217141458885e-01,-1.422941909618430922e-01,-9.690700927312145829e-02,-7.114410416174116181e-02,-2.199585469678707467e-02,-6.627075426339525122e-02,-1.250863286554045328e-01,-1.414426490581687790e-01,-1.467379496189713250e-01,-1.364262587523119852e-01,-1.095344880163349605e-01,-8.004225902798026149e-02
8.787050797195659901e-02,1.383170469666425983e-01,2.277668187131140776e-01,1.654448161731928713e-01,2.787738262161958136e-02,-8.176681205959612092e-03,-3.846691883860414718e-02,-1.117550472250455895e-02,1.063339040408090019e-01,1.419918776625704315e-01,2.077340857219315551e-01,1.425653140453203016e-01,7.717158772485142870e-02,2.052327675804016191e-02,3.268841900649187282e-02,8.620885005333958975e-03,1.224963632672319142e-01,1.352536189623933516e-01,1.584604549542290297e-01,9.591963213424700707e-02,8.642514780025435661e-02,8.736393572894381176e-02,4.862598114046956521e-02,-2.068717147811372295e-02,1.094701800326163682e-01,8.362175163761491337e-02,9.580519135235483763e-02,8.463215675968099871e-02,1.085197254279497009e-01,1.185184863264359817e-01,1.254771522872444138e-02,-8.163352341063744022e-02,1.081477035498853850e-01,7.286160671959326929e-02,8.714217371673715906e-02,9.172168468748612136e-02,1.232691501777478105e-01,1.162739134583600092e-01,-2.168812940311213786e-02,-1.030762769433794107e-01,1.222897670341497323e-01,1.030469996278937095e-01,1.140304660693379907e-01,1.009195147741514392e-01,8.169907771601234159e-02,6.035377240919423403e-02,-9.241292026510580793e-02,-1.778101980836312712e-01,1.062760997288959147e-01,1.066753777763265187e-01,1.296656259492446339e-01,1.127740977114867482e-01,8.780033596237953042e-02,4.505160780779474128e-02,-1.845119193736677876e-01,-3.169351570620838054e-01,9.523156892283883568e-02,9.192806421144533724e-02,1.116675645184319610e-01,1.125803254198658870e-01,8.693224638039964702e-02,1.902327515971913297e-02,-2.544139950976483378e-01,-3.895054443019944079e-01
-1.149134457380958513e-01,-7.482797401055235609e-02,-8.434984572771196676e-02,-1.968334541669047033e-01,-2.925935968527635378e-01,-1.740282360702427034e-01,-8.424374104537151603e-03,9.480469751168424386e-02,-8.415419238234436716e-02,-5.196175851459571005e-02,-8.945695236858984545e-02,-2.046530625636088507e-01,-2.491278113032832642e-01,-3.595176382426298195e-02,9.284458414660176628e-02,4.795030214550322079e-02,-2.012466138459729700e-02,-5.637298273839320278e-02,-1.321562255702285749e-01,-2.082818811694092109e-01,-1.051457268323510441e-01,1.047407069439385968e-01,3.767958795499741498e-02,-7.361016769322258069e-02,-7.812061744647829861e-03,-1.172340074451368314e-01,-1.923095125755760748e-01,-1.616163404902985767e-01,8.030052608002997971e-02,1.312287634692209937e-01,-6.660472814185725531e-03,-1.192750224838979578e-01,-6.837393606179292815e-02,-1.769061947117831490e-01,-1.692212819375865651e-01,-2.682647916280534589e-02,1.692179976126002572e-01,8.512747304140083626e-02,-2.606576329485971177e-02,-1.341936766348057752e-01,-1.034277920259724509e-01,-1.694806663302473870e-01,-4.883225081209485730e-02,1.023826265094211069e-01,1.345814376801095502e-01,3.261755204864791313e-02,-1.527959306484414671e-02,-1.490162483186377451e-01,-1.290149129602635725e-01,-1.356166137204727895e-01,4.346296624342842196e-02,1.712394923692409088e-01,9.694575137073552229e-02,-2.693140836878250843e-03,-4.692437458440219117e-02,-1.777376053669022515e-01,-1.157390404362379638e-01,-9.653626989904554034e-02,9.850751988380979096e-02,1.430602314346593185e-01,2.646087955164862920e-02,-6.725609420008778205e-02,-1.522400643928369379e-01,-2.525182520277792775e-01
3.431319230248631308e-02,7.681592539073275883e-02,1.659016132173182223e-01,2.166241285856757015e-01,1.602793196046872204e-01,-1.301800351374459708e-01,-1.631935499279845991e-01,-1.408603942736365300e-01,8.365738588620936014e-03,6.056400630949886760e-02,1.353087060514093498e-01,2.081777434099771618e-01,1.030780865035656885e-01,-1.513332874148869134e-01,-1.683165113203855812e-01,-1.416177249627587897e-01,-6.755511228970574600e-02,-3.779934547143349449e-02,6.859033150448731742e-02,1.770775116619947576e-01,2.717164745756507280e-02,-1.379073088467331065e-01,-1.250952184401124823e-01,-1.193759141150295411e-01,-1.164798208308398114e-01,-8.459535889357039373e-02,5.291564702458694675e-02,1.448833038833129416e-01,-2.960980712328417294e-02,-1.279813915166143068e-01,-8.944150275218518131e-02,-9.785363452173409526e-02,-1.109161399863795305e-01,-6.004078030118272652e-02,7.933357752621734982e-02,8.369185569047302153e-02,-9.949171710412421654e-02,-1.634312777299525010e-01,-1.148094148087924898e-01,-1.151084283717404427e-01,-9.911416093950230211e-02,-1.774457265005398169e-03,1.007078372178058651e-01,4.198041284733067952e-02,-1.224546328377448812e-01,-1.980059691238839625e-01,-1.679167842141756073e-01,-1.246645243895425081e-01,-1.049350906078841128e-01,2.794700232601816936e-02,7.364064211563782492e-02,-1.740766605413773815e-02,-1.553655749821114540e-01,-2.168304005135001933e-01,-1.839165456236314111e-01,-1.289528819498788059e-01,-9.469133715256150552e-02,3.644336869081989116e-02,1.075124092206510354e-02,-8.288316261292812126e-02,-2.153099331390590510e-01,-2.179067836531395908e-01,-1.677267769483243021e-01,-1.439239047131848637e-01
-2.175818776142779132e-01,-2.474309964632268599e-01,-1.794065597861188299e-01,-1.361224705642512245e-01,-1.415400047039281073e-01,-1.301247807231526443e-01,-1.445860142442241536e-01,-1.446164596989438778e-01,-6.436668610852690209e-02,-1.430421465469526587e-01,-1.754664266345276613e-01,-1.634078094069328357e-01,-1.482746819407805561e-01,-1.384193668784505504e-01,-1.367390948166257725e-01,-1.411866066120893992e-01,6.538581788172549702e-02,4.785495772876818821e-02,-9.152272152467458288e-02,-1.838967815429572161e-01,-1.640510833010177527e-01,-1.195231145066169426e-01,-1.486792786234667207e-01,-1.710273492270846518e-01,8.264418422991966912e-03,1.034359360261209865e-01,3.436450928484617584e-02,-1.110619918564758196e-01,-1.592868444018103180e-01,-1.219942810725400256e-01,-1.296424047156791159e-01,-1.673759913566784940e-01,-1.005302330581755305e-01,3.739227384140601795e-02,9.949351722414274957e-02,9.027575178717339027e-03,-1.093767065187017801e-01,-1.191639354834070769e-01,-9.572747954583153696e-02,-1.073255950949023735e-01,-1.418722471461567047e-01,-6.491929854635852815e-02,6.412708926384230734e-02,8.881126229130038852e-02,-1.446281460941696052e-02,-9.625445232875225188e-02,-9.847762432057240167e-02,-1.053085353711406547e-01,-1.482634261723656810e-01,-1.448040179029449481e-01,-5.939417051165219591e-02,9.302676800086898123e-02,1.176200638474018262e-01,1.555915213372292827e-02,-7.975482708496244022e-02,-1.349202694784794043e-01,-1.587020545168094654e-01,-1.731909773549745457e-01,-1.457585522836714331e-01,-2.358606546814728810e-02,1.090727251157493638e-01,1.291150862212076533e-01,7.996917620102028191e-04,-1.230071909277389991e-01
1.615465391136733930e-01,1.765333165151384553e-01,1.214637325327087292e-01,-5.653688129722595108e-03,-1.968225077391244082e-01,-2.537046611980001698e-01,-2.454761519762421462e-01,-2.442282579790626684e-01,1.959443308144292739e-01,1.739449963829353407e-01,1.434204027592872188e-01,1.500312493258813655e-02,-1.989611102221647831e-01,-2.956450498659399240e-01,-1.771428628564807595e-01,-1.346062197849947073e-01,1.531424240747819576e-01,1.317624630359027771e-01,1.079437129305253068e-01,1.691383876921451548e-02,-1.497221940823622310e-01,-2.030427346307411007e-01,-1.177449253160825909e-01,-7.795374023784962247e-02,7.033817680238022008e-02,1.700589447910323335e-02,1.613459745152562644e-02,3.324748025272186453e-03,-5.864925096598909426e-02,-5.876026473515760101e-02,-2.323674150853915002e-02,-6.431970873476161588e-02,6.038862116398151236e-02,-4.862572288250879143e-02,-8.972290527325740839e-02,-2.687122959377426581e-02,2.990552436182364326e-02,9.581325166875587218e-02,1.312539988359389120e-01,1.033600010476014297e-01,4.697623204532875435e-02,-1.226529299248375719e-02,-5.332871544728387536e-02,-1.281876661014103025e-02,5.577786267277177329e-02,1.396173531527489797e-01,2.411276506004544351e-01,1.841784535337688267e-01,-1.962856041604369231e-02,-1.449065955018418762e-02,-2.201276128441477867e-02,2.071300222822062415e-02,5.435720438167121471e-02,1.238865485373497333e-01,1.347528054409480314e-01,7.467240078883023713e-02,-1.189870727586386651e-01,-1.492775376892898076e-01,-1.017294388539236594e-01,-3.475407361786669869e-02,4.308128970211080183e-02,1.781311331938497181e-02,-7.390342537342296791e-02,-1.166685183505778017e-01
2.080155761798260783e-02,4.080344264877527188e-02,4.069488493151654507e-02,-3.388990438264401911e-02,-1.154311965807230667e-01,-1.600537809068101058e-01,-2.013592716223943924e-01,-2.088713760401780251e-01,1.204511202424760931e-02,2.249769106253897422e-02,2.060001823098134982e-02,-6.116123453620310457e-02,-1.372615374346858597e-01,-1.812030150952987084e-01,-2.089674707814857257e-01,-2.185582969134197695e-01,-2.010232382057652693e-03,8.707552419861779372e-03,-2.808037230556409023e-04,-8.160927562203672270e-02,-1.471776882487500493e-01,-1.783892450897793525e-01,-1.994302914690412043e-01,-2.034869770540751188e-01,-1.369895380936632379e-02,1.750992066448541808e-03,-1.478571536295964807e-02,-8.705765613491048271e-02,-1.406663704046427210e-01,-1.646848276427812230e-01,-1.856455447380595258e-01,-1.887918142805926347e-01,-7.875168729232179948e-03,6.881945072417063654e-04,-2.949944394960157465e-02,-9.217454950461775876e-02,-1.363690355924984665e-01,-1.571699419914205365e-01,-1.763986164505385867e-01,-1.807598802970371843e-01,8.271039192976456858e-03,3.648464088110163830e-03,-3.720435959272073989e-02,-9.421373923381289039e-02,-1.372587220233664196e-01,-1.561235935214387582e-01,-1.687197464267772284e-01,-1.725265895014930217e-01,2.540724735299532480e-02,5.558696505236577524e-03,-4.690058874666317573e-02,-1.037097726612725562e-01,-1.446890305608165284e-01,-1.570616128942809719e-01,-1.655331360162211052e-01,-1.615324560355874961e-01,1.377628693217105085e-02,-1.013663309030770829e-02,-5.775928394504495356e-02,-1.111477233224957561e-01,-1.494854590306224917e-01,-1.614672262850543605e-01,-1.655811701891857501e-01,-1.574712350037734132e-01
-1.270894290994410147e-01,-1.891058019805561541e-01,-2.395074117458050877e-01,-1.946270892945951569e-01,-1.582894970638129284e-01,-1.753840983342311866e-01,-1.569343422671253541e-01,-1.002329892411688295e-01,-1.038867797222099709e-01,-1.575357994385530036e-01,-2.286331749592095952e-01,-1.856746823736781238e-01,-1.552347238960233022e-01,-1.888398327117045139e-01,-1.622087662129714503e-01,-9.298712428035522948e-02,-7.505185989292322002e-02,-1.024365208681085743e-01,-1.531260480129804091e-01,-1.309082184770180568e-01,-1.106930655518901380e-01,-1.506783441904627485e-01,-1.280006682790018890e-01,-4.952383640774748325e-02,-6.894753021546477789e-02,-5.671129462486203948e-02,-9.610591771082110935e-02,-1.026523922210015177e-01,-9.662824195060851218e-02,-1.151588487229457669e-01,-8.745247824399778047e-02,1.438862312164076139e-02,-1.144159852943416322e-01,-9.377081513728593998e-02,-1.325854907913541214e-01,-1.438793546444764315e-01,-1.250926654414135919e-01,-1.043660651631906633e-01,-5.063791480688163010e-02,1.154662213689166411e-01,-1.394941388331127630e-01,-1.230056776185304013e-01,-1.727014173012791642e-01,-1.796157822644632307e-01,-1.182659307058392534e-01,-8.584458119753481109e-02,2.038688397152807474e-02,1.346978549719051177e-01,-7.854496603427948975e-02,-7.624695101757270055e-02,-1.385664640417182403e-01,-1.207178167277015574e-01,-4.322833403876964048e-02,3.423332585754156748e-02,6.863964097670598175e-02,1.269417578014608028e-01,-6.380710276421795724e-02,-7.651485953353924507e-02,-1.385441720077190686e-01,-7.088991642993701381e-02,4.363550763982149139e-02,7.004142766473202275e-02,9.672226525789659468e-02,1.321009180950652173e-01
-8.221680322560356857e-02,-4.822728138075557669e-02,-6.341516159823255491e-03,-3.007808375849060044e-03,7.032570102045983262e-02,1.358302253349608357e-01,-3.821514978141814928e-02,-2.422130570873470556e-01,-5.959233607444206632e-02,-6.549090542875053711e-02,-6.353656880342714586e-02,-6.283497611896304846e-02,3.952661785827869118e-02,1.565930820795002620e-01,5.108337878994627379e-02,-2.578377969236157474e-01,-2.974378274379735690e-02,-5.443823111962835942e-02,-9.646221291634521355e-02,-9.240685001726051118e-02,4.709364372088856859e-02,2.360385223403926314e-01,1.014074032463685993e-01,-2.587855595661159858e-01,-2.827622653545311306e-03,-5.041134681923219174e-02,-7.900766516281872154e-02,-3.921398900562218098e-02,1.011293130978713345e-01,2.666841498102853203e-01,1.261089497498409651e-01,-2.782275613011724880e-01,2.028341866113001282e-02,-3.809275520163418749e-02,-6.486639874195748723e-02,-1.214939235825158136e-02,1.100606022682400625e-01,2.654598766950092559e-01,1.355417308051801162e-01,-2.521064163549524562e-01,5.777285141599492607e-02,-4.139424261905989139e-03,-4.154805716630842471e-02,-1.848618939893299090e-02,6.653734028658458977e-02,2.164817446861314887e-01,1.168376157223099676e-01,-2.478691885429492314e-01,8.654068968364211911e-02,2.336433261894521260e-02,-2.617885874236313901e-02,-3.062813054721095357e-02,4.854979304639831655e-02,1.442603602741690805e-01,5.887747945172091407e-02,-2.258611272894148481e-01,1.122670280170956075e-01,3.075193746732310732e-02,-1.520717255622292333e-02,-2.579932991984571281e-02,2.546287376600401067e-02,1.008137656755399569e-01,8.274697711944556389e-03,-1.982616003387805137e-01
5.052577129026323416e-02,1.098055771078484955e-01,3.551469186608997158e-02,4.780867715101486115e-02,1.192238786560194108e-01,1.012731746755124590e-01,-3.744131667959145482e-02,-1.382126216684819719e-01,3.218751283678535774e-02,8.233376160538707911e-02,9.504148229564237868e-03,3.963287145866286471e-02,1.467050617300164339e-01,1.037671755210223951e-01,-8.733421712726720243e-02,-1.837107539420459457e-01,-1.532344132406708364e-03,3.062206813312264801e-03,-4.333339452940274811e-02,2.567792117292610338e-02,1.282423038539938220e-01,1.403182901319502962e-01,-8.692515674715550755e-02,-2.048762115157966301e-01,-6.359278985975226617e-02,-7.895468295278001980e-02,-1.128500792906921291e-01,-1.541454155233647552e-02,8.797458844252213639e-02,9.691644556854485393e-02,-9.507918681787662363e-02,-2.213433538791955701e-01,-1.341704386518061953e-01,-1.553886777431665034e-01,-1.593380038475608329e-01,-5.559910026178249004e-02,5.175185386388601871e-02,4.811730136580764927e-02,-1.072766993738996366e-01,-2.143361338802698413e-01,-1.803272243620716586e-01,-1.992735631760417514e-01,-1.733932237101317164e-01,-6.173111333416465146e-02,3.902989799096021756e-02,5.811395214136902410e-02,-1.171253187114557059e-01,-2.347333510425829162e-01,-1.933303149470085858e-01,-2.191047062185439154e-01,-1.934177990703705996e-01,-7.869675796013275715e-02,1.373363328626107244e-02,5.688776844960395651e-02,-9.562724541593665972e-02,-2.270152320706332050e-01,-1.670286069891231684e-01,-2.074146483473437164e-01,-1.730379057091155914e-01,-1.074805998710273158e-01,-2.290411028336637039e-02,3.473208255615513329e-02,-7.750065546332914057e-02,-2.023853135450161267e-01
-1.791480904114903239e-02,4.357325604175683181e-02,-2.294755975700717154e-01,-3.788863698757607423e-01,-2.613120635966249550e-01,-2.065884914743337519e-01,-1.401557202195522767e-01,1.942393411329047109e-02,-5.827764014582415691e-02,1.631016363168143468e-01,-3.830787584044265115e-02,-2.090242561614161776e-01,-9.600706270128410436e-02,5.345543661527756008e-02,4.831265216399464879e-02,1.600350784987805419e-01,-1.368368892113505098e-01,2.200887935650336080e-01,1.264166183755325856e-01,-6.375605530603718762e-02,1.584796125450024795e-02,1.103365262242063244e-01,6.615946293371294251e-02,1.052559257484873417e-01,1.449521814351284379e-03,2.867089175110199561e-01,1.556790150147381313e-01,-1.435963310986001010e-03,-6.896938550971368383e-03,3.944837164197354668e-02,3.517239648386586565e-02,7.466891773174556823e-02,1.528332366882189652e-01,2.175369904234067397e-01,1.421969318093111723e-01,4.240494183355330432e-02,-1.424162998616614224e-02,-4.036771570628361339e-02,-3.128340798272812029e-02,5.332249329198417154e-02,1.550586044278954023e-01,1.725579350247927746e-01,1.393626073480418448e-01,1.619876961354569170e-02,-1.259983230763972624e-02,-5.556092691219778612e-02,-6.013762411775296080e-02,4.055130485469215368e-02,1.235050860281815543e-01,1.401974741275311409e-01,1.512486403453386918e-01,1.655024020902466295e-02,-2.563098418810888859e-02,-6.425275398963671558e-02,-9.755591912380263964e-02,-2.013047295316440499e-02,1.023219516312766780e-01,1.211565672231693785e-01,1.516790767089099823e-01,3.851841356498118818e-02,-6.823272583205902686e-02,-6.208803799524537786e-02,-9.088485902135245986e-02,-7.692219114499530830e-02
4.996850136453821929e-03,-2.217674444465384323e-02,-1.793613602695049575e-02,-2.258305839500338030e-02,-3.508882559613212687e-02,-2.608338639351103286e-02,-4.799955418557027426e-02,-4.504366115038386381e-02,5.269581784309969319e-02,-3.408567947137732673e-02,-1.014715484238480625e-01,-1.598985973168219055e-01,-1.394507294110126638e-01,-1.566966470217360241e-01,-2.136129862727850492e-01,-2.167405227157938596e-01,8.785581124272422854e-03,-1.043215755216640034e-01,-2.408219822423559586e-01,-2.892817723460525681e-01,-2.263486059068825773e-01,-1.535051621988035575e-01,-1.703494082751619287e-01,-2.032196273270875653e-01,7.116888289380635113e-02,5.244844307995441025e-03,-7.535641441709090005e-02,9.201193083789886359e-03,1.369269571958696696e-01,2.549844183403235376e-01,1.899673541203452665e-01,3.219746516511666490e-02,2.165302166276953377e-01,9.048433721191279089e-02,-5.815234044568664412e-02,-3.690490586251374966e-02,1.214576032528621036e-01,2.493562427383004543e-01,1.510969101622191002e-01,-1.188765499871991677e-02,6.253412806843076932e-02,-3.531818279459634363e-02,-7.149628713951067249e-02,-8.952922180994160595e-02,-3.786099655025083194e-02,8.160248909949122109e-02,3.264045255521935002e-02,-1.080599424945160453e-01,-1.517578531080005476e-02,-4.859011403320151468e-02,-3.468571900724461143e-02,2.380997151000236334e-03,1.271122269712477160e-01,1.757341564560689628e-01,5.059535407598706597e-02,-1.160907740031057178e-01,-6.834039677244471700e-02,-1.261891989861887824e-02,2.469499705120490815e-02,6.142466036566814058e-02,2.127980675669864929e-01,1.888400060105474010e-01,1.112555011959047088e-02,-1.746474132355709530e-01
3.434242036849676633e-02,1.226598856372690394e-01,1.611176290293269142e-01,8.860753756343899001e-02,1.707498455853688826e-02,3.495426565017262233e-02,-5.427284994965567155e-02,-1.286196692061195301e-01,1.546756999372134456e-01,2.163771836521336811e-01,2.143262771372325681e-01,1.103333084405658526e-01,8.974896288968298164e-02,1.314941139755480271e-01,1.543169986578925637e-02,-8.637856002077197448e-02,1.384125249063099250e-01,2.216364606937696047e-01,2.409254703800143005e-01,1.454601466112823149e-01,1.559303925062860974e-01,2.478502576372248190e-01,1.267066147316909253e-01,-6.492393152125938705e-02,8.697889021151969380e-02,1.538641744707304193e-01,2.178038814311029359e-01,1.936441787987644436e-01,2.386298649609364664e-01,2.267588812353489858e-01,2.718756275914206363e-02,-1.299928729104675995e-01,4.776796188531343829e-02,8.419311080738835218e-02,9.774046694182285389e-02,1.336152343780079577e-01,1.926511506356584080e-01,1.389739214346178697e-01,-4.610191358381571236e-02,-1.663554959172766357e-01,1.331362114226961602e-01,4.185072647241771387e-02,-4.785493523232138210e-03,6.611072325123990012e-02,1.320036176985360521e-01,1.432224678579938903e-01,6.442959523954074064e-02,-4.477660795302166458e-02,1.483359664863421468e-01,8.724742364183195320e-02,1.168407107000840259e-02,5.030423336647408400e-02,7.259965969967417665e-02,7.997222769073485116e-02,8.864619360350198263e-02,4.173191636224190398e-02,7.250475251264434928e-02,5.686004183463449352e-02,3.078777694001750762e-02,2.475336443219830138e-02,5.658674020995822090e-04,2.350443279426935039e-02,1.054878613209798699e-01,7.170623661864554410e-02
3.882403781409627386e-01,1.538833621674937091e-01,-1.078521594500603774e-02,5.034952891390057778e-02,1.248741598781607370e-01,1.097198014404554139e-01,4.639083618675205606e-02,7.253103694069473230e-03,1.244175657532560902e-01,-1.290000193887084479e-01,-1.132856865989049361e-01,1.484439965276285363e-02,1.156592384953604169e-01,7.820933668554229390e-02,-2.936667249245869180e-02,-9.425315768388264903e-02,-1.162452379254757806e-01,-2.578417339060358193e-01,-1.201147713316667726e-01,-1.488728591445686623e-03,7.859694558244645357e-02,6.162961638416123572e-02,-5.928428912311391186e-02,-1.411932714765355701e-01,-2.185206358226363388e-01,-1.861566481850384924e-01,-4.157650468974972285e-02,2.839535462821405135e-02,6.496139484201837733e-02,1.726529099467635081e-02,-1.042897510543833173e-01,-1.782843820999893969e-01,-1.898008730028169777e-01,-8.685245215189274504e-02,-5.638945604324524692e-03,-1.856531081096845365e-02,-1.360900571169140934e-02,1.023933323544186759e-03,-8.603370935034121425e-02,-1.349064896772003419e-01,-1.675650819104268219e-01,-1.377171577334147246e-01,-1.149889248312662982e-01,-1.040769870933208052e-01,-5.707155942426218181e-02,-3.450997577951987055e-02,-5.093104558303367807e-02,-8.590274807448002037e-02,-1.896964884424809927e-01,-2.038574791217072912e-01,-1.883368604858363937e-01,-1.473173492876632684e-01,-6.673342663020170873e-02,-1.919327655483982209e-02,-1.023615752724188477e-02,-3.086896694792735235e-02,-2.342807636492120205e-01,-2.147841754331772379e-01,-1.694179005683003891e-01,-1.575728290910238250e-01,-8.895509456199961196e-02,-2.546922198020498945e-03,1.891102710145242671e-02,6.318761297736029403e-03
-1.078847524170847977e-01,-1.170591793377832868e-01,-5.449761305334436395e-02,1.138329746237688039e-01,2.485287810943271058e-01,2.338248041426251589e-01,2.057897314458373705e-01,2.113947649989482702e-01,-1.307534743755408568e-01,-1.814248706874077854e-01,-6.797846191883269440e-02,1.647290862671871303e-01,2.678568360291724293e-01,2.088450206313564872e-01,1.906352518385372730e-01,2.344700761530385813e-01,-7.722402661119120992e-02,-8.684725111745354720e-02,-1.683780165291887771e-03,1.730615226931430661e-01,2.110129609026306363e-01,1.386573764451638213e-01,1.028033021107197797e-01,1.597338189315523072e-01,6.217844861611360879e-02,1.413082668154103105e-02,3.179477845948956716e-02,1.015434965409393597e-01,1.312392124485773082e-01,3.657555634762674202e-02,-2.473956282421113650e-03,5.212286996002155753e-02,1.909535070796056777e-01,4.884375346261289608e-02,1.468497746137005164e-02,9.137137922757053443e-02,1.051214861153178109e-01,-7.013613160713443560e-03,-5.813888940665232208e-02,4.136654117803576815e-03,2.261939928318591753e-01,1.796606345806595062e-02,-1.034092023773688007e-03,1.190446180333636639e-01,1.381805578642182619e-01,5.622029059340161866e-02,-5.902072928773038213e-02,-4.417740471413620501e-02,1.705612081627759236e-01,1.205472392137567350e-02,-4.172381634622810559e-02,5.668153201118140971e-02,1.360934650114352940e-01,1.128488710721988753e-01,-2.301514281176082408e-02,-8.060185450188755985e-02,1.286674266420422263e-01,6.695921082573522316e-03,-5.765444051908712175e-02,1.004229200485147293e-02,1.115876093687004772e-01,8.384550599318378594e-02,-7.134368786935212092e-02,-1.204439332964322984e-01
1.200221014984391016e-01,5.156618760677127850e-02,-2.506133288217030422e-02,-4.747194018750650751e-02,-2.174687113623696363e-02,-4.368078056880654765e-03,-1.511352435879226123e-02,-1.818655874169106471e-02,-5.264873423144666997e-02,-1.065294904949680710e-01,-1.201468862474000948e-01,-8.916700653026676804e-02,-3.582119320043712640e-02,2.387477032519021592e-03,1.710024213397709145e-02,3.100172232203200068e-02,-2.280050787027496084e-01,-2.088515540682288896e-01,-1.504255505933677906e-01,-1.191029761312196872e-01,-8.198909827667726080e-02,-7.097307672381283211e-03,5.668737045600039104e-02,1.037478015662272324e-01,-1.864373719485955816e-01,-1.350492702590013194e-01,-1.047641663780684157e-01,-9.039300932480719142e-02,-5.892158261978913680e-02,2.652707419495266023e-03,5.324443562537891500e-02,8.149159972708612532e-02,7.202919103235057297e-02,6.370297160435532680e-02,8.098457355551040571e-02,9.212234821505439764e-02,3.689931487877452093e-02,-3.750895376706643580e-02,-5.565602043842968194e-02,-5.591042981574857740e-02,2.091167358512109331e-01,2.020488986675720300e-01,2.518252844759273357e-01,2.541790906313711740e-01,1.010297581838179443e-01,-1.166356282339735123e-01,-2.164170188372454839e-01,-1.663318791103668703e-01,2.678023618306710207e-01,2.448997092842000178e-01,2.252348023488595641e-01,1.732949824940196448e-01,4.411819506527398654e-02,-5.928452934763671356e-02,-5.010162761123466979e-02,1.108279266355954168e-02,5.546855124128047959e-03,-8.341608135602342211e-02,-1.858413749000877579e-01,-2.024085624652459114e-01,-1.466902589955768332e-01,-3.178131480125294395e-02,8.642522503055505290e-02,1.564334327755042275e-01
1.528171285647863809e-01,1.201703240343424961e-01,5.985244453858473701e-02,4.189995524178069530e-02,4.649861463661046634e-02,4.370206525692280769e-02,4.880516318780545038e-02,6.235500112450433063e-02,1.685759392705040161e-01,1.498330458503977225e-01,1.121737060209695713e-01,1.008677836225732177e-01,1.290995663019302298e-01,1.187442881129662786e-01,9.784930383967305190e-02,1.094732888733766091e-01,1.649369123265067016e-01,1.511390363964135453e-01,1.329341453934140271e-01,1.253495993970475675e-01,1.444595221789309603e-01,1.038879857468359008e-01,4.828088927937670971e-02,1.012818057367956617e-02,5.022809329192605421e-02,5.922582967729762664e-03,-1.628080919946144067e-02,-2.736535805228768395e-02,-3.941551569699998370e-02,-6.274448371792364088e-02,-7.823650602061023307e-02,-1.034731485444084775e-01,-2.788714146778862452e-02,-5.694074837773125536e-02,-6.856106656968696811e-02,-8.586703258701627872e-02,-1.125844447685360322e-01,-1.681645667018057955e-01,-2.045007889450913552e-01,-2.076956049054071163e-01,-7.914503559864452531e-02,-8.124209393778496213e-02,-7.882301876537614604e-02,-8.351886189723559117e-02,-1.035829059414141440e-01,-1.255314796882405770e-01,-1.637579066015394658e-01,-1.647434810324349130e-01,-6.446428150392438661e-02,-2.728214330956450426e-02,1.704741150663023619e-02,4.709802813399543986e-02,9.240743413948500351e-02,1.463924550193995144e-01,1.353123656541206643e-01,1.076676406497425464e-01,1.098294495839608753e-01,1.518097059000599880e-01,1.908449698222962343e-01,2.210263958768423631e-01,2.461879687205840994e-01,2.710964280467096921e-01,2.505316396542352497e-01,2.100571066823437583e-01
8.674716738084015111e-02,1.303783559529971825e-01,9.441536978220603504e-02,-8.866441858715750496e-03,-8.858077245651754805e-02,-9.466352506721172066e-02,-5.596249453583846539e-02,-3.242254014581628235e-02,1.120547988758661406e-01,1.485439595930550249e-01,5.559789322700468828e-02,-7.746729077094750837e-02,-1.482412751272000895e-01,-1.360634333871677815e-01,-8.577136380643450575e-02,-4.996416472597087211e-02,7.833977091437335782e-02,7.423278655446262364e-02,-4.944314553722325284e-02,-1.512692294440215190e-01,-1.888136959015086214e-01,-1.654125783463511468e-01,-1.114960469273506838e-01,-6.865838122390323373e-02,2.891553276217621090e-03,-5.124165408355964291e-02,-1.469377389578612192e-01,-1.821060092144638765e-01,-1.781344413032018292e-01,-1.584739976671123429e-01,-1.154765398339876459e-01,-8.000730017660163951e-02,-6.418734322689928495e-02,-1.294799956679160147e-01,-1.717322190765749879e-01,-1.632767944387618908e-01,-1.451865945443477357e-01,-1.393689152999046388e-01,-1.185451755527861389e-01,-9.493523147780429106e-02,-1.080566534201769513e-01,-1.345191928133722958e-01,-1.487982927667242661e-01,-1.482032822604180677e-01,-1.377446952948763181e-01,-1.351545737643176648e-01,-1.370905314138485542e-01,-1.253425588249627021e-01,-1.197061041311533597e-01,-1.209127308548202800e-01,-1.230670914646741915e-01,-1.392373686974528457e-01,-1.454010576904227747e-01,-1.545773005005234291e-01,-1.617836595513706399e-01,-1.505965420213969397e-01,-1.186442619705719154e-01,-1.194058502075306671e-01,-1.271888265245280092e-01,-1.398131612140863789e-01,-1.487742205707788257e-01,-1.626851238271050937e-01,-1.574325347348522752e-01,-1.389037113867679085e-01
1.090365962197095834e-01,1.447968931305210760e-01,2.094709724899082304e-01,9.409350278845211857e-02,4.912516736874213835e-02,9.974376467601360485e-02,2.587577022253236686e-02,-1.503060055761388028e-02,7.141350966214188301e-02,8.978242057620534899e-02,1.802654204513874647e-01,9.630264173843729181e-02,2.786448420974343629e-02,1.363846909720012046e-01,8.702675772643861385e-02,-3.083302176625625848e-02,7.256724892964717955e-02,1.743331209891524625e-01,1.959619100928860491e-01,1.166536765535386710e-01,1.103975777719757717e-01,1.369429421200860642e-01,1.217981941774678029e-01,5.118881112465639704e-02,1.306615826892339183e-01,2.052705012662257300e-01,1.190297542542245318e-01,-2.639968657398159696e-02,7.520305636363183721e-02,1.553219007081410585e-01,5.715438798446530883e-02,-3.347428065800441693e-02,5.222024259664090340e-02,1.313178865642998794e-01,1.411990466671752265e-01,2.517621547027151796e-02,3.750416079680002346e-02,2.071625955732823432e-01,1.027168866687747095e-01,-1.022910718055195095e-01,1.978674351393393954e-02,1.322439344960722463e-01,1.631034540973040348e-01,1.268423885228379400e-01,8.276036967795839805e-02,1.812965862377370341e-01,1.316574782618529227e-01,1.658218727911711307e-02,-4.393961841899893250e-02,5.237060448631200571e-02,1.446060390959079123e-01,2.044141950282894193e-01,1.806718208060743014e-01,1.518664108202810725e-01,1.180281063315283402e-01,6.366754637139250550e-02,1.706751257023933835e-02,7.032076482841413678e-02,1.926376344331990342e-01,2.491379949357185042e-01,2.766217483248362141e-01,1.596740668632430638e-01,3.074274122083336599e-02,-4.250260516824819895e-02
1.542597922986622683e-01,-7.862746296811107261e-02,-1.365490858683666986e-01,-3.463906701975275754e-02,-1.866840925318745403e-01,-1.142158661742341957e-01,4.153499030619896282e-02,-1.815319143142668235e-01,1.533963562241244805e-01,-5.025705637591127567e-02,-1.271337338331552935e-01,1.758118132655614799e-02,-1.549487295583005797e-01,-1.003253729135895750e-01,8.003260046487725016e-03,-1.846965670630202894e-01,1.179667596714483735e-01,-6.875562830174498929e-02,-1.275052333503088331e-01,1.196024874944550537e-01,-1.020083026579762103e-01,-1.075475580127061154e-01,2.439459268746009893e-02,-1.394270392917922874e-01,1.230417992698553814e-01,-1.059414330887476358e-01,-1.518909218707681086e-01,2.042610227131932132e-01,-2.523628884544220144e-02,-8.994909217003016488e-02,2.773424754153935856e-02,-9.691198666296567399e-02,1.494405206490486970e-01,-1.607020655423278266e-01,-1.777793807181403951e-01,2.165920407362589284e-01,3.651947674222556089e-02,-9.335423913574326937e-02,-6.670173396182406921e-03,-8.277026052146588264e-02,1.851987023786891562e-01,-1.330701216296836797e-01,-1.519210276628122913e-01,2.204391860296503192e-01,6.459154170340181134e-02,-9.370607759173529838e-02,-4.782292451233051411e-02,-1.621243532727475734e-01,1.999717532812826659e-01,-1.112214171610985680e-01,-1.000194208450720240e-01,1.802998443786567873e-01,7.590828503655906679e-04,-1.028703651627247417e-01,-4.296592635538167004e-02,-1.827577471684236343e-01,2.231802979006788923e-01,-7.665079248732283024e-02,-5.412127444607296028e-02,1.327804344703450712e-01,-5.295375795518270090e-02,-1.174163528360064462e-01,-9.334805482607436491e-03,-1.145318800038074569e-01
-2.005859014038418597e-01,-7.474872835476208122e-02,6.683356950860235013e-02,1.532602560264810856e-02,-6.676832763882865895e-02,-3.986397574344370531e-02,1.008223738580020373e-01,1.830929242805105772e-01,-1.650023076776249153e-01,-4.642430440385093837e-02,1.894633233964484673e-02,-7.581345297639797975e-02,-1.446160848712467750e-01,-1.103924808638920146e-01,-4.271308997476783859e-02,-4.905335829836268008e-02,-1.804556120947604925e-01,-9.564552821857301435e-02,-8.725454608696479875e-02,-1.902555121592147402e-01,-1.858443285441917225e-01,-5.559587795472178268e-02,-4.685606435417962595e-02,-1.218098166776196284e-01,-2.214403243172434477e-01,-1.021956579667432086e-01,-8.106707669749714518e-02,-1.639381853995253713e-01,-1.261510952046424605e-01,1.275262839967896203e-02,7.552782960985718330e-02,3.872235671457471828e-02,-1.743261661850966371e-01,-5.333530171428946254e-02,-6.405902965926710269e-02,-1.012931484433591545e-01,-6.422695184429862147e-02,2.625823742274947109e-02,1.257813637830117182e-01,1.860789194443757399e-01,-5.716147785932657044e-02,-9.132214576803947964e-03,-8.499563163144906175e-02,-1.232218681105106822e-01,-1.164846115639669860e-01,-9.151185885655081786e-02,8.500033975090950933e-02,2.228827491865941757e-01,6.483530241558233854e-03,-1.548110852387182650e-02,-9.976006265999498579e-02,-1.482967749865767015e-01,-2.214237773800482034e-01,-1.562780386349065798e-01,8.960806917251341874e-02,2.129279086518767461e-01,-4.032650233066577272e-02,-8.275741647527817824e-02,-1.229268208462929862e-01,-1.855636463049920581e-01,-2.723902067611335132e-01,-1.195188211164755071e-01,1.203806435438413425e-01,2.074352952766729263e-01
-3.717976520800117535e-02,-9.624107945352651516e-02,-6.797601092544296175e-02,7.165499006954996475e-02,1.656015539353492272e-01,1.516969593367895053e-01,6.000773067100020203e-02,-1.380108417051154404e-02,1.615058360167712370e-01,1.983548224426531503e-01,1.830621434015188287e-01,2.451658072576907155e-01,2.526592033365582801e-01,1.178416907210117354e-01,-2.659505260637664778e-02,2.601157291821909467e-02,5.913459045464343478e-02,2.441558243954526294e-02,-4.153197546785745986e-02,-4.934418747897743873e-02,-6.495109089358502841e-02,-8.667810003207720992e-02,1.835602103708053670e-02,1.284017620963727180e-01,-6.337629032586997169e-02,-3.775497076609686531e-02,-4.178529743030252180e-02,-2.870674103182334347e-02,5.603951045864783570e-02,1.432198515413974360e-01,2.652671271914574525e-01,2.551624954714247218e-01,1.238435257290584762e-01,2.721984815912409372e-01,2.773842486517143491e-01,2.651451226848944298e-01,1.924086203497004099e-01,8.252814989125981104e-02,5.431644917900499414e-02,2.606960503291217042e-03,4.724939011414436285e-02,9.545814005386853152e-02,1.340482928452317035e-01,9.427137995576298501e-02,5.564625007686034575e-02,1.408713689258936710e-02,-3.246597155532753021e-02,-3.120904127144875570e-02,8.391391532641387374e-02,6.097643819464115822e-02,8.603596993861416242e-02,7.787734058645791324e-02,4.384895838974646465e-02,1.103709384161306456e-01,1.508787578314589872e-01,1.494080265971906296e-01,1.099133323890341268e-01,4.731317494195008688e-02,-4.279331178370893857e-02,-3.396521198296770933e-02,4.333309976971422978e-02,1.148929271653500450e-01,1.479229700255964286e-01,1.363939046453426784e-01
-1.607004270600227991e-01,-2.000116915247726612e-01,-2.418859683570481756e-01,-2.484850754983090881e-01,-2.347845529995851444e-01,-2.005581360787277168e-01,-1.711816118251540397e-01,-1.773052210525545846e-01,-1.117211795931657009e-01,-1.240429111760511932e-01,-1.701954119684443711e-01,-2.094527613058280169e-01,-2.043608163204778672e-01,-1.711270715312143698e-01,-1.517339814869181625e-01,-1.726384158476763075e-01,-1.064742481444718308e-01,-1.050949797193936053e-01,-9.851737800870292994e-02,-1.145507599153500061e-01,-1.062309358116757668e-01,-9.668631841680715155e-02,-1.285390926172657045e-01,-1.595571004818854832e-01,-1.253470229238095313e-01,-1.353210975282073958e-01,-7.982300809158372756e-02,-2.566474535937854351e-02,5.918597160218112135e-02,5.745201950022751913e-02,-1.618049619918507029e-02,-8.024578640412137476e-02,-1.243878556502583388e-01,-1.436418710131517895e-01,-9.876372605735989074e-02,1.954451855200541391e-02,1.188617224997302602e-01,1.248606254814188105e-01,7.906958688650368716e-02,4.159568384597091967e-02,-9.939893366808338904e-02,-1.220189909796135924e-01,-1.367466112936211176e-01,-4.497596575176360245e-02,7.132219613989583540e-02,9.451409804043972573e-02,8.387133751953480820e-02,8.459098471614504011e-02,-5.583221024387331755e-02,-8.168956698874063616e-02,-1.329469924274038484e-01,-1.214788653548678904e-01,-5.653448879033584791e-03,7.226974667690345966e-02,8.972019074296049002e-02,7.161814446056705141e-02,-4.137469765981723752e-02,-7.363777576420339754e-02,-1.145175158370891483e-01,-1.424186632916982498e-01,-8.598767661077989788e-02,-1.892612496617458642e-03,4.408726311878655157e-02,5.191043788147294696e-02
1.197646734594359774e-01,6.619339539379007209e-02,3.075593800325139224e-02,4.209860198903047496e-02,8.058608464784119962e-02,1.252893261271616487e-01,1.546692843336391621e-01,1.758316254228998177e-01,1.835315028781377977e-01,1.574802016346603106e-01,1.553682971084867914e-01,1.835114779680615538e-01,2.115200842162430206e-01,2.416137424973314463e-01,2.595424722723885247e-01,2.488532604332286680e-01,1.484312075504587991e-01,1.644911067431346074e-01,1.918387874881057054e-01,2.052133533256337017e-01,2.066194157990738356e-01,2.235636674687480618e-01,2.082815648320646695e-01,1.551372702303171203e-01,1.339577741848750336e-01,1.488078446130410848e-01,1.543569800131256720e-01,9.452966066522992816e-02,2.847619828091538241e-02,3.182587536692608327e-02,1.688224183313008497e-02,-3.787541724472188315e-02,1.101491828347016255e-01,8.614166558546917929e-02,5.801229487540014024e-02,1.461574994918139400e-02,-4.122080408677221419e-02,-1.331952075862052019e-02,4.660400257805033530e-02,3.883618491579153564e-02,3.685504244088214088e-02,2.472484036945997443e-02,3.608182274401353085e-02,5.723030633852545235e-02,5.793474880494220436e-02,8.832349991984633775e-02,1.136544568693934193e-01,9.460492039301449108e-02,1.516032982394107699e-02,3.660570994598633110e-02,4.449301965656320135e-02,4.247716570052511437e-02,3.494972912255970426e-02,3.172691363158833960e-02,5.878820470558255434e-02,6.296989888056273021e-02,1.362042762204967727e-01,1.377067486290629861e-01,1.233609139350634876e-01,9.756085547367639166e-02,7.872000949104177026e-02,1.102901390021433087e-01,1.232227880943899123e-01,9.612564323915943898e-02
1.208438231605105107e-01,1.474266272379650689e-01,1.663387615700523403e-01,3.731220866745736664e-02,-1.105062407436321198e-01,-1.451633125998665064e-01,-1.526581401713454078e-01,-1.376018192413627772e-01,1.380418244463761657e-01,1.578043529506717169e-01,1.959170812347483803e-01,9.611814228814126448e-02,-9.758787526753441577e-02,-1.680233265516178076e-01,-1.667352935661547686e-01,-1.397657081275665847e-01,1.544219058164369995e-01,1.592785926462069457e-01,1.973251476482849598e-01,1.399019292347551957e-01,-6.984023704201101912e-02,-1.600382762766815181e-01,-1.679751014578314550e-01,-1.532494812855528799e-01,1.378908809044821493e-01,1.477631765661304442e-01,1.938224978879278804e-01,1.479829095034407849e-01,-6.301508117396908970e-02,-1.475404956582930527e-01,-1.416223991813840288e-01,-1.402065687463264765e-01,1.155450380625877710e-01,1.304823648988328588e-01,1.815857763045579110e-01,1.340440825894691490e-01,-7.937810125312620702e-02,-1.422354206539362398e-01,-1.046541953277952824e-01,-9.547964108541980022e-02,8.735016672660191051e-02,1.004367836124493013e-01,1.520942028328578777e-01,1.104369868100149449e-01,-1.068499372085283811e-01,-1.525790183480538742e-01,-7.063363537355957233e-02,-4.663899081329240387e-02,7.834588210964593680e-02,8.196196555559644159e-02,1.204255756103598668e-01,9.277409365519524720e-02,-1.056373724334050135e-01,-1.343399644187076303e-01,-2.832581762185803695e-02,-2.036752187091887302e-04,6.622087319967820407e-02,6.807536942856298734e-02,9.508196118529291252e-02,7.764617886563940363e-02,-7.578915674609072728e-02,-8.728163379603572081e-02,6.807374117187753359e-04,2.172664850565782929e-02
-7.928652700258909114e-02,-1.917332156633626272e-01,-1.723650864050318698e-01,-1.138330566261849114e-01,-5.576324196736439504e-02,-2.573668856809132460e-02,-2.635773506777250481e-03,1.917301192104996221e-02,1.891613685410823420e-01,1.104705233517294244e-01,-5.813526682403337420e-02,-2.293323866933333621e-01,-2.270727183595327991e-01,-9.300319681928521931e-02,5.624348894469109739e-02,9.316646668254850716e-02,2.181945334844236084e-01,2.311101945757851051e-01,2.181869893861799470e-01,1.370332639603955849e-01,-6.942880498741779705e-02,-1.861785731486190754e-01,-8.720312128607711488e-02,-1.960717952422717791e-02,1.059313219657775779e-01,9.418668283210930581e-02,1.661237099682593699e-01,2.991805303013421735e-01,2.474382716243299918e-01,1.593103464467418573e-02,-1.777711030426718797e-01,-1.656459180394406483e-01,8.761497163904995167e-02,6.790347345094950582e-02,3.752444881845037189e-02,4.661205904188205768e-02,1.149756332394888531e-01,1.250388940523196324e-01,6.390077552550973983e-02,-4.489021179145996632e-02,6.316113181593745185e-02,7.787072738802049143e-02,6.255794800686087509e-02,3.736782051862484050e-02,1.620316009994833203e-02,-2.276647012762530661e-02,7.113400180771600745e-02,1.635453773033054836e-01,-4.958206459101261072e-03,2.236366477003762926e-02,7.361752884765036808e-02,1.368464664389353602e-01,9.920620816454879531e-02,9.197744195567460548e-03,7.003359855675871104e-02,1.779565169025917604e-01,1.032207689021702370e-04,-1.000800714206781170e-02,3.020548330076679167e-02,1.245690330807116136e-01,1.599496720218626933e-01,9.456980354170127501e-02,8.853072743361438401e-02,1.808070410278427298e-01
4.273798144974384067e-02,1.744882547679029727e-01,2.930922678408862114e-01,1.941483716701571660e-01,-9.687811657712321056e-02,-1.612446038840728291e-01,-1.094952074528209307e-01,-5.662524198798578323e-02,-5.903329091248755642e-03,1.366566392806342345e-01,2.800069208784505825e-01,2.415051949673653886e-01,-4.553475695135251328e-02,-1.557271466198069942e-01,-1.012016548861527365e-01,-5.847610826714876031e-02,-3.151262526857466495e-02,8.739507387871513211e-02,2.275022265499735130e-01,2.527475252458389332e-01,1.980237352681776114e-02,-1.555096830684421227e-01,-1.018260663145488243e-01,-5.329210973862058554e-02,-2.641055118364312934e-02,7.616886141737091998e-02,1.927641777385842581e-01,2.371307380138258369e-01,6.746884554038846959e-02,-1.328386497033580693e-01,-1.205763370032988113e-01,-4.795328450122374880e-02,-2.043121732454992318e-02,8.264296379232212442e-02,1.598117294919519649e-01,2.001264915068731443e-01,1.210060175590791376e-01,-8.367939128811038851e-02,-1.159541781542993560e-01,-4.951171291931743407e-02,2.890923746810396180e-03,7.018185356682665743e-02,1.419550099274848876e-01,1.708605990091157378e-01,1.410423741891333183e-01,-3.660827017539623057e-02,-7.959308531485642657e-02,-1.859981306001528764e-02,5.406103079321474512e-03,3.642580600160262583e-02,1.263937092990543021e-01,1.527182838291052114e-01,1.260481123755430588e-01,-1.241868801478973258e-02,-4.556884374473843535e-02,1.632507139716076958e-02,-3.640021661283510384e-03,1.070178329381277563e-02,9.439388077548963030e-02,1.367326845460419271e-01,1.221101912821507263e-01,5.454105438904034535e-03,-5.098468343382290408e-02,1.619758968293816964e-02
1.328244500012534524e-01,1.138350834974395515e-01,1.173841813653985211e-01,1.338435140662390110e-01,1.325386924989469251e-01,1.331842738499110224e-01,1.163075142312394034e-01,1.211519742638613312e-01,1.450162183498298618e-01,1.187241703569735796e-01,1.054663185179794821e-01,1.123630773488531742e-01,1.112061517930304222e-01,9.958827681826308564e-02,8.899303498561685066e-02,7.692794299730132401e-02,1.298814657656264804e-01,8.256362397898943384e-02,5.083711947240938944e-02,4.143048146592482467e-02,3.011907993586920851e-02,-4.251177722492537232e-04,-5.311733502936790557e-02,-7.877868127168818901e-02,9.942654945907261621e-02,8.330567899806518017e-02,3.400543157168253727e-02,1.698549340779894126e-02,2.233349769124536380e-02,1.441519770956063533e-02,-2.729728084376072117e-02,-6.857949242565976322e-02,-4.118273056915136218e-03,-3.149654429387552246e-02,-1.135488977095798074e-01,-1.513455921490874656e-01,-1.302372380698360588e-01,-9.959818507446156766e-02,-1.016495823895823408e-01,-1.084595100768015741e-01,-3.731814709699745464e-02,-9.438731084314254394e-02,-1.700796285009988640e-01,-1.996393951514330301e-01,-1.624176675599210140e-01,-1.136781054824230752e-01,-8.785762009932632233e-02,-8.060767052988192238e-02,2.157812962725850769e-01,1.999277649518922395e-01,1.435252019715107796e-01,1.257841787501501885e-01,1.509418976527147904e-01,1.747068507531000514e-01,1.658329806143117591e-01,1.385888345797371968e-01,2.177709105056157279e-01,2.110581919159529307e-01,1.886757079046326169e-01,1.650240968866715230e-01,1.627582373956084349e-01,1.764650693385721725e-01,1.869170566558980284e-01,1.677139106781621036e-01
1.357389613241250237e-01,8.823163228147350157e-02,9.514581633338584088e-02,8.197862398851775423e-02,2.859114765641511055e-02,-2.438955409949623843e-02,5.680686300848610676e-02,1.989743149155246416e-01,1.571243772675017247e-01,1.410135233250296993e-01,1.027039771326899859e-01,6.996200576420526229e-02,3.285781165529914200e-02,2.648323083072886414e-02,8.388862524501673745e-02,1.194149985561265143e-01,2.188553919423267269e-01,1.787276554508131499e-01,1.287215091255879129e-01,6.947320429591236080e-02,5.687015611404191290e-02,6.117791067066251365e-02,2.945035803922268353e-02,-1.175786582268940547e-02,1.639169161398022490e-01,1.156785382870512829e-01,7.561473777273981789e-02,5.458396439833338581e-02,4.113111756645199818e-02,1.609709832303438115e-02,4.005122714097955963e-03,-4.506412111245945012e-02,2.574309897687724821e-02,4.609511962074087227e-03,-1.669012524786662316e-02,2.591443785056131779e-02,3.404611833899300749e-02,1.477115894191126204e-02,1.866149034314831118e-02,9.766800228203746659e-03,4.903220035492232565e-02,1.000473415609088451e-01,8.932040136605480518e-02,1.162353147766287398e-01,1.349565884466627785e-01,6.599961029538241319e-02,-6.168905769041032466e-02,-1.455834814832186741e-01,4.024258912051720954e-02,1.187313673784073653e-01,8.778226884525883178e-02,-1.935156110113939176e-02,-1.128438517007110953e-01,-2.151295701028786700e-01,-2.517508508397892086e-01,-2.129009085637775522e-01,-6.422036763409928739e-02,8.367110673544569596e-03,7.165194622110655776e-02,1.260850274967793838e-01,2.003416482751528838e-01,3.037961227313633605e-01,3.520331553672736424e-01,3.324201050159274473e-01
-1.372968106519558418e-01,-1.262973732138033267e-01,-9.946233787878930310e-02,-1.074241826047514781e-01,-1.138836966513848553e-01,-1.131422159714824821e-01,-1.065169362693803995e-01,-1.107543576413170805e-01,-1.064959887400675209e-01,-1.025053035218106146e-01,-8.637131733628010399e-02,-1.111480846165814745e-01,-1.353983015115710897e-01,-1.348747036642256036e-01,-1.245007068383806453e-01,-1.225558909862622115e-01,-3.811921003114181195e-02,-4.797167863007248401e-02,-6.215656325531956905e-02,-9.772537421040108918e-02,-1.138971379595260097e-01,-8.825565157567145935e-02,-7.789787747219525937e-02,-7.756298982486735383e-02,2.117703721850118861e-02,5.254569667263904453e-03,-5.364709231764705141e-03,-1.468927294722096460e-02,3.609972298649688559e-04,3.085745506304847507e-02,3.095749945147017318e-02,6.532472984617165683e-03,1.018335524545869591e-01,8.405080234281908647e-02,7.490248138972781244e-02,7.743862663719956740e-02,8.663842895756776463e-02,9.783377933811290839e-02,9.314093990614791263e-02,6.393255791808998001e-02,1.867036941011742945e-01,1.724635480898827899e-01,1.651802143859389671e-01,1.535417457672877961e-01,1.396146331841553456e-01,1.430305064617413136e-01,1.266986914232930972e-01,9.833205070966208328e-02,2.225940555301232360e-01,2.128565899506834058e-01,2.024978375489877858e-01,1.896114274088920026e-01,1.709658296613018047e-01,1.537667715455179607e-01,1.217467719105673057e-01,8.604877442833260004e-02,2.261126016548478945e-01,2.143356760941619310e-01,1.977354808599984803e-01,1.787211961185221631e-01,1.611223026975474037e-01,1.568414061447495067e-01,1.331227509827040412e-01,9.833741805591900143e-02
-1.160043718001585733e-01,-1.321188451145099696e-01,-1.247094116661304625e-01,-7.691390960735793036e-02,-6.366837075587578054e-02,-1.059447811099244741e-01,-1.490473612018442806e-01,-1.641430740529153942e-01,-1.040214640132439139e-01,-1.369897000657376296e-01,-1.289372267909561776e-01,-6.670600181327643319e-02,-4.278211625250499112e-02,-9.099369992077772917e-02,-1.334740682833754633e-01,-1.456796627178154613e-01,-7.970403009193623156e-02,-1.229736967567899575e-01,-1.260559360793972461e-01,-6.326533949656057421e-02,-4.198750238423079595e-02,-9.606945326074735336e-02,-1.477298981965712854e-01,-1.584297902377858613e-01,-6.032379949357228460e-02,-1.219592560089877570e-01,-1.421218760497169054e-01,-9.269442595508539662e-02,-7.107552433884210819e-02,-1.279789288251686197e-01,-1.856865873409366541e-01,-1.977500092702638157e-01,-6.248623031327181498e-02,-1.285440436226036598e-01,-1.525671159442931746e-01,-1.129954495365392553e-01,-9.716947262827455023e-02,-1.445597600178583630e-01,-1.951147524561663849e-01,-2.047806124161117569e-01,-7.550522774599685571e-02,-1.337465911035496668e-01,-1.470965884166906545e-01,-1.083956862906425150e-01,-9.797866135081563510e-02,-1.249880709317035266e-01,-1.655408149673812390e-01,-1.846665751859535853e-01,-8.979012135436112430e-02,-1.315511166583019087e-01,-1.418847440670635285e-01,-1.035732525763123774e-01,-8.263647371526539054e-02,-1.027092663795716593e-01,-1.420385934640078507e-01,-1.649794721685970689e-01,-9.589733251131224434e-02,-1.213443876304007157e-01,-1.312472333576872041e-01,-9.992514372925327681e-02,-7.608215019620424846e-02,-9.405673411892723212e-02,-1.406022026510288236e-01,-1.572159063804028922e-01
2.125447240903295398e-01,1.783965787038676587e-01,8.741375236918397240e-02,2.244241751678614782e-02,4.463823157455697882e-02,1.100246867428247982e-01,1.753154676321713457e-01,1.917358910280360651e-01,1.712956588020490833e-01,1.709528150059402840e-01,9.379733254760976024e-02,8.134611409146222036e-03,2.171213476488667929e-02,1.075127272433058501e-01,1.770883949940324220e-01,1.969763176124338655e-01,8.839881637608981713e-02,1.025952072402158133e-01,6.413039757165683863e-02,5.384535425804607475e-04,-1.929557313642128735e-02,6.608081443262250887e-02,1.535279900985885571e-01,1.724028772956043287e-01,-5.192328482636248202e-03,6.884165537757731389e-04,6.013500663525911047e-03,-2.368721081410976592e-02,-5.504605392899881294e-02,-1.153059013950116438e-02,5.762164720788692795e-02,9.499671684005438210e-02,-8.284243378684798265e-02,-9.034629107503995560e-02,-6.822152636664112479e-02,-5.672688915533362353e-02,-7.408611590515361278e-02,-8.191014468720241026e-02,-4.216684469195966511e-02,1.687966386318115117e-02,-1.556362791996631634e-01,-1.622123981699605533e-01,-1.257030006654709098e-01,-1.039003217070864071e-01,-9.022269594541248994e-02,-1.073588243923030705e-01,-1.238463940530675628e-01,-7.342662833027885361e-02,-2.153111853571285650e-01,-1.961597033272788337e-01,-1.497718204665713371e-01,-1.340044039077553095e-01,-1.083990033870463471e-01,-1.006630554195287325e-01,-1.433783684773315414e-01,-1.253259829658137092e-01,-2.529217862145187179e-01,-2.401685531138220142e-01,-1.864181648354939214e-01,-1.593866063160467028e-01,-1.383008891004435248e-01,-1.246714609037760380e-01,-1.296799431337925523e-01,-1.251640628650993736e-01
2.033285608552607426e-01,2.101896755938875150e-01,1.698985292648339807e-01,8.494308169231841454e-02,6.008778334702190999e-02,5.552779078784030042e-02,-2.170751593167593099e-02,-1.324397352601835998e-01,1.851676045900955137e-01,2.314335178461586207e-01,2.086159708136939017e-01,1.152635875107900221e-01,1.029297232368149434e-01,9.995221499646539387e-02,4.471807546708778114e-02,-5.696074568908778002e-02,6.577447385583835848e-02,1.557730843204884474e-01,1.510366957513624708e-01,4.824706154719910628e-02,6.075910719917541891e-02,4.051694577527749364e-02,6.455193652240226454e-02,2.033142328754909342e-02,1.701499473621951447e-02,7.251333138597330918e-02,7.156688196242400046e-02,-3.768063084161116932e-02,-7.126031327597820431e-02,-5.785865759351675741e-02,5.766693941205513520e-03,5.295689255121187322e-03,1.210894750512888224e-01,4.838747568493419193e-02,1.346715223671502044e-02,-9.061352086195026412e-02,-1.500093086021460909e-01,-1.135380081791873552e-01,-3.099834859414241431e-02,-4.450831191876412907e-02,2.638133283083764491e-01,5.521109655077036105e-02,-9.622458492037154476e-02,-1.510171831612330540e-01,-1.330313422823380387e-01,-6.391846418791842510e-02,2.037462903999490843e-02,6.902466884038897105e-03,3.095564223681805949e-01,5.646431291376446948e-02,-2.022372802430901506e-01,-2.075645723626325656e-01,-1.538782339481470918e-01,-5.129563913695640853e-02,2.443254147186313743e-02,5.757497307997621466e-02,1.850058105356557347e-01,-5.763951715580471757e-02,-2.560284011988706032e-01,-2.180369018544590642e-01,-1.891478987275633239e-01,-8.363253262078386430e-02,-3.516616452214503530e-02,2.077711933689252791e-02
-7.204528492157401265e-02,-9.280359420437346574e-02,-1.134762188825210599e-01,-8.942325279386315051e-02,-7.866781929789330718e-02,-1.341564017349377858e-01,-1.800959461549691831e-01,-1.860044001014950210e-01,-8.975960400471795497e-02,-1.160427829382609660e-01,-1.396204400332267948e-01,-1.164646557992274761e-01,-9.190949693885636096e-02,-1.406390421628833376e-01,-1.877786143922795248e-01,-1.806216857407172693e-01,-1.307261135133888086e-01,-1.537408178998866393e-01,-1.666878217450837307e-01,-1.337622625855321989e-01,-9.882320400451387321e-02,-1.352711668419818714e-01,-1.606426921806156649e-01,-1.451654022980303216e-01,-1.697622033708294231e-01,-1.928051404511730849e-01,-1.908893913918861263e-01,-1.462089659891533944e-01,-1.045852629788142363e-01,-1.284234650086827356e-01,-1.477705057478836126e-01,-1.373186125799688018e-01,-1.750285837219276719e-01,-1.950011886944718886e-01,-1.752452956121495764e-01,-1.141785568762271746e-01,-7.046250229271930343e-02,-1.028376072156172438e-01,-1.433418695804623555e-01,-1.463874219630016404e-01,-1.567641606593278836e-01,-1.572732018487630890e-01,-1.169865642032554137e-01,-3.670105214851684255e-02,6.649848707651914367e-03,-6.476579799107223812e-02,-1.325894209904748822e-01,-1.413883297267304884e-01,-1.104040379037512370e-01,-7.640852911223679211e-02,-3.264141323097231873e-02,3.480379325365634546e-02,5.808767084418967747e-02,-1.880885855026661474e-02,-1.154256709036073358e-01,-1.387190355066604541e-01,-8.178465736797156660e-02,-4.339811863695593186e-02,-1.962333899682841207e-02,1.312360228770637592e-02,2.388457372241345120e-02,-2.169220963024193899e-02,-1.047287958726035723e-01,-1.277528041088479283e-01
1.065184564879625151e-01,1.412603934295389718e-01,1.405376844199386077e-01,1.969993321920953944e-01,1.820163983526594809e-01,4.286770852610983368e-02,-3.305978458965923988e-02,-1.941971995389483729e-01,3.853453952253048376e-02,9.308361782622437408e-02,1.095931192432938739e-01,1.508680132171186516e-01,1.528001744009820639e-01,7.700543806200747798e-02,1.717873144519187212e-01,1.919890945357141318e-02,1.075569946392915255e-01,1.645423795158003077e-01,1.851360093527943118e-01,1.981374340250105226e-01,1.699655468381393031e-01,7.613011689221566014e-02,2.150195468691172840e-01,2.244332686470315308e-01,1.330509817951315843e-01,1.642158649627120659e-01,1.672869376395681174e-01,1.615555359313353145e-01,7.143271455604806308e-02,1.702173285587659304e-02,1.152841937416473200e-01,1.539252074898900258e-01,8.805291266569439945e-02,1.447136633847131981e-01,9.932583678337429667e-02,1.051521277151563766e-01,3.047198488509479317e-02,-8.760828887757935541e-04,4.447097278972544920e-02,5.357790257643361281e-02,1.515169287477759752e-01,1.858266643811621877e-01,5.702840697033155493e-02,5.815368093109573450e-02,-2.673486487612644624e-02,-1.903478452376606081e-02,5.992043551187622996e-02,7.698319001410859619e-02,1.381098023376085004e-01,1.841737941016843572e-01,1.043262051906874294e-01,1.057041284234040285e-01,1.674295152242160842e-02,1.817822280478986752e-02,1.064241059097611325e-01,1.742973355695545401e-01,9.569958929450021745e-02,1.598353251251201368e-01,1.061080581274663343e-01,1.185401759517330234e-01,7.209374684617403384e-02,8.500688353002991415e-02,1.076854187598346863e-01,1.271879108042435202e-01
-9.628321753811860950e-02,-9.001602353912112331e-02,9.721270494518785554e-02,1.383128334873126586e-01,-1.645292661983944332e-02,-7.595596700075671337e-02,-1.869870343332027951e-01,-2.012645072190419604e-01,-1.435206894823791712e-01,-1.436540542141527543e-01,3.859121574113517222e-02,3.674150423481862410e-02,-5.233232501158056882e-02,-1.215675496047933235e-01,-1.593820771306976580e-01,-1.914760012590343841e-01,-9.168309956862803756e-02,-6.128231057235626611e-02,-2.201198488772917669e-02,-3.065073048085525595e-02,-4.816071664624205217e-02,-9.141577380978797851e-02,-1.739606495292869981e-01,-2.232555014681929517e-01,-7.614251071791468262e-02,-7.770137907450888615e-02,-1.212769697945637604e-01,-1.278419811935129491e-01,-4.489007829804733674e-02,-7.853510731078333640e-02,-1.522467485754631922e-01,-1.899738691812024316e-01,-1.110807076658367198e-01,-1.243882645326801206e-01,-2.033830719628041683e-01,-1.757966562185133419e-01,-4.951289915095407473e-02,-6.290592600760037956e-02,-6.463671931455154673e-02,-2.082971343991167276e-02,-8.926588792442582965e-02,-1.293523924117683521e-01,-2.030287761039426542e-01,-1.755902688972056369e-01,-9.905738548362619245e-02,-4.418873841120375678e-02,2.647843854040410339e-02,2.945678998845431204e-02,-1.455416122405245871e-01,-1.966488044936476609e-01,-2.072100941761061410e-01,-1.655177149266853498e-01,-7.605943857338778868e-02,-1.622054680660705087e-02,2.209824367934363695e-02,-6.467675802406861428e-03,-2.099385986704186691e-01,-2.413932630390611955e-01,-2.317066851144016226e-01,-1.356232322028288750e-01,-3.298112985839268124e-02,1.002448665668960980e-02,-7.004959958122842188e-03,-2.358572349102330129e-02
9.880306231257607319e-02,1.180624452774064054e-01,1.536548533846650855e-01,2.127248631641374954e-01,1.950026751289797577e-01,9.475266471040919014e-02,4.245683471587467957e-03,-3.265139686254607543e-02,7.337111869094947725e-02,1.245102166511596331e-01,1.427718306099158840e-01,1.563645543508618840e-01,1.566101168549189071e-01,8.576751544937967486e-02,-1.523593762332685862e-02,-7.153800173870446255e-02,3.275540687704599219e-02,5.152549100404887894e-02,2.956765240384098825e-02,2.976133347122993794e-02,6.061404864648820001e-02,4.566062995165112715e-02,-3.804510114304650997e-02,-1.271527277051338056e-01,-1.397915642412486947e-01,-1.456707099856562881e-01,-1.559893532448594078e-01,-1.065918139043197654e-01,-2.628115505652010159e-02,-4.084801048155496661e-02,-8.941852759540655504e-02,-1.300282793231782308e-01,-2.251208280115663540e-01,-1.978283589006100129e-01,-1.664040268248517251e-01,-1.307219324845296515e-01,-6.994406832278385333e-02,-5.950777444173643849e-02,-5.765708655451317471e-02,-6.934554463131197000e-02,-2.552210852121321594e-01,-1.980270463046183427e-01,-1.596185695458803289e-01,-1.038640378249754415e-01,-9.171921071308149209e-02,-6.932605772729048821e-02,-2.715157776077041507e-02,-1.383751326181162367e-02,-2.202796650756878860e-01,-2.173626660539080824e-01,-1.626969043751142763e-01,-9.041863574157428529e-02,-1.724518620775859074e-02,3.698323243384423614e-02,9.215431170103063896e-02,9.543881404509375888e-02,-1.944420991705583246e-01,-1.867106738146113165e-01,-1.667542914832648437e-01,-7.860189258104560706e-02,2.177839157715933532e-02,1.005992312332522343e-01,1.524122670628883514e-01,1.665263166499324765e-01
1.326490814150927955e-01,2.776947976570877663e-01,7.033904304977549315e-02,-7.397922130782570715e-02,-7.638291089106345744e-02,-1.550004504191971610e-01,-1.597481924684398258e-01,-3.165522316232200623e-02,9.319771114840634529e-02,2.948441349475736106e-01,7.686568980882485524e-02,-6.325780052129997832e-02,-3.796266455175878463e-02,-1.415535301645027000e-01,-1.064445395860510180e-01,3.213316029551909619e-02,7.331401601833908988e-02,2.710809991867730862e-01,6.451656488946377888e-02,-5.114382073530560069e-02,2.023451805316453869e-02,-1.176583077361207791e-01,-8.154071589025436995e-02,8.455433321795276236e-02,6.401540839840269559e-02,2.516158789673794693e-01,4.838868865592858143e-02,-8.379272450588906573e-02,5.405062140746305643e-02,-6.305608776512024172e-02,-4.587232182545918080e-02,8.818373538102834697e-02,5.498522704252684773e-02,2.671525808685034642e-01,2.497835290673676087e-02,-1.131485982495327308e-01,9.689629013160133697e-02,2.322827823075030232e-02,-1.514705613098482791e-02,9.191769859475751314e-02,7.156993024087347777e-02,2.781509571563364758e-01,2.911988580273185134e-02,-9.943260072845806763e-02,1.253599908957589160e-01,5.179052240638131605e-02,2.620402160945859565e-02,1.167599458574275634e-01,7.465439469017792762e-02,2.480139497017289918e-01,4.547194696612430129e-03,-8.518748959695281175e-02,1.577913656890972682e-01,8.976788705127107526e-02,3.177461142200683347e-02,1.380469214329965721e-01,7.314030691149819852e-02,2.363764580042480024e-01,-2.220296209071767959e-02,-5.872926222470372520e-02,1.831530295848895207e-01,1.230818524251801604e-01,3.528682914583625152e-02,1.304638823487846155e-01
1.653633264087741583e-01,1.127681756753546594e-01,7.078642910113891462e-02,7.514825043413751737e-02,9.617066110884597840e-02,1.186698782779471717e-01,1.237713101001514104e-01,1.221657327345386651e-01,1.702581517125859034e-01,1.271087954068449433e-01,9.399189042852075515e-02,9.597118662120533716e-02,9.747166122654775389e-02,1.013586387700346203e-01,8.722904795057725980e-02,9.115129877922664714e-02,1.850864698858230017e-01,1.583863486554491495e-01,1.312686173245828924e-01,1.099289803475695104e-01,7.958264934116957012e-02,6.112501377853696988e-02,4.336493187804744270e-02,3.154460027135339711e-02,1.929499717295004302e-01,1.914203656355228933e-01,1.630652595826590778e-01,1.187905053635316954e-01,6.333303764110728706e-02,3.161866336559280427e-02,4.005226543793473544e-03,-2.130948211847008382e-03,1.691660212362160742e-01,1.717723744849351530e-01,1.512839555859628038e-01,1.116408951666845312e-01,6.624634701508395895e-02,3.661099980799600861e-02,1.953510921587401760e-03,-7.345781957967504813e-03,1.579703056217947044e-01,1.514339829727714137e-01,1.358369277232495120e-01,1.115321568702460631e-01,9.877152428322563682e-02,8.912133290891784132e-02,6.739910684753806780e-02,3.944080540327469381e-02,1.776410345273252978e-01,1.678296809070618512e-01,1.420490637468994621e-01,1.149881265061556829e-01,1.135268520077312854e-01,1.314199217975575429e-01,1.347614066176568426e-01,1.093910854505835140e-01,1.906593251319656512e-01,1.917081440217214272e-01,1.712805726021349173e-01,1.448484021247598008e-01,1.407923317277304243e-01,1.562809273520718856e-01,1.713013520252614774e-01,1.528373593259698404e-01
1.165295846071557652e-02,5.215131322895377036e-02,7.483132471393649787e-02,6.381872296192328542e-02,3.854281335589704663e-03,-8.404523261860549418e-03,1.309526986779914817e-02,4.017757242118333294e-02,6.856378277228435125e-02,9.749326894523357989e-02,1.175785292777017932e-01,8.844788989994786799e-02,2.140768389259669821e-02,1.237497225347403314e-02,1.004933090282580238e-01,1.138152098480463281e-01,7.654408461474425385e-02,7.136975928610560238e-02,2.652808807365896263e-02,-2.723414339369384027e-02,-2.788629768394291705e-02,-1.596137481440840222e-02,-1.257545660529291003e-02,2.728679764746252782e-03,-1.444216301266097215e-02,-7.580692213205854346e-02,-1.267124781996407656e-01,-1.069139351355171130e-01,-2.642932695354588066e-02,1.353557482088795991e-03,-8.710173849172980071e-03,-1.242130858096400850e-02,4.657016591308728477e-03,3.039515794195919371e-02,8.103957171335138265e-02,1.461349950812241005e-01,2.341499407489844309e-01,2.970104539423550349e-01,2.862055390899647667e-01,2.222396080288979447e-01,1.065472269612509487e-01,1.617985037590995157e-01,1.763798690642239264e-01,1.846994691613135231e-01,2.423900833267154109e-01,3.218628416480831533e-01,3.027910907304539601e-01,2.234188273522896284e-01,8.886198035595563316e-02,1.083151568366915868e-01,9.755861956320852069e-02,8.786294549151883737e-02,9.739647002923043639e-02,1.102476238424339727e-01,6.950910505984196630e-02,-1.410277426995994047e-03,6.189128479590008669e-02,1.508803925612084255e-02,-5.900203390297822231e-02,-1.104306974713714223e-01,-1.314283505822189668e-01,-1.193020870046047205e-01,-1.537081864733036152e-01,-1.731798650608021017e-01
2.043259413589023077e-01,1.953793634955677816e-01,2.302032458676297189e-01,2.524909664945874099e-01,1.587688408325217126e-01,3.612483096572778607e-02,-4.196311585759779361e-02,-8.329656529676247867e-02,2.025267984079757444e-01,1.788319120393813133e-01,1.919363146481052884e-01,2.098995385853381357e-01,1.139694253648765310e-01,-5.853371597825049455e-02,-1.191112714455316718e-01,-1.401315673564473563e-01,2.263219674658903391e-01,1.892338528861760294e-01,1.565932911406753558e-01,1.192101164039919975e-01,3.896249468461682880e-02,-1.064594254013554869e-01,-1.907079125572437306e-01,-2.259934022333320858e-01,2.235521559532725189e-01,1.817755613813993587e-01,1.331737244011532983e-01,9.500259767844319858e-02,4.453710266002993551e-02,-9.110607658517912155e-02,-1.827522660172327396e-01,-1.847556009068183902e-01,1.330255198708004960e-01,1.347490611244095693e-01,7.634729890649757933e-02,4.577879721847886302e-02,2.761313463107103669e-02,-7.152484942521174227e-02,-1.274053531432574049e-01,-9.097608184283841049e-02,1.011997825060364231e-01,9.339179818841436553e-02,4.113844367537389246e-02,4.992134693103817897e-03,-1.812180786058210230e-02,-7.266682585886258261e-02,-9.354149565336390693e-02,-6.158080378573219799e-02,8.664214560710380153e-02,3.528296133091714248e-02,-7.528616077996222455e-03,3.203352570534476456e-03,3.494860431892987673e-02,-2.028796331957271118e-02,-4.298086723772110568e-02,4.039200343522828668e-02,5.343713679448349602e-02,-1.828634838866918409e-03,-1.891456772665793887e-02,5.904204572950134955e-02,8.539416014424751344e-02,-6.542531816574732829e-04,1.212939672614371522e-02,9.624518581943747320e-02
-3.139214161932549207e-01,-2.068222350349098182e-01,-1.597519360063178462e-01,-1.684147145114666677e-01,-7.939780310228748694e-02,-1.380350148930710175e-01,-1.252084345046043934e-01,5.278563018751589696e-03,-2.098602953833103579e-01,-1.508647474320092552e-01,-1.618690433248768101e-01,-6.873594079699263393e-02,-9.512033850369852606e-02,-1.609654249134616077e-01,-6.039307229657094739e-02,2.965466386057563977e-02,-4.973949650989627908e-02,-1.258310642882899399e-01,-1.220235455834211835e-01,-1.883154563120982561e-02,-1.076103534550744562e-01,-6.295624476804241587e-02,-7.421496528091385547e-02,-6.483137363567784139e-02,-1.993228506323001855e-03,-1.642383794417462684e-01,-9.284513578274498913e-02,-6.185086458594026004e-02,9.166943613264545362e-03,-1.938605652390932785e-02,-1.723569515668533503e-01,-1.937613096017894998e-01,-1.182108768458484810e-01,-1.223064070802033637e-01,-1.751786869888452211e-02,-4.106860807105661149e-02,3.268308002625332914e-02,-5.192182807863274935e-02,-1.733357950480287901e-01,-1.212017627856986635e-01,-2.046731658590212055e-01,9.352415132427282021e-03,2.744060397037941142e-03,-4.325662607287675959e-02,-1.542961934262918333e-01,-1.718963993547791558e-01,-1.015873497621290478e-01,-4.478551056883231518e-02,-4.909450258972127001e-02,6.321485926902610519e-02,-6.707127840143926878e-02,-2.192478278297971817e-01,-2.442334809921336281e-01,-1.536969411198705338e-01,-1.905504113226490562e-02,-5.068553844982984224e-02,9.860079997927678752e-02,-5.875030106896258347e-02,-1.745420674014515339e-01,-2.650887708639518836e-01,-9.050940228931059206e-02,1.654752633716021284e-02,-2.848622834440802352e-03,-6.364178174089112072e-02
-1.704022486035961237e-01,-1.777823707910685946e-01,-1.936927385810452429e-01,-2.115902777599139306e-01,-2.375420090507793514e-01,-2.570567718821907266e-01,-2.438557572101649473e-01,-2.166791204557048656e-01,-1.840952436025869721e-01,-1.762325750231219512e-01,-1.721317604304835602e-01,-1.920673791362215166e-01,-2.101376009676585443e-01,-2.074841884981504236e-01,-1.801966439466057557e-01,-1.544676739994263193e-01,-1.021620997588372354e-01,-7.892813110402212284e-02,-5.133946447505688404e-02,-4.723302747614526592e-02,-2.200331231829659451e-02,2.579239438905408209e-03,9.299116746910883469e-03,-1.581075808861641049e-02,4.807520639595339734e-02,9.101342255984905261e-02,1.130737307165401440e-01,1.116368216932708962e-01,1.138408319286133841e-01,1.125995314777768069e-01,9.186388622410597560e-02,5.294995622213813369e-02,1.070934621153056820e-01,1.160679885627332597e-01,1.372304563845561098e-01,1.440273576603331718e-01,1.436830455079408098e-01,1.364626762800888737e-01,1.106614447439528831e-01,5.098460080002081146e-02,7.978322514148170064e-02,8.592105690196191747e-02,8.117619856220067986e-02,3.939323584008557616e-02,-2.325635723005285010e-02,-4.757695553633091434e-02,-6.658794797450000302e-02,-8.506537620697157687e-02,3.275447953876683971e-02,4.241822783637082955e-02,2.207372570273066770e-02,-3.840239632096267841e-02,-8.430955303454389094e-02,-1.077134951249445194e-01,-1.163115914712934407e-01,-1.240044392125141948e-01,5.602567445523436857e-02,7.490421313649617274e-02,8.695289537461796392e-02,8.692953570748393477e-02,9.803078504066542465e-02,1.033425645308620189e-01,7.390656457483220365e-02,3.155822260287933362e-02
1.182952358351062848e-02,2.717448714679535950e-03,-2.928488823084492848e-02,-2.980410463609315525e-02,1.920480943764430251e-02,1.135366477935545737e-01,2.102854264349330038e-01,3.489774120432556082e-01,3.379825615842192710e-02,-3.535736154774633822e-02,-6.333340744255744337e-02,-4.123713169877790685e-02,8.267680386942546922e-03,7.180964066366604670e-02,1.508595487437939808e-01,2.099931196086031182e-01,1.425907877758565978e-01,5.104415548680373699e-02,-8.202707101759201813e-03,1.309481011266785174e-03,6.171386970782208325e-02,1.181435791423008363e-01,1.095353689338793429e-01,1.316449957966556450e-01,2.316870407853396374e-01,1.799854583504587047e-01,8.037542639835400238e-02,1.035446175759198104e-02,6.053587530993475435e-02,1.476960476427014446e-01,2.131117383966033563e-01,2.277315412320183585e-01,2.186969997395496190e-01,1.367638090296842135e-01,3.774203800662472019e-02,-9.248086000239902696e-03,4.363882555073946706e-02,1.832536072108991165e-01,2.266069128623518225e-01,2.512825728017929472e-01,1.346077074766026671e-01,2.007034823289083683e-02,-1.363396226912497455e-01,-1.547437122731170900e-01,1.126464693238245739e-02,1.491558072991928663e-01,1.410680754081627408e-01,1.215067937322019120e-01,1.096563477587878394e-01,-1.043618593515107176e-02,-1.495871242663207590e-01,-1.252463348957961742e-01,4.825975329887893794e-02,1.514893344857341506e-01,5.134414120960173467e-02,-2.384676244586006119e-02,3.690699151383439180e-02,-7.233195631678149273e-02,-1.323622923895364512e-01,-9.376843945559062976e-02,-1.070552925345671404e-02,4.181014188160745576e-02,-8.016683447803129789e-03,-5.939740073029273898e-02
1.630940067462164911e-01,1.417179511120397750e-01,1.174134045956080757e-01,5.644880579294844769e-02,7.784877435318205037e-03,-1.129721908461188244e-02,1.707197140807795686e-03,1.240422798194871883e-03,4.817377860530346750e-02,-1.781605775754005819e-02,-4.940972996152467184e-02,-1.015645395334531936e-01,-1.199685392686817009e-01,-1.112192711245739291e-01,-9.284381212149056539e-02,-1.118076614287750181e-01,2.751084003629004644e-03,-6.547941064416905321e-02,-1.272452061648308430e-01,-1.543516175081422748e-01,-1.581122624741306548e-01,-1.402972351522037142e-01,-1.272088579235639838e-01,-1.500500918547992835e-01,-8.447025186029150784e-03,-7.931218472912322792e-02,-1.404322522811013163e-01,-1.505768227019845529e-01,-1.396369497029618933e-01,-1.242960359912498591e-01,-1.487551121477814764e-01,-1.904606257797687163e-01,4.791179151447953061e-02,3.040471374412129918e-02,2.927063836917483380e-03,-1.558618425469976247e-02,-4.465207449749498958e-02,-8.243723222067801670e-02,-1.218007076765643265e-01,-1.558318456472430613e-01,9.678741716599492673e-02,1.110642000239450977e-01,1.181285432585347239e-01,1.093039753164182781e-01,6.207196863756692107e-02,9.664395109890901170e-03,-3.407254484679526213e-02,-8.593010017515416432e-02,1.647176233616585994e-01,1.830528789399777367e-01,1.921179315100434715e-01,1.689572969392224011e-01,1.270363062147817357e-01,1.040472114000394882e-01,1.025511540768884317e-01,6.543570888674979380e-02,2.050589188734293355e-01,2.253607470049711348e-01,2.365347870428389787e-01,2.309221838952661698e-01,1.989155385003548993e-01,1.798991528600872580e-01,1.697609388740271563e-01,1.444981647399506963e-01
9.435463400700766501e-02,1.001383876851834748e-01,1.425221369380950398e-01,1.081604415018762033e-01,4.024954293530393079e-02,5.779428857168245753e-02,1.312019971941162100e-01,2.073030276815196193e-01,5.082260585690923788e-02,6.724787710486059000e-02,1.201275761963232214e-01,6.137910008757117841e-02,-2.099984972823268001e-02,-5.660067530029211022e-03,9.853952497337162275e-02,1.892480114064901964e-01,7.285203993417595225e-03,2.857088860202103980e-02,5.917007890830721512e-02,-1.048945075054570457e-02,-9.530039535089454561e-02,-7.735774905168335547e-02,4.679425737056732565e-02,1.561075588296390593e-01,1.003201249466990040e-02,3.509455595304160000e-03,-6.705693540127365994e-03,-6.826193050513139349e-02,-1.314732431850078320e-01,-1.179842268080295159e-01,4.893905652222918512e-03,1.121448917634298853e-01,-3.666205341784410741e-03,-1.451116262462998248e-02,-6.114949567513359302e-02,-1.071073846357055714e-01,-1.382137132357745823e-01,-1.316589014196915264e-01,-4.835352876540872230e-02,7.314499120109652086e-02,-2.399153791724276466e-02,-3.366676429535091220e-02,-8.814400337235352156e-02,-1.507829956344701461e-01,-1.924042039170112961e-01,-2.041359702146874344e-01,-8.109176685149356578e-02,1.189299283777933980e-01,-4.668558540869509332e-02,-9.394468003394676470e-02,-1.628364937880232288e-01,-2.087480544450043829e-01,-2.624304288919024342e-01,-2.328457627896220461e-01,2.797022104289273448e-02,1.813814533458938394e-01,-9.489813296944753229e-02,-1.607090534662524162e-01,-2.182031811696555912e-01,-2.471963995672608883e-01,-2.822667991046943770e-01,-1.828956256320910523e-01,7.607516564062959119e-02,1.623685045727993048e-01
1.194984372051201699e-01,1.275792205999724260e-01,8.859090611259420878e-02,6.991406479771619664e-02,7.271380962928074287e-02,1.280062163930938690e-01,1.496327138482284047e-01,1.734643195535308102e-01,9.725823930922949598e-03,2.229926044595186008e-02,1.858692987834672031e-02,1.771187371752533032e-02,3.247694183037774796e-02,7.437015085130120606e-02,1.232107504263815073e-01,1.729428672473088957e-01,-1.247782731736794409e-01,-8.778129630998000865e-02,-3.986953576667165433e-02,-1.344225460284831884e-02,3.606862939739386310e-03,2.049710576523823199e-02,1.002242908370984814e-01,1.676368924409888939e-01,-1.817243180052139084e-01,-1.951102224750206060e-01,-1.566239465443868828e-01,-1.483698905273516666e-01,-1.349202720986419080e-01,-1.313817615210957079e-01,-7.153469947500860904e-02,-8.569775835223966340e-03,-1.400139585195279701e-01,-1.944637607436428550e-01,-2.108924905690648388e-01,-2.245793387856162837e-01,-2.141326008325524777e-01,-2.218616695703682917e-01,-1.796548588057244045e-01,-1.060449953666147138e-01,4.422883743538331275e-02,2.454898084197051304e-03,-4.488467002476682205e-02,-6.897346650477947927e-02,-8.472606591388479047e-02,-1.105719441382217172e-01,-7.879045418674240908e-02,2.431322511402244421e-03,1.682679353405238387e-01,1.618261564219140580e-01,1.262813359255919865e-01,1.223291494587019773e-01,1.131893571473863713e-01,5.814287227479746772e-02,1.731546848081608539e-02,5.147830670498777100e-02,1.799040206195800240e-01,1.724016979907460057e-01,1.470354858430781286e-01,1.415764595518843039e-01,1.736140107469184846e-01,1.411443252130261949e-01,1.257213948244914059e-01,9.084818974132508052e-02
-1.518857315643902528e-01,-1.819815196890624820e-01,-2.101354354739804475e-01,-7.904808992742490270e-02,6.658500411270019959e-02,1.086589593949376098e-01,1.361066048267857154e-01,1.651339087910681791e-01,-1.578758947653688682e-01,-1.613989264385550237e-01,-1.839256553042025732e-01,-8.562846894855311031e-02,-2.336110293416740827e-02,2.952225338775671393e-02,9.812208715073621190e-02,1.633535120978981126e-01,-1.670073552280578466e-01,-1.265033793829492825e-01,-1.038849214183524411e-01,-1.114841079249220129e-01,-1.043103952880323620e-01,-1.260446758222762142e-02,1.024976300694302733e-01,1.913025490961603459e-01,-1.595571347810758045e-01,-3.255040478430729772e-02,9.846655223860155404e-04,-1.095130897245448071e-01,-1.284853227788513574e-01,-2.114634258838930109e-02,1.333689387083722977e-01,2.178662779017025430e-01,-1.627606396593374860e-01,-1.712861065325818610e-02,-6.475365898086088423e-03,-8.579232702226079199e-02,-1.092209589179349294e-01,-6.786746565036884393e-02,6.469517363668222942e-02,1.525077301318555900e-01,-1.538035017479549849e-01,-7.326869064393336239e-02,-1.125527568949874213e-01,-1.144099922468939101e-01,-1.003965273785630552e-01,-9.852430086140924470e-02,-9.488338549948335809e-02,2.428965607138998308e-03,-1.310608277617639206e-01,-1.273307512923240736e-01,-1.722054492578297125e-01,-1.763778417004321641e-01,-1.261247538416377934e-01,-9.430774738749153618e-02,-1.040721586872105503e-01,-6.138351398377611678e-02,-1.024175418017076317e-01,-1.312198516641944479e-01,-1.867412561772647250e-01,-2.141405260740153471e-01,-1.694607836119567112e-01,-1.362052922872242222e-01,-6.663837740513620100e-02,-9.349103655876387156e-03
-3.410135843017540747e-02,-1.958718637511380409e-02,-2.407330080698058192e-02,-3.624383793638832202e-02,-5.880885308613609253e-02,-5.741156497188538294e-02,-4.989184778017777266e-02,-7.857500221951574382e-02,-2.652611723150690159e-01,-3.383278233429310444e-01,-3.393037758381268754e-01,-2.877705886916919753e-01,-2.048267268571033750e-01,-1.116692719939707534e-01,-3.897319540343062438e-02,-1.723621864764018213e-02,-1.033496243859373664e-01,-1.154418865042041442e-01,-6.170833814939827994e-02,6.571260144654593460e-02,1.126038256037727447e-01,8.895417766719854180e-02,7.849425852694945360e-02,1.085715376090382184e-01,1.430874649718388014e-01,1.756410611086920148e-01,1.883523225588613903e-01,2.274221603953547610e-01,2.256970935743177475e-01,9.660818269474234776e-02,-6.848099087236035956e-03,-3.682595274471425068e-02,1.521883994096540627e-01,1.594066678313606489e-01,1.417290688381339647e-01,1.662305075259930265e-01,1.578329686099142759e-01,1.001785059215078710e-01,2.406460403274137544e-02,-4.339768325468950499e-02,7.926305220425654274e-02,6.044810924473068697e-02,5.488699695016950597e-02,8.382289329016827384e-02,8.637543296215179078e-02,7.006660321124955071e-02,4.434841932330487596e-02,1.359236502417992404e-02,4.276715762332011783e-02,4.552690427421575425e-02,7.488352369417738963e-02,9.307385592013553421e-02,9.187733656788218961e-02,1.073305779663135950e-01,8.652759870281682975e-02,5.563478199346633818e-02,6.656984709361708774e-02,6.831129663459745149e-02,9.509153962736012489e-02,1.095014722271710900e-01,1.034702541786521879e-01,8.880600484629226632e-02,6.394327757499662646e-02,3.919475331978115179e-02
-5.702116322513601371e-02,-3.843930779091598443e-02,-5.940966202063409363e-02,-3.380401797318804274e-02,-2.674505556856091731e-02,-1.290258736406427707e-02,1.608679106514936813e-02,-8.439104798086616982e-03,-5.878141632802467292e-02,-4.383908134944532881e-02,-6.325166205715043732e-02,-4.087944234294643014e-02,-1.610699154241726147e-02,1.211132317495406188e-02,1.703075089929892774e-02,-3.335303911390877230e-02,1.009089979182054425e-01,1.163555599372386451e-01,9.157177062454996408e-02,5.631698610296342195e-02,3.953181541959573109e-02,-2.921572305635338623e-02,-7.612155652136580464e-02,-1.209700935617952083e-01,2.982855939925885824e-01,3.510853262121388374e-01,2.312446569584732659e-01,8.521714572160114798e-02,-5.474028036296140626e-02,-1.842193164339124833e-01,-2.468576939648015334e-01,-2.110562033895518885e-01,1.774130839110922009e-01,2.311357298365721014e-01,1.128767474065229676e-01,-2.151635452525842152e-02,-1.316713975726135910e-01,-1.795793455230605962e-01,-1.505317944559681209e-01,-7.865158377835407277e-02,-6.255790862995451451e-02,-9.902688421795466378e-02,-1.363920137483285167e-01,-1.497157041763649832e-01,-1.351289520259402188e-01,-8.305058437216680800e-02,1.251121693557654888e-02,6.721100750455948070e-02,-1.680614046851456600e-01,-1.974291348392713252e-01,-1.387682054068747617e-01,-9.083854591550290236e-02,-8.501311343352697947e-02,-5.458819408071271390e-03,1.116530118780868913e-01,1.280313536296837917e-01,-1.676788490610820748e-01,-1.381170261778942310e-01,-6.933932993118237242e-02,-4.852569798340140850e-02,-5.373126010063070807e-03,7.157299299866412556e-02,1.537653574626788588e-01,1.670861354771017715e-01
-5.228938339677860481e-02,-7.422252060662660501e-03,-4.510937868353549762e-02,-2.528050859678369552e-02,9.429483411171421525e-02,2.046346684783022507e-01,2.413440440867973547e-01,2.531112776619752203e-01,-1.388824611285361665e-01,-9.910938970316875152e-02,-9.467105560429348032e-02,-8.446700506625773319e-02,-1.160204755859866850e-03,9.251636645127628289e-02,1.373231041839075295e-01,2.219849759868093853e-01,-2.040830488568911860e-01,-1.133081514355078478e-01,-3.532381478056873664e-02,-8.200623203181212073e-03,-8.338318107659991110e-03,5.433147351551360915e-02,6.374330984876450112e-02,1.700804762900176847e-01,-1.773028171443135348e-01,-7.926731040160939212e-02,-4.924005807775289761e-02,-1.593758657623631572e-02,-2.764309080838591934e-02,6.738086899231135636e-04,5.367256829464144702e-02,1.504533801256333070e-01,-4.846231746806466817e-02,4.028014653760927238e-02,8.104525710233867475e-02,8.200606595527894227e-02,7.582701245879445995e-02,1.311836528533124324e-01,2.146432136545571301e-01,2.687521948863570986e-01,8.154555373795291384e-02,9.442341411170510068e-02,2.653330792014883116e-02,2.734172580651742651e-02,3.771332092273971259e-02,5.419059889205275066e-02,1.559547559660662552e-01,2.003737906241824518e-01,1.332895338850630107e-01,9.944226919828515199e-02,-9.348904429355889278e-03,-2.564437109692332961e-02,4.178430718681850481e-02,1.702843952392897944e-02,2.637968703881368379e-02,6.997931909897045499e-02,1.985753870952239597e-01,2.055153283230343464e-01,1.783976705684669761e-01,1.670983656372803661e-01,2.133747949252279008e-01,2.059006071761529388e-01,1.482944150456116661e-01,9.658095858826448721e-02
-3.578117036726482375e-02,-7.776581348081661182e-02,-6.385650121750942321e-02,1.427613458955817871e-01,2.921235238664693368e-01,2.704298027001597049e-01,1.354957784669525989e-01,-4.571823397455600235e-02,-5.715796793445879903e-02,-5.490046454878759474e-02,8.220096280914465647e-02,2.371495669960463348e-01,2.662608295559033000e-01,2.302762595923387445e-01,4.624580269853653669e-02,-1.051048990417061124e-01,-8.642351270166831467e-02,2.860330728089758093e-02,1.979618381443158937e-01,2.382625175791103778e-01,2.114675961803610393e-01,1.082115714004554391e-01,-3.363840562473720264e-02,-9.062125824030810295e-02,-1.133495002436411547e-01,6.680266011332250398e-02,1.605238214526377716e-01,1.586916890042274764e-01,9.877697400652223070e-02,-1.269597417833089222e-02,-6.234570113102847616e-02,-7.946350971574481226e-02,-6.147103789460599266e-02,7.737463427958642115e-02,9.554121557497741168e-02,3.205606759713906101e-02,-8.110442612352364300e-02,-9.211914723883402045e-02,-7.514245135031687173e-02,-6.795210867421769274e-02,9.515323670430999030e-05,2.661846312029752387e-02,-1.404399181665877579e-02,-9.209740568259514037e-02,-1.420628433748355735e-01,-1.288400535217323895e-01,-8.016699259225044949e-02,-6.980641247988872422e-02,-9.122605510124379147e-03,-3.363662469939421307e-02,-9.129667302066092616e-02,-1.688079312173970115e-01,-1.752944349081624054e-01,-1.582495791817742636e-01,-1.007802941937733926e-01,-6.062159485478281484e-02,-8.649599118129294717e-02,-1.056349761152368949e-01,-1.165400180009056874e-01,-1.459132003316649107e-01,-1.728248133036354994e-01,-1.359137826112634673e-01,-9.007930654285485617e-02,-6.463499418085534576e-02
-7.466619846707214792e-02,-9.560004538164333654e-02,-8.173147473691834419e-02,2.653223411729991460e-02,7.285754684093964650e-02,-3.993596931799157229e-03,-4.261101366203447205e-02,-9.077398186102553224e-02,-1.341840498010022087e-01,-1.052527353209705419e-01,-1.010071839462380605e-01,1.874993536696050941e-02,9.154717983891402788e-02,4.363842261316030341e-02,-5.405819125363425098e-02,-5.385611089813249763e-02,-1.298711726484615414e-01,-1.192605729941711712e-01,-8.743821187692506214e-02,9.848621078549430960e-03,7.855011715419348006e-02,7.322249791138374375e-02,9.293188472827786095e-02,1.608873997074052598e-01,-1.532025104015822814e-01,-1.006986884930926585e-01,-2.130764986634888641e-02,4.170577673684178199e-02,5.914536615759072302e-02,1.303503631420601383e-01,2.402300589611694459e-01,2.851142701751355757e-01,-1.194169883205394439e-01,-3.458527046950624073e-02,1.629339978908241407e-02,-1.181505481299605607e-02,5.900923196579908186e-02,1.870338792927461469e-01,2.661325063900400467e-01,3.098505728686044014e-01,-6.302267357387028590e-02,-1.819218219694158922e-02,-1.811618816127076245e-02,5.591603575281381411e-02,2.123076296549247510e-01,2.067146047629485062e-01,1.934005441562831884e-01,2.019486041892302186e-01,-5.302696829218870450e-02,1.956560226308982908e-02,1.256266566797788198e-01,1.535405518749629328e-01,6.343255869326935859e-02,-4.126654593763669221e-02,-5.213255629126988672e-02,5.780854530234533217e-02,-5.252062901252970567e-02,3.430823002426484220e-02,1.321503176298380600e-01,5.713030566373634295e-02,-2.009044741474681761e-01,-3.070748291609680658e-01,-7.996952216407762770e-02,1.078616584788654187e-01
-3.919705172563560380e-02,-1.145734019061949716e-01,-1.672582234627101871e-01,-1.178285993189350095e-01,-2.053823842997123256e-02,1.012354031414269134e-02,1.280210263873940001e-03,-7.231184483345369507e-02,-5.459820663760686643e-02,-7.745975937671292777e-02,-1.132148458326347057e-01,-5.540683342909379083e-02,5.306366307408699051e-03,5.194189778573598398e-02,-1.682265045878007792e-02,-1.295994175651486550e-02,-4.104436633168376952e-02,-2.371290798418272325e-02,-5.898124365530554164e-02,-3.450743994803778802e-02,4.016988135909326657e-02,9.858004335028633380e-02,1.431920350326306435e-01,1.946246774419196079e-01,3.776132778596569262e-02,9.334327382956950081e-02,6.016997644517632637e-02,3.319346022170521771e-02,3.096656060730928334e-02,1.438247469285724722e-01,2.584236396175506045e-01,2.087509322768210662e-01,1.057128171746032907e-01,1.240360049155594391e-01,7.233723160789630457e-02,-1.970680594698375962e-02,-1.095585601125886321e-01,-4.460976947160290307e-02,-9.492099083298833478e-03,-1.145067309139160688e-01,-1.115514191091290103e-01,-1.248704050410998634e-01,-1.362409591052596292e-01,-1.200351500874994592e-01,-6.474351032255395988e-02,-1.108103365438109916e-01,-1.838442483042804221e-01,-2.043411410791647342e-01,-2.514297388711518311e-01,-2.737505761929420744e-01,-2.551460155715580824e-01,-1.648793740090462312e-01,-1.491647623804593648e-01,-1.336362697349463280e-01,-1.528703346379401418e-01,-1.534444045081094776e-01,-1.270309590918534126e-01,-1.527114932253102186e-01,-1.706082986185672723e-01,-1.617873694386178229e-01,-1.845049103820189662e-01,-1.372393788281199845e-01,-7.195830353229711041e-02,-5.928499042890185422e-02
-4.345056511600805388e-02,-5.932189524891278570e-02,-8.560419475853692228e-02,-1.158065256421111772e-01,-1.098694612812424198e-01,-8.758043680011029508e-02,-5.657847523263499073e-02,-1.625935764661768160e-02,-4.034059895405047586e-02,-4.173672572203147163e-02,-6.164193439086761844e-02,-8.023861149940379744e-02,-6.988834204697021157e-02,-5.485182978335049336e-02,-2.058492053991131318e-02,1.107082479798849987e-02,-1.301206371557839803e-01,-1.163372812842559945e-01,-1.243327827521193418e-01,-1.277368269337406104e-01,-1.075867221099154336e-01,-6.966557454317170994e-02,-3.248626697950239561e-02,-1.713714465397548140e-02,-2.322571779937235847e-01,-2.028486598157891729e-01,-1.807227626380959740e-01,-1.536887365039163456e-01,-1.197210291413091238e-01,-9.214525246184870899e-02,-5.710555487282921450e-02,-1.693088889151053711e-02,-2.667093780292943972e-01,-2.396459768218745789e-01,-2.009734419610801903e-01,-1.714335173606811868e-01,-1.390373279241752247e-01,-1.210468365765276083e-01,-7.653115474443093758e-02,-3.348284851384342176e-02,-2.379170203666754191e-01,-2.374061814388029323e-01,-2.077053999462517009e-01,-1.738335213600177009e-01,-1.569205557925024419e-01,-1.378821213920748689e-01,-1.325904732521949181e-01,-9.183312014428574033e-02,-8.245744233817117741e-02,-8.829692418741888482e-02,-1.093871330851982349e-01,-1.210080556564728793e-01,-1.142539716848003928e-01,-1.510582481905699548e-01,-1.644238768933458661e-01,-1.342816386572777410e-01,5.915508655393626053e-02,5.725370309051331513e-02,9.375530968137469473e-03,-2.437063126969188018e-02,-6.695467651964025213e-02,-1.049792347389721103e-01,-1.204677427937491524e-01,-1.262493736993498816e-01
-5.248167630877099976e-02,1.303608955477703404e-02,1.226007411445428387e-02,-8.113475366512516718e-03,1.542290550040453095e-02,5.697632431324714530e-02,1.699793607402158013e-01,2.941314293753350406e-01,-5.703357264430566897e-02,-4.611394761575613593e-02,-4.771405133778770791e-02,-3.784762694595084770e-02,-3.010509747605667665e-03,5.739386191996545539e-02,1.828296877418166544e-01,2.689348138883158046e-01,-9.729935964893826617e-02,-1.744506592190184224e-02,-2.360237559932585813e-02,-1.766076676988247163e-02,1.639997681155351203e-02,6.153323261070423739e-02,1.519569036385781113e-01,1.559841248818422677e-01,-5.981458530909498222e-02,-6.001594738885726588e-02,-8.147638359779596495e-02,-3.792773837135029330e-02,9.795888779656994338e-02,1.928084981022457067e-01,1.479214432164982773e-01,3.758159139077298094e-02,-1.750779475733155177e-01,-1.907937939264306992e-01,-1.321019662505631687e-01,1.878814388193933774e-02,1.619814792535275438e-01,8.688279924211181338e-02,-1.000462647452794451e-01,-3.682792751902087131e-02,-2.515281883127906681e-01,-9.177889705408152909e-02,-5.508664839952592124e-02,-3.012776528024274994e-02,-9.865473674939773119e-02,-2.191609744694325845e-01,-1.421566225230048719e-01,1.017162984183337879e-02,-1.602411897451770928e-01,-2.345140298763057421e-02,-3.046150432954408682e-02,-1.700370906032729890e-01,-2.136671357683074812e-01,-3.992348303660573500e-02,9.186783155066993722e-02,1.382314734661540812e-01,-8.703729973672255649e-02,-5.948800307644186436e-02,-5.672656509504741401e-02,-5.976695688888005592e-02,1.280653162553437863e-01,2.625749593374303026e-01,2.459327943086603296e-01,1.845835397951863521e-01
-6.013106914917609735e-02,-1.533683757178071205e-02,2.522228412870887275e-03,-1.101318527816231609e-02,-5.591146714892322039e-02,-1.583848774577305829e-01,-2.331841655961899296e-01,-7.375098752072657693e-02,-6.125821460582751149e-02,-4.254316950033148678e-03,3.602378492279403183e-02,-7.449063400253097718e-03,-7.287102080393476067e-02,-1.948816338740464726e-01,-4.282210643053510624e-02,3.452383098554973606e-01,-6.900884889135586175e-02,-2.728029928670836976e-02,7.546821144247984649e-03,-8.885663477304281410e-02,-1.515133339554676495e-01,-8.082812376197283377e-02,2.349426222495946681e-01,3.812017488592407410e-01,-1.232657827532613742e-01,-1.079637896291014976e-01,-1.164795545948155153e-01,-1.633741676571206503e-01,-1.163736082815524653e-01,9.003364845063153987e-02,1.497815377663745673e-01,1.577570730782780484e-01,-1.271973638622950764e-01,-1.851548222798115872e-01,-1.932974402978114292e-01,-1.105270380243657397e-01,2.276330685713216784e-02,4.250210615401644326e-02,5.061554181863741481e-02,4.947796352974644096e-02,-1.370363800492501172e-01,-1.747506245198342523e-01,-7.575471723761818821e-02,9.940282064733133027e-02,3.253324507338164334e-02,3.188835554846321946e-02,6.757027632809359252e-02,5.304388841654606584e-02,-1.380317442916259019e-01,-4.223012872876948792e-02,1.189184312503749480e-01,3.165290574998783774e-02,-2.065282166866010127e-02,6.697146663907108111e-02,9.613186969223504186e-02,1.115741084096689845e-01,-2.213251776607463861e-02,1.408732521336905907e-01,7.550273653186281853e-02,-4.349522779109205733e-02,1.787518397714425722e-02,1.399652718639651239e-01,1.860684766448870153e-01,1.794729273097289968e-01
5.098690681557707313e-03,3.267880669695918255e-02,1.227230209603375616e-01,2.311771922692133219e-01,1.332637525726449446e-01,8.141400806466178586e-02,3.598636888881548423e-02,-8.403549963364754030e-03,-7.772165237243555680e-02,1.254081385014094718e-01,3.202129231381307672e-01,2.212594101006634673e-01,1.472772711085971187e-01,8.650532088534629294e-02,1.877969019257060695e-02,1.305919161597784289e-02,-4.166149679493294511e-02,2.271701284525986797e-01,2.283409942839474682e-01,1.787641638140662903e-01,1.574889670042070866e-01,1.091767257307910549e-01,1.082894351881769635e-01,9.122991828298254724e-02,3.454916792491557337e-02,1.106753701601774637e-01,1.601721103230591969e-01,1.745986898761102135e-01,1.225643621885740692e-01,6.225271691987606382e-02,1.616411060337752739e-02,-1.000118394133956042e-02,-8.990467049723439852e-02,1.043509656206172490e-02,1.685551905716891619e-01,2.276577124872970481e-01,1.364811332856875337e-01,1.425517779457096887e-02,-1.048412072502312026e-01,-1.796638736338901088e-01,-1.279942220341323267e-01,-7.787894138648255270e-03,1.460813499778412794e-01,2.329383629122372401e-01,1.481252601862616536e-01,3.090629052843723787e-02,-3.252261629748084276e-02,-5.808366925062601743e-02,-1.706847440807556793e-01,-5.855397910657272886e-02,3.494513933735184791e-02,4.531265040889118773e-02,4.198066789333350368e-02,6.862962771368717740e-02,9.567765996026057762e-02,9.479540375699044286e-02,-1.767722630769731906e-01,-1.188884130551892820e-01,-3.858232234765689161e-02,2.174367587680481675e-02,6.902870503402860902e-02,1.435054236448089493e-01,1.158122401937929508e-01,4.662436992714988349e-02
-7.078556768509612629e-02,-2.824179346612727334e-02,2.147498116368627349e-02,2.456698210588888556e-02,-4.315923501076516372e-02,-1.461088048690181440e-01,-1.977711696944007558e-01,-2.460736053841417470e-01,1.108326031683515983e-01,1.696166489887487583e-01,1.952572441842613249e-01,2.109709383420287632e-01,1.892717515139055173e-01,1.163401462005390213e-01,4.952039014613274226e-02,-2.741141928882422432e-02,1.951068982845061417e-01,1.755334880945000897e-01,1.591206450282240947e-01,1.677420409874362528e-01,1.493973402985622478e-01,9.650367194667325288e-02,5.103424944303532051e-02,3.647786287558523518e-03,6.757241077015972708e-02,-8.528659877146724244e-03,-6.045825072688731927e-02,-7.312419600658605356e-02,-1.101932661960939586e-01,-1.835496849265050301e-01,-2.099887094168493007e-01,-1.807096046088131069e-01,-3.289163982481264209e-03,-4.488705565975263656e-02,-1.147900869376081989e-01,-1.288290945310106295e-01,-1.343637697296572731e-01,-1.866799729379232387e-01,-2.295986626041155165e-01,-2.178020253534068140e-01,1.062210062693461354e-01,1.292736830447214214e-01,1.017378321198500191e-01,8.530319527494241438e-02,5.762113762244503584e-02,-6.857617804520137889e-03,-3.522046993042322882e-02,-2.756023472759895274e-02,1.892263144115927109e-01,1.607938848196483472e-01,1.241432770774604372e-01,1.155964637909753373e-01,8.759103048230194866e-02,6.650999769809720630e-03,-3.746237035827990058e-02,-4.019009715733110749e-02,8.868093847968434862e-02,3.851539931123440508e-02,-1.957111607421552560e-02,-3.350468826233683750e-02,-4.095254171268706417e-02,-1.131823995518635301e-01,-1.563938779473927065e-01,-1.198937387652548731e-01
-6.761310678931352347e-02,-1.179934151177151613e-01,-1.184992695835930254e-01,-9.264496249088516322e-02,-7.358046852181744646e-02,-2.090927144428756865e-02,5.726086231036252999e-02,8.988218887822684022e-02,-1.662749404625741070e-02,-3.413330881455305110e-02,1.706325192567418117e-02,7.155513800005489089e-02,7.033373239484565220e-02,1.370772536608351189e-01,2.313698740081224225e-01,2.036893165981887022e-01,6.683028086301631698e-02,8.928227019285604749e-02,1.656455086542522048e-01,2.060916589389195086e-01,1.984928684512498875e-01,2.260564063835461268e-01,2.285858477869463223e-01,1.946406457050342542e-01,9.304888939005580284e-02,6.242728836288043842e-02,1.064545879999531375e-01,1.392561669546596714e-01,1.140428607709765146e-01,9.345306712670992111e-02,6.443922933863215075e-02,4.461548590779924883e-02,7.855188285611086618e-02,-5.113039363114606911e-02,-9.426233509501194541e-02,-7.756529080562134248e-02,-6.284506816113408223e-02,-8.879328607891819047e-02,-1.067098957150075245e-01,-9.032532712887957060e-02,6.527300841858392488e-02,-9.333673800070250992e-02,-1.919245412343517365e-01,-1.747033805525936290e-01,-1.454909560510694588e-01,-1.939273126819084647e-01,-1.929171970246370826e-01,-1.750788327002055222e-01,9.013475762541696412e-02,-6.444970485304889196e-02,-1.972001540246612894e-01,-1.433938054013204066e-01,-1.280805454877914917e-01,-1.662937579300154678e-01,-1.690280279041723455e-01,-2.043487128764063798e-01,6.696916410382933171e-02,-1.534028546822640074e-02,-1.044960187908268029e-01,-7.802610409369085953e-02,-3.732740020282709903e-02,-4.296230647950413650e-02,-2.972189827119760611e-02,-8.891928480123958978e-02
-1.753880964357845962e-01,-2.061588871165936088e-01,-1.899246641719603834e-01,-1.713709019302714909e-01,-1.199341168570993293e-01,-9.660059032482379293e-02,-1.070120954774008981e-01,-5.671335293173312281e-02,-6.851636940048394520e-02,-1.022325359519910271e-01,-1.041935364951535742e-01,-1.057566630908646915e-01,-9.910939248128688983e-02,-7.636443787137568717e-02,-6.450216297699945533e-02,-6.525161188452641148e-02,-2.777803571181716377e-02,-3.501726612786323911e-02,-4.391495988593143579e-02,-7.069293338941512461e-02,-6.310983579512649544e-02,-7.672982712840899222e-02,-9.373368421822904362e-02,-1.814566578087030979e-01,-2.154421955471109151e-01,-1.187526327292881961e-01,-9.441803497559062008e-02,-1.274769753002612527e-01,-1.556725176112048747e-01,-1.580087324548680172e-01,-1.174573692715349255e-01,-1.095847797035748444e-01,-3.027201046418925845e-01,-1.812253116640121231e-01,-1.463789640616242338e-01,-1.732617380818317343e-01,-1.547749935409112876e-01,-9.105199360541420261e-02,-6.116727111129163785e-02,-8.157581269669399171e-02,-2.200350089507255302e-01,-1.494759823257116593e-01,-1.647468811196253491e-01,-2.029305736136012006e-01,-9.659872718284971682e-02,-3.012834223329576011e-02,-4.523845470984332040e-02,-1.344642109299354349e-01,-7.930531768964874106e-02,4.969763886678407738e-02,-4.523105544125816113e-02,-1.750466678891349492e-01,-1.203305917082543586e-01,-7.287305166163703107e-02,1.455289401504654412e-02,3.908721923200589310e-03,6.793171299573018407e-02,1.500138394816208920e-01,6.640114301002969510e-02,-3.095138860069417130e-02,-1.118977508738107224e-01,-4.861907420950908887e-02,1.780494602358256573e-01,1.091181016943864879e-01
-2.083106488210025031e-01,7.032697346363076321e-03,1.941854785697207930e-01,6.169205868367573509e-02,-4.986192899495908715e-02,-1.052157846942490364e-02,-8.404691441957677644e-02,-6.402446733706784743e-02,-2.441566560539536745e-01,-1.230390263017985264e-01,7.717977245866300406e-02,4.945221186227077848e-02,-2.901667788804427467e-02,-3.668136662354097577e-02,-6.664709353140327308e-02,-6.256335378778916934e-02,-1.427118525184754849e-01,-1.090389755967506036e-01,1.671850063230455926e-03,8.204560049259265742e-02,2.599088692605354758e-02,-7.437028043768113827e-02,-1.151006717893869047e-01,3.028103724676286038e-02,7.126032962136754842e-03,-2.955981842204264201e-02,1.102511751575403764e-02,5.953369269977136502e-02,-7.723633362703528904e-02,-1.902369481770801174e-01,-1.220948037414775894e-01,1.115450619392524406e-01,-2.927375312672375585e-04,-1.955204459101820072e-02,-2.243758516482819571e-02,-6.309286194028623784e-02,-2.377352182825873683e-01,-2.425288153287941117e-01,-1.768043313877994821e-02,1.719692057275836183e-01,-6.203460219590586910e-02,-9.560482079432690294e-02,-3.152605509122217986e-02,-9.795136714222470176e-02,-2.817391257935436544e-01,-1.704659008671756959e-01,1.005824363768767632e-01,9.873256342177186284e-02,-9.958433937499823474e-02,-1.426942781922111159e-01,9.179236131407331190e-02,6.057164214661762969e-02,-2.583442631654276345e-01,-1.857688161840895802e-01,5.941589895826682871e-02,-6.236643052483290678e-02,-7.004014284995831174e-02,-1.651872451507725159e-01,5.835394302929321209e-02,9.994822751393754590e-02,-2.390701042078309246e-01,-2.751844650802741099e-01,-1.433727740463478229e-01,-1.486331797026649582e-01
-2.853870948212138686e-02,1.340194812273876324e-01,2.889804689971425811e-01,2.890203032639919178e-01,1.370173113737372106e-01,1.633698211367697051e-02,5.393817081625360693e-02,9.897976999502623718e-02,-1.799345776268163055e-02,7.496682869693044315e-02,-9.116559871161149936e-03,-1.253782359299108196e-01,-1.361975234944971247e-01,-4.088949964585153474e-02,1.095670264211472955e-01,1.915693453272210856e-01,-1.891725976155280708e-01,-2.629992746130357384e-01,-3.702265737427481440e-01,-2.298132456672663526e-01,2.732963001563998989e-02,1.852457260989382182e-01,2.347983052544627136e-01,2.088134477746027839e-01,-1.661708415264755989e-01,-2.047021523208965854e-01,-8.665375846271898552e-02,1.052759975065644393e-01,1.155409541173943316e-01,4.427384131728625410e-02,1.289299787487531608e-02,5.839329836066449453e-03,-9.346363789248189613e-02,-1.927372157483006956e-02,4.095581410798660588e-02,1.498757522896544160e-02,-1.243710875729557436e-01,-1.637367266647039854e-01,-7.097617846155715449e-02,3.204541967187880813e-02,2.704177049151467935e-02,8.148915333993973775e-02,7.457442206058652323e-02,1.326495735020988276e-02,2.371221422284378391e-02,5.267987125323566472e-02,1.165940196734181894e-01,1.310698774747844353e-01,1.240459028276781920e-03,-1.390566303636192255e-02,-5.236824164640650758e-02,-4.262383978947670987e-02,4.747265528888826996e-02,7.614314862339129075e-02,7.430182782022196064e-02,3.865018310266599838e-02,-7.034672924420849738e-02,-5.961089266129031283e-02,-9.173860598458141724e-02,-7.729497012332185724e-02,-1.610923140433361683e-02,-4.046832755584315461e-02,-7.033389112180173097e-02,-5.817183732680487190e-02
3.760289312557934388e-03,3.971469415337257336e-02,8.093368877909452863e-02,-2.274072272599619339e-03,-6.431513603256672727e-03,-7.794065297660141001e-02,-1.572328259297201269e-01,-1.728192240845836669e-01,2.252625430213090960e-02,7.043917072285174608e-02,1.972113875347487194e-02,-1.085557243035113750e-01,-5.981275378742760551e-02,-9.072392614931357180e-02,-1.376410934417790222e-01,-1.405425008791380548e-01,8.470491153786452454e-02,8.218511886969435964e-02,-1.103919385225721368e-02,-1.371139329498893833e-01,-2.959809064464096265e-02,-4.199945268371297474e-02,-1.315237486195185990e-01,-1.616505387172229025e-01,1.373858848823713008e-01,9.918464515192726427e-02,-2.488392730197429292e-02,-2.425041666858268261e-02,4.054407181846787084e-02,1.938174377827133268e-02,-9.936895282852355182e-02,-1.416027733039652847e-01,1.988303088498704352e-01,1.002246653844323654e-01,-2.830861251928071601e-02,1.869932719253969075e-02,1.173936835532062989e-01,8.985067604852399470e-02,-3.174967273217783881e-02,-1.087224757987519802e-01,3.205648965425240693e-01,1.427802774489481119e-01,-1.368799579871706959e-02,2.965336351584913280e-02,8.567072281537684020e-02,1.554932636523768952e-01,7.576526125479939033e-02,3.644201737892815984e-02,3.890762873721083093e-01,1.476377363162067191e-01,-2.736394016096580298e-02,-7.993327470043586069e-02,-3.699423577135928926e-02,1.640922948952067417e-01,1.800857847769480324e-01,1.395167811566441762e-01,3.265100969432316314e-01,1.352361903910423435e-01,-4.399388222604270690e-03,-1.241996622133859224e-01,-1.023837441558184957e-01,1.243864839258432831e-01,1.736988091158725434e-01,1.304880697983462068e-01
2.351004157865538013e-01,2.306610644976433699e-01,2.097226347785655920e-01,1.823487912041641956e-01,1.521783507568786886e-01,1.197999672886964351e-01,7.650027127217605416e-02,5.304487725914761032e-02,1.872025426931828440e-01,1.617381384711408521e-01,1.204123432168907465e-01,7.900074303839139944e-02,3.908951174802897943e-02,-1.493911431348122522e-02,-7.332712684752475119e-02,-1.036759149717664252e-01,1.190036999774864331e-02,-3.664341820205008898e-02,-8.427410909958411855e-02,-1.272305378591126745e-01,-1.477323772072597630e-01,-1.541579779261649519e-01,-1.731784127827228903e-01,-1.840679460880645935e-01,-9.283597597384588007e-02,-1.339136232071428401e-01,-1.623896802765451008e-01,-1.824027018692105928e-01,-1.858309468800284359e-01,-1.786493978175515973e-01,-1.774892331847661986e-01,-1.734241141484752502e-01,-1.306368607990546493e-01,-1.557499622358507196e-01,-1.582397202540528069e-01,-1.548243413716395012e-01,-1.447153180389594285e-01,-1.328769961333974015e-01,-1.237514508370416572e-01,-1.052797433092922258e-01,-1.116238352934207645e-01,-1.019320853823671574e-01,-8.952879248367502651e-02,-6.294729101368619351e-02,-1.329681288161295265e-02,2.132897459806286714e-02,3.911256731178034546e-02,4.390098769703081050e-02,-4.804473673908334075e-02,-1.366438292779765043e-02,1.623729863272397808e-02,4.334279764709073751e-02,7.420511666046214483e-02,9.389723394594802486e-02,1.098275721623117596e-01,9.357254501350666109e-02,3.948061736219468654e-02,6.439106389177466638e-02,9.251429540382528904e-02,1.019021195265556318e-01,1.127731343227055122e-01,1.382224335401953663e-01,1.318889389190816552e-01,1.092890028215978138e-01
-5.223041882912890510e-02,-6.544047933326904709e-02,-7.294431059320760635e-02,-3.116089634208341411e-02,1.573946789241494407e-02,9.671611127233091521e-02,1.285128684192791415e-01,6.086236577087016097e-02,-4.721973937453848025e-02,3.179228602389012892e-02,1.257848375401933172e-01,1.184468516833218077e-01,1.374613587599081976e-01,1.582626587035164956e-01,1.345895024761915582e-01,7.156736881367217751e-02,4.096809455853824000e-02,1.434854439651625513e-01,1.905866195429345156e-01,2.033010894716523187e-01,2.177095878024063180e-01,1.955866415295866578e-01,1.216545017263375300e-01,3.703041888689214550e-02,9.417886612813337888e-02,1.879567052924801251e-01,2.209823722367109111e-01,2.484225281767078186e-01,2.185656345166005210e-01,1.641882538522188573e-01,4.885064896056905137e-02,-6.541844566255178295e-02,1.003662231775360875e-01,1.793915939270323279e-01,2.365460094942756220e-01,2.319269873361174406e-01,1.933957251206000205e-01,1.494053140598858298e-01,2.780430350957846866e-02,-1.023210516437892958e-01,5.042858764521509357e-02,7.144960632858866900e-02,1.572531298731776606e-01,1.814007986547352957e-01,1.421573671815158091e-01,8.756386127525414564e-02,-1.668565923159595274e-02,-1.108564408310312860e-01,-7.684655383776173472e-03,5.431360377597047907e-03,6.425073299698616514e-02,8.386583519263250686e-02,6.882935807590698229e-02,1.400101242963371247e-02,-1.007597860233407083e-01,-1.486499380680541549e-01,1.216072498329888452e-02,4.805718994996617532e-02,5.356437731933914176e-02,7.825839559197159123e-02,7.197461752305392424e-02,9.303459357172045446e-03,-9.768375295889469845e-02,-1.238450719949629880e-01
-1.887704084827693252e-01,-1.252914504528895856e-01,-1.089189698327380496e-01,-1.045997855343897137e-01,-1.169233551206180222e-01,-1.096186802987027253e-01,-8.553029400713854646e-02,-6.791041510136013037e-02,-2.087777471897580839e-01,-2.109778870591811628e-01,-1.596532276729443200e-01,-9.897098376684640431e-02,-1.727089220196579428e-02,-3.177423169778853529e-02,-5.610602873716642042e-02,-2.562546233398449100e-02,1.490170211222573704e-01,-2.228394176592507492e-02,-1.349962494736688945e-01,-2.213211622141079415e-01,-1.888882651740273200e-01,-8.790739764728303096e-02,-6.109028254907351851e-02,3.088970702872123261e-02,2.181082306898596557e-01,1.231272656392507076e-01,4.691186632851480215e-02,-4.667863001669375622e-02,-6.776877418106057316e-02,-1.254760360359962190e-01,-1.209564397397140251e-01,-3.648901624790414078e-02,-1.706823804698834601e-01,-2.023423557583611254e-01,-7.952263885786563236e-02,5.699002365952821059e-02,1.643446195620735240e-01,1.165321307395849326e-01,-7.256810926186053889e-02,-5.891081454411183776e-02,-1.298128918001295595e-01,-2.705376846250999723e-01,-2.368725792722376211e-01,-1.775538179815573381e-01,-1.005828609411095614e-01,-1.945217417832692877e-02,-2.561112427966788854e-02,-7.915334986235804393e-02,5.465824257361055066e-02,3.172234661453555288e-02,-1.027852945486104203e-01,-2.105510973890295512e-01,-1.773403800621904391e-01,-1.218107373835108087e-01,-9.865049923170969570e-02,-9.456949156676328072e-02,-1.244951036263134692e-01,-1.233890707695076000e-01,-7.776209894302787973e-02,-1.569117034785680875e-01,-9.219257355080424932e-02,3.268440529414484968e-03,-2.105010610421459427e-02,-8.754534029689554214e-03
7.551415517410603462e-02,8.050822858944246818e-02,6.968749077497081446e-02,-3.418494927313878856e-02,-8.198383077332276059e-02,-3.485786427635068768e-02,-5.310850244742656469e-04,-1.035574124893460027e-02,1.879286387702160110e-02,2.828914958491422771e-02,4.119523060372394518e-02,-2.121614880536172934e-02,-3.413969267271357161e-02,-7.961026068411963114e-03,4.185555807125638378e-02,3.282898679982410722e-02,5.408510025422084283e-02,4.194358891160022279e-02,3.923332459283095791e-02,1.522243815095797878e-03,-6.214461972325985989e-02,-9.488689061541617786e-02,-5.079789769825978490e-02,2.083428249172804975e-02,6.641323226440018490e-02,5.840276069695341660e-02,4.794616148849795145e-02,7.975438771935395438e-03,-4.739818668272825081e-02,-7.773201187207257057e-02,-2.717365928526494639e-02,3.722761856743084241e-02,9.546826236743261029e-02,6.650766303798341661e-02,8.186543473000265636e-02,2.717542583718235427e-02,-1.316773040556059628e-02,-2.479143882405528479e-02,-1.096640093978885726e-02,-9.277850077474022669e-03,2.562522473130076639e-01,1.401861974983577563e-01,8.986207220261252515e-02,1.366042409876426847e-02,-1.313646966360662305e-01,-2.076903598624649239e-01,-1.941984002673052268e-01,-1.967456099920073531e-01,2.755184605791439201e-01,1.032692524220917146e-01,-3.850738139190718751e-02,-4.150375964207524138e-02,-1.269086437520182686e-01,-2.155038388177845377e-01,-1.921444934726287967e-01,-9.113208633599935438e-02,2.793447373809690437e-01,1.815996555273630964e-01,2.145955322410001698e-01,3.404070944406814014e-01,3.451670121742345110e-01,1.822335180606783900e-01,1.232498010625864837e-01,1.824470576187134652e-01
2.610806584375065520e-01,2.692023655733166709e-01,2.193235310720029196e-01,1.332207611593995977e-01,3.255348193188158101e-02,-4.976744507564966058e-02,-1.128018804761299482e-01,-1.732399259681897397e-01,1.684484131033889276e-01,1.691942016706632634e-01,1.395000250913049078e-01,1.006257666058734401e-01,1.442022166125929705e-01,1.939268359395983354e-01,1.903082343290307399e-01,7.221709911439563867e-02,-9.958688842618595993e-02,-1.455347236219026175e-01,-1.881213364159179391e-01,-1.749773353976891710e-01,-1.375635226382731779e-01,-8.198340886124001747e-02,-5.324631592236880179e-02,-7.666615527713137312e-02,4.254634806341295317e-02,4.868115818341571532e-02,3.239548601788566629e-02,4.644709786378761057e-02,-1.050648386898250797e-02,-1.124781955143602519e-01,-2.561477223143807658e-01,-3.224735350635257181e-01,1.441829848318531837e-01,1.390907507220775774e-01,1.339076726300710563e-01,1.519535140350366798e-01,1.701004964354440319e-01,9.249153235723524269e-02,6.230330748430002070e-03,-7.624193447641669508e-02,-2.299326593731711513e-02,-7.377996381858205333e-02,-9.700483415333172044e-02,-8.008962509745079505e-02,-5.319049201464777499e-02,-2.408536612499720050e-02,1.313105716040503974e-02,6.078534865391088020e-04,-2.323270933121626344e-02,-1.329109669317991155e-02,-1.559915707650653093e-02,-1.388146163588405667e-02,-7.978736351047693853e-02,-1.035690996446877038e-01,-1.058222876926172007e-01,-9.318698149436115130e-02,4.403844139982956984e-02,2.401531759243000566e-02,2.625508921128216072e-02,2.316016938797038627e-02,-6.017219286415929902e-02,-1.127693253008362900e-01,-1.225231624620665982e-01,-1.285148937747478126e-01
2.619260103469498238e-02,9.457103538931327380e-02,1.629707926600983958e-01,2.036663581131528122e-01,1.841851562390383890e-01,3.746844738054612434e-02,-9.593786644752365367e-02,-1.219876142283851106e-01,6.058713774296444615e-02,1.284551176087735114e-01,1.818278556003767310e-01,2.243436829187007986e-01,2.121705568386045015e-01,8.221031360127979692e-02,-7.848311170962739280e-02,-1.050307877140180812e-01,6.623330942897998064e-02,1.130312797173444878e-01,1.671184183806170287e-01,2.050216722947529047e-01,2.298632803197374064e-01,1.172868430193862305e-01,-5.736066805436461358e-02,-1.035014586746340753e-01,5.025854298795775360e-02,8.474446581643921284e-02,1.339822758564178373e-01,1.785508137574094989e-01,2.235159166266708908e-01,1.500152756771372109e-01,-3.343213882162660716e-02,-1.048482011860154967e-01,5.002192614854786279e-02,6.197219541842345636e-02,1.094675920134350472e-01,1.563149859092062277e-01,2.074018869100656415e-01,1.505953421921095714e-01,-3.449995005238342544e-02,-1.324943709924679969e-01,5.648031597039922247e-02,5.368931014638616411e-02,6.869914867282087001e-02,1.114735285912879792e-01,1.824996476395872314e-01,1.441721429629096995e-01,-5.174864064389365914e-02,-1.506197538791594348e-01,8.591590301532450735e-02,7.049999840180885824e-02,5.536547321975974351e-02,7.880219605757983470e-02,1.461956628742255848e-01,1.368957380753643427e-01,-4.203795980773779306e-02,-1.441639890148298242e-01,9.491817508489958088e-02,8.202261336716315521e-02,5.005156717931358301e-02,6.615618611174634012e-02,1.192142170106260113e-01,1.257775787313487048e-01,-9.157655235718575523e-03,-1.079500595206464159e-01
-1.897090992128484255e-01,-1.777475158471371608e-01,-1.094094598887875719e-01,4.936631229043915436e-02,1.116121171880249396e-01,1.581262984491605197e-02,-1.086183556021270841e-01,-1.136925574189492361e-01,-1.465997361666770693e-01,-9.896276496591148442e-02,-2.509507740095774306e-02,8.262114858362493153e-02,1.122634945946362206e-01,-3.897151354650347371e-02,-1.672829496976171171e-01,-1.562685674030383776e-01,-8.782374725914258995e-02,-2.426672309724700952e-02,1.827862516800358300e-02,6.432139577570160360e-02,6.209181039803783608e-02,-1.182927559808883561e-01,-2.215934053525634717e-01,-2.029545125033984099e-01,-6.077251635927081314e-02,-1.466741115620553851e-03,3.631531055771542674e-03,3.661510816739452223e-02,2.581563507362704193e-02,-1.532555362585802106e-01,-2.391680561211513012e-01,-2.274933017741992414e-01,-6.347853510593554072e-02,-1.278462676841063926e-02,-5.197312634609983426e-03,3.189731637479059634e-02,1.928676740043501481e-02,-1.476267123194998088e-01,-2.390403896788627081e-01,-2.294471857516307001e-01,-8.288074966103481378e-02,-2.132416966322726176e-02,1.238317023278706630e-02,1.376161634453704208e-02,-1.636460585021233538e-02,-1.441656495677485217e-01,-2.309255822942725134e-01,-2.219040300936265808e-01,-1.042985174290236433e-01,-1.352712235173213033e-02,2.236175041051449014e-02,-2.066559388594189570e-02,-6.026553050048557431e-02,-1.438695549992224099e-01,-2.131098451774072755e-01,-2.025507227182714309e-01,-1.057887820001248841e-01,-1.874544001343033880e-02,-1.219575943607611318e-02,-7.512030155036356072e-02,-9.253126346543948111e-02,-1.508274015105459664e-01,-1.955636794905330489e-01,-1.952182671554582860e-01
2.674177169378260110e-01,2.719771295404042055e-01,2.451710103767437976e-01,2.126190257837740627e-01,2.264397965945598723e-01,1.569487357272074946e-01,7.245346874900073994e-03,-9.706192884511448404e-02,2.509413073335310385e-01,1.922742365983806379e-01,1.714344256594674820e-01,1.400055716524175875e-01,1.437185516680976882e-01,1.181415106707423834e-01,-6.308719648501602550e-02,-1.929556794256507002e-01,1.736163637815136274e-01,1.310834400942335054e-01,1.055445637191843727e-01,3.441608779737007767e-02,2.703318351722480001e-02,-4.247210197420856967e-03,-9.555591860313225605e-02,-1.096588675993216827e-01,9.960668501731709257e-02,1.196177321101246221e-01,8.791700224506232564e-02,-2.595459977062204715e-02,-6.455467615865412290e-02,-5.574747918504219940e-02,-7.081880842570079104e-02,-1.294425367189913911e-01,1.223650471797426836e-01,1.135777454252528407e-01,8.412343009202088995e-02,-3.283961269618825701e-02,-9.272678737102194035e-02,-3.270113868263865853e-02,-6.922507277636741341e-02,-1.319606551057226074e-01,2.113254851380799715e-01,1.584037089443824375e-01,1.094882893285289566e-01,2.192303443092013387e-02,-1.197699045534258815e-02,2.399580331435862204e-02,-1.358671634021524181e-02,-8.096366848657295112e-02,1.605799915556671009e-01,1.284869380894465840e-01,8.896838222542068075e-02,2.531765359218492509e-02,2.579741324418232187e-02,5.115817259140558598e-02,1.192350253049766391e-02,-1.216652592180962472e-01,9.022321685590799223e-02,7.645465805209721022e-02,3.843181039663842030e-02,-8.582402514791069581e-02,-9.346995004538492802e-02,-1.450673861040556803e-02,-4.487163559453674622e-02,-1.881036529709663174e-01
7.310126780907134914e-02,1.295206633262524498e-01,3.990985994946410695e-03,3.335898662927238439e-02,1.396731325207251767e-02,-8.556743104625710861e-02,-2.333217060090584938e-01,-3.415646889897728244e-01,5.871959181714604681e-03,5.694069921168438964e-02,7.081164279083039526e-02,1.233468420848581604e-01,1.243569181564271320e-01,5.452451176143893741e-02,-1.337253211853670631e-01,-2.549985135839147321e-01,9.746916136536609709e-02,1.210764504847342410e-01,1.295350828933746756e-01,1.600015052252413417e-01,1.284306543360662911e-01,7.801660485999249717e-02,-6.161295475266687777e-02,-1.637373849808329007e-01,1.249467719942400912e-01,1.362309848019170044e-01,9.496015941940501304e-02,1.318830379534935981e-01,9.151101745162382173e-02,4.879663295681262863e-02,-5.463033561779345043e-02,-1.432577894225623150e-01,5.695327429978522954e-02,4.980177313892406032e-02,2.903211649493845845e-02,2.754557267369566256e-02,9.470466402849094661e-03,-7.773792568404791492e-02,-1.491745010959144857e-01,-1.607865594062293235e-01,2.044852624702379190e-02,1.925394023623461584e-02,8.217468096415214696e-03,-1.994611631216396466e-02,-7.290002541854329055e-03,-1.087164183039794063e-01,-2.124498348101677148e-01,-2.456383110779902790e-01,1.273481834211906971e-01,1.182432149521889519e-01,3.683552116574417140e-02,-8.432756687781168409e-03,1.582220971111211369e-04,-5.512308686374566696e-02,-1.913674295721888297e-01,-2.798874226979036761e-01,1.937469613772429822e-01,1.475375351415553482e-01,4.071376806291675254e-02,2.927648536748391622e-02,5.033276554272364534e-02,-1.828616422657874767e-03,-1.270760461576898870e-01,-2.200382675879143657e-01
1.549520793974984156e-01,1.126342051047569126e-01,5.771493383105998076e-02,-1.894676303927379443e-02,-4.321711052346076387e-02,-1.099188445740926535e-02,-9.055584901177056792e-03,-3.635801326045467324e-02,1.283728937529295955e-01,7.870140321584373488e-02,6.239473275736619196e-02,-1.907730449979372182e-03,-7.832184820909904310e-02,-7.971816887372881744e-02,-4.049454813205876497e-02,-7.901955548024588993e-02,1.149323753308919005e-01,1.023742293192151376e-01,8.171848356528529922e-02,6.055235377524961077e-02,-4.363142787069510670e-02,-1.274028872883913033e-01,-1.411575696100654254e-01,-1.431724122885555950e-01,1.021783859194689698e-01,6.085440954696943322e-02,5.451650932905197783e-02,8.994350481006142817e-02,6.095261260939544012e-02,-1.307297496180767349e-01,-2.435808532278473659e-01,-2.202968941292659799e-01,8.234082321840230367e-02,2.064126680738744696e-02,2.747864506092891415e-02,9.266836546657723772e-02,1.399373511273169779e-01,-4.476362421272905151e-02,-2.555025994819269397e-01,-2.623618234896317181e-01,1.166060710718800908e-01,4.048472597955181385e-02,3.533446175091977531e-02,1.333972432013144360e-01,1.984447238660423385e-01,8.258111585816008127e-02,-1.490983969931350961e-01,-2.585600719168268391e-01,1.409255403412657259e-01,7.447150445021792631e-02,5.989757992417657495e-02,1.690698350218582668e-01,2.145404213489416900e-01,1.301428473119959905e-01,-7.058284250504658075e-02,-1.922623437592289597e-01,1.173364149934255918e-01,8.275488492033764021e-02,9.089124989379347708e-02,1.717400911479001202e-01,2.221419496801952942e-01,1.508895370420636206e-01,-4.693536520489022951e-02,-1.606799795298001765e-01
1.348497767096200894e-01,1.338823307751089153e-01,1.063417915239200373e-01,9.534590798117853483e-02,9.578311402320507928e-02,9.140592095504446180e-02,9.772281565447417384e-02,1.018726601274935056e-01,8.810006842526180160e-02,8.511068502908482325e-02,8.705767854171853060e-02,1.017380084020932940e-01,1.025179458373024211e-01,1.016831188046728174e-01,9.611634539304532432e-02,9.739712179855149199e-02,2.296284168404209153e-02,3.266374138859793469e-02,5.244003179173717388e-02,9.020881779944943391e-02,1.037656825417529460e-01,9.833357458557952235e-02,1.006580473018433286e-01,1.132035756845018309e-01,-5.478274693056198186e-02,-2.380896915725352891e-02,-1.256562039534530077e-03,2.847121286254959693e-02,6.168558576885066480e-02,7.310577034362081283e-02,1.162753635564201526e-01,1.640991897120418763e-01,-1.364956597431836449e-01,-1.244004856740589388e-01,-1.144291554992207249e-01,-8.467456703229384041e-02,-2.008867220453198002e-02,4.241192701163146173e-02,1.243458098589094313e-01,2.086985796424484230e-01,-1.736230686222051678e-01,-1.936088200457070363e-01,-1.812120451548991651e-01,-1.264219263564739237e-01,-1.600225817552446833e-02,7.557925923025703152e-02,1.667239493744022416e-01,2.361026953255106753e-01,-1.656607054935305134e-01,-1.886557767350842685e-01,-1.545438874208412972e-01,-6.293695718613885604e-02,6.033064103481339258e-02,1.401401107849461758e-01,1.855706294135281154e-01,2.299849074437951835e-01,-1.611041661775614309e-01,-1.417580608137719855e-01,-9.047064371270693850e-02,9.681803627720093897e-04,1.133107186880302347e-01,1.693301325512718558e-01,2.098816888862661267e-01,2.466706286128817482e-01
5.654526965746233674e-02,1.123083230983668544e-02,-6.417256936011236923e-02,2.504316471388464208e-03,7.483495671738009392e-02,1.208287661153612663e-01,8.997152705786928828e-02,2.143611630147772198e-03,2.022423956959171557e-02,1.208974448962790195e-02,-5.689356464520246154e-02,8.584642518285086343e-02,2.348410068914416615e-01,2.544990383829497937e-01,1.573272276879673082e-01,-5.101574912452180172e-02,1.257949329634051872e-01,1.404660731102529980e-01,5.606045029421249937e-02,-6.892069622122823326e-04,1.373961706572465191e-01,1.717552155647089351e-01,8.656183223523510051e-02,-2.843635644197774898e-02,1.408554091109811279e-01,2.553737589301973143e-01,1.831074518426788755e-01,-6.690336254568007845e-02,-1.221052264711408736e-01,8.691527341345080260e-02,5.001259209979812270e-02,-7.903045822306541124e-02,5.995246487006165859e-02,1.755634754398389952e-01,1.949443764130833479e-01,2.052983754599270461e-02,-1.546744763783416965e-01,-5.625331642510938285e-02,5.525602561993765011e-02,-1.322838908368832167e-01,1.061403084986872053e-01,1.334160699922625204e-01,1.283589018593201403e-01,7.943350784626100614e-02,7.339106338519359174e-02,8.098979241870229648e-03,-1.171252635956789023e-01,-2.317690975888589688e-01,1.393883286077487460e-01,5.197497218746795211e-02,8.100562155105274498e-03,-2.523655758953681841e-02,7.044320735590484106e-02,1.939257314959604295e-01,4.659022547555620453e-02,-1.951967155060436165e-01,-5.001272243045838846e-03,-2.708162271338257487e-02,-3.977666229259475827e-02,-9.978346711340399522e-02,-1.258299154951385106e-02,2.802429309890450693e-01,3.352955296365974780e-01,4.309385912754341158e-02
6.827051533896170976e-02,7.445657172006064917e-02,8.450215978793164384e-02,5.801076803299046181e-02,-6.533419818205600874e-03,-5.062037616292984488e-02,-1.845257846867142185e-02,-1.864138586282280269e-02,9.200846943219669061e-02,9.802841455324166897e-02,1.168399970947199690e-01,1.018427970808451766e-01,-1.129043161979067893e-02,-6.045956657194482414e-02,-2.157555814149424503e-02,-1.853309728790037553e-02,1.385004166377149792e-01,1.515986976337030945e-01,1.589244310658293191e-01,1.302426426885510691e-01,4.054887651677379495e-02,-2.127157832853375855e-02,-2.550494250901557888e-02,-4.756548989117966031e-02,1.771820581884995804e-01,1.663917492984746116e-01,1.587914127194125780e-01,1.314138588107931493e-01,8.675314926525355685e-02,-5.874000234522045762e-03,-5.358706673235701101e-02,-9.300574119042294419e-02,1.670118288974038467e-01,1.665743164900184703e-01,1.680899923267210605e-01,1.521273196222683588e-01,7.676269703357148366e-02,-1.719586183238092786e-02,-9.811204621235077028e-02,-1.478336749279080820e-01,1.660324377032823262e-01,1.646047940939746879e-01,1.635563091147632098e-01,1.288546907395761443e-01,1.871195509645320193e-02,-6.976088470023919519e-02,-1.588528241169702426e-01,-2.080042270850209207e-01,1.637611690675197795e-01,1.603094596605614264e-01,1.567230091750383691e-01,1.089469145630709151e-01,-1.688706854070274113e-02,-1.202684074891498811e-01,-2.045525603248057600e-01,-2.356033682204893565e-01,1.643988116562079549e-01,1.509046932521214690e-01,1.425118581908467463e-01,7.431632315198437311e-02,-6.224238012274520282e-02,-1.556739870543935866e-01,-2.179357328040175401e-01,-2.248155913664317274e-01
1.103649875380501300e-01,9.877226448596976294e-02,8.268773544323521074e-02,1.082913483055752274e-01,1.377687835006897732e-01,6.620443234571887769e-02,-1.533858521067453344e-02,-4.528063732442927369e-02,1.133915221685662389e-01,1.221655846707273424e-01,1.150087726248790604e-01,1.310740051408521012e-01,1.496938322429401114e-01,5.703008144594449297e-02,-5.053421355323932385e-02,-7.078873398864170274e-02,1.173178061443694020e-01,1.252681352550114036e-01,1.346124169022941963e-01,1.320273707661920592e-01,9.663573543584313974e-02,-3.653768873468256351e-02,-9.281738687804289012e-02,-7.402956775872038264e-02,1.242294811997940174e-01,1.593680623575140509e-01,1.629086832373997373e-01,1.427081926545860358e-01,3.112242644524325016e-02,-1.067976086747767228e-01,-1.152468321519138639e-01,-7.042066554392249766e-02,1.275790619222881006e-01,1.704855096791073887e-01,1.795466136827597869e-01,1.627068164200324574e-01,2.502547381569333526e-02,-1.531641258309128228e-01,-1.421738159576451666e-01,-1.053680552969400719e-01,1.208012398919030977e-01,1.538289526427468745e-01,1.775737191586439501e-01,1.972323139988135243e-01,9.294890195633745411e-02,-1.313090728366259341e-01,-1.626989054087263631e-01,-1.080542548914610740e-01,1.160179247615907017e-01,1.400581280488232827e-01,1.778968972651536751e-01,2.107110831444226062e-01,1.258988956812730209e-01,-8.416991231602037604e-02,-1.300778723279822358e-01,-8.476867198178944518e-02,1.355425286153375264e-01,1.617567734176818262e-01,1.824590400025139503e-01,2.048420104447846168e-01,1.280892141863324563e-01,-3.616268838314414674e-02,-7.655552705842778860e-02,-5.107927728027870234e-02
9.348662115229262881e-02,1.115449680087540751e-01,4.628880667257734977e-02,-1.332959849289982457e-01,-1.651626791714872755e-01,-9.259239755213435896e-02,-6.774596728254367317e-02,-1.258925303935204409e-01,1.502142075366456053e-01,1.024592227872557493e-01,-1.203079242051937475e-02,-1.351348454254445164e-01,-1.258498917292668606e-01,2.708668590834870799e-02,1.523610078751215791e-01,1.264816679362696927e-01,9.490636201346802636e-02,7.783439108819714680e-02,7.274412101280972043e-02,-8.421765190310855076e-03,-5.392259277407510792e-02,-8.115947084040513182e-02,5.127135491835627806e-02,1.902751605153114034e-01,-2.599528971610912467e-02,6.778347403904262658e-02,1.672729000141339184e-01,6.283028318457346828e-02,-3.407512140841907622e-02,-1.138276550954462896e-01,-8.784702944216561671e-02,7.687421335547416079e-02,9.849526088993426631e-02,1.845401245356763087e-01,1.804689146038001846e-01,1.031812046848053499e-01,3.690336109364582978e-02,1.107568963969294829e-01,-7.907355110637838413e-02,-1.923660901521385969e-01,1.946456882352075590e-01,2.365839391521953050e-01,1.651460104662006712e-01,2.763915292033630386e-02,1.815362463769270435e-02,2.561906300852352381e-01,1.447321297339285440e-01,-1.380520362517851096e-01,1.024645423752691686e-01,1.260164927783931077e-01,9.760514898789875160e-02,-1.252330020297365565e-01,-1.877272673470853082e-01,1.916208007241922417e-01,1.590367982944732583e-01,-1.548467523170881655e-01,-4.468949747502183600e-02,-7.088707969803774434e-02,-2.068492781516801521e-02,-1.114522486674515284e-01,-1.988879857215107017e-01,1.427196931925581724e-01,1.747369369118578764e-01,-8.242597820921650220e-02
-1.843651147086775854e-01,-1.316005307092537879e-01,-1.017047055084726870e-01,-9.528402053719402243e-02,-9.096686453517760507e-02,-7.089496782173500267e-02,-5.114399491381913659e-02,-2.506561798004117506e-02,-1.970617306741430375e-01,-1.602003932963350641e-01,-1.151821939005879120e-01,-1.275985321677188811e-01,-1.130397849216415451e-01,-8.874111797753157782e-02,-5.427903781279055234e-02,-4.995149398409728242e-02,-1.013342983288822441e-01,-1.553179333242769300e-01,-1.400755284543832579e-01,-1.186983038106265154e-01,-1.235094547499323986e-01,-9.822913593624159334e-02,-8.572745204544998665e-02,-9.013693140640408052e-02,5.253037319074022049e-02,-9.754237068619869833e-02,-1.785875764629772933e-01,-1.508036840193098804e-01,-9.541344863817606547e-02,-1.119735710526963968e-01,-1.397768965290844267e-01,-1.520730792548899701e-01,1.068848213111185108e-01,5.282290392692841341e-02,-1.011927548463988080e-01,-1.580085392049061233e-01,-1.090449338324646911e-01,-1.091720737053989143e-01,-1.670909850067064106e-01,-1.821184947271618226e-01,-2.770231981794248413e-02,6.624341453500467991e-02,1.649243944931162373e-02,-1.032057667837623233e-01,-1.626235469138767875e-01,-1.347417202411096693e-01,-1.301009970137736727e-01,-1.795134288893009133e-01,-1.975687043061367665e-01,-9.232517495477463032e-02,-1.915492924583054452e-02,-5.679256228685945762e-02,-1.447821432273583564e-01,-1.730549694378935022e-01,-1.087772858618631239e-01,-1.216598040633018185e-01,-2.063441256903303100e-01,-1.966092629588361285e-01,-1.356839115862962242e-01,-9.355945578589576483e-02,-1.004835934552924803e-01,-1.512007932993071346e-01,-1.506178256254239178e-01,-1.265081156463348511e-01
-2.848240744631087007e-01,-2.221298280883217402e-01,-2.596089351833969494e-01,-2.805135065181781906e-01,-1.931825371614569742e-01,-5.010208608157146193e-02,8.504205949125931419e-02,1.992955200910877592e-02,-1.684416222346086789e-01,-9.885252141418487959e-02,-1.762283736257596323e-01,-1.889071142910649925e-01,-1.843005978026689418e-01,-2.513222651224530230e-02,2.506432671406069040e-02,4.012533521091708050e-02,-1.345755335510567807e-01,-1.140050076917315663e-01,-1.394898023876539050e-01,-1.565979553842857808e-01,-1.988856000907740229e-01,-1.758107328770248667e-01,2.307910840192389443e-02,5.513394774286051875e-02,-7.110203482411860121e-02,5.711256694831630225e-03,-3.078790999113693860e-02,-4.834671726121458207e-02,-1.553567563665738394e-01,-1.214717487867874174e-01,2.775711357237591395e-02,7.435580771480843065e-02,1.592797872388064181e-02,5.328603412261836980e-02,5.760864793165133141e-02,3.905249849574007892e-02,-5.567082755877759276e-02,-1.141038468368299336e-01,-1.031518939271372920e-01,-1.199777069411088887e-01,-2.540175701972184966e-02,3.914294754028891515e-02,8.662604350785479967e-02,1.250544914593199330e-01,8.266660442830375821e-02,-9.073699552806759050e-02,-2.373027055993175982e-01,-1.422710171195566975e-01,-7.618695857147796124e-02,-4.900175141019794123e-02,2.313192369012299215e-02,1.923186102846565632e-02,-6.667779738055838734e-02,-1.157330710286024467e-01,-2.032272431533986290e-01,-1.149049069811327595e-01,-4.468073527246316234e-02,-1.538872547715893283e-02,-2.785276555996523892e-02,-4.192656721293681887e-02,-9.687516995999793934e-02,-1.823162207664873191e-01,-1.770037133169830301e-01,-7.327826930816362661e-02
-6.758752903794164324e-02,-6.498320764228666946e-02,2.148878031524091125e-04,7.796556221671391285e-02,1.309595325518243258e-01,2.157811414292402363e-01,2.241348490461980147e-01,1.060569041508677007e-01,-9.817554908337271236e-02,-9.644832718277226991e-02,-6.307829497315149692e-02,-4.972547486373404130e-03,6.443888967149506708e-02,1.684293671868526410e-01,1.933112823462837526e-01,1.083448093772931137e-01,-3.059034390097006145e-02,-1.212269644682571618e-01,-1.155529876337779149e-01,-7.441265605283704787e-02,-1.179674672305262156e-02,6.733762310160917863e-02,1.321444354072673355e-01,9.764176994610605786e-02,9.341883226770547610e-02,-6.679465360143979624e-02,-1.400862462793196483e-01,-8.514706819063641574e-02,-3.969415161427186645e-02,-5.704494720850223320e-03,2.923698476983642783e-02,2.965803447412385802e-02,2.063024175716405006e-01,-1.011890567502347557e-02,-1.546767401535877329e-01,-1.011272207270320633e-01,-3.690769305099781544e-02,-1.881654119070697712e-02,-1.918398154582197715e-02,-3.868474191928491374e-02,3.055092304154036764e-01,5.597412972401823866e-02,-1.536432482894135865e-01,-1.304072854272944337e-01,-2.898042174262260157e-02,1.703067297302533409e-02,2.622120573423817463e-02,-1.667951555744582801e-02,3.464997216355427678e-01,1.243233878230629030e-01,-1.592758228854333769e-01,-1.855021007768807295e-01,-8.895951343544437895e-02,1.379207318046760285e-02,6.717790412181706694e-02,3.184908881840006062e-02,3.105142871041653985e-01,1.193630755065430982e-01,-1.505170948219475002e-01,-2.233900090262151139e-01,-1.570474895563901130e-01,-4.885113106593219623e-02,5.764274691352670732e-02,6.053574923986618922e-02
9.916161829590375287e-02,3.835390388019013774e-02,-3.177759824499864355e-02,-1.190438854332876856e-01,-2.206132808355775465e-01,-2.123629111434785499e-01,-1.600333723018071072e-02,1.296264214135880166e-01,6.342279448389245844e-02,-3.696314186436708976e-02,-1.063162974654826010e-01,-1.732051123060438513e-01,-2.330928123269757068e-01,-2.014328609404291703e-01,-1.711671448412516172e-02,3.593928982882087231e-02,3.912179015530278109e-02,-9.288047586387655763e-02,-1.440985616716987661e-01,-1.917949544136449136e-01,-2.360181526561827559e-01,-1.548495616150971921e-01,-4.053908063118050187e-02,-6.418298377141704036e-02,9.558123291343957606e-02,-5.122679056028698469e-02,-9.930498223737946328e-02,-1.717060060125820964e-01,-2.071943021413636399e-01,-1.411573091649060974e-01,-1.119791847789219502e-01,-8.995996530412855852e-02,6.086247035158486030e-02,-3.233259957037394605e-02,-6.345882358458163064e-02,-8.610055292062478161e-02,-7.128824061066355022e-02,-7.663252608922246911e-02,-1.456421230502555897e-01,-9.560477865761229932e-02,-5.547613913188420565e-02,-1.045960782887733337e-01,-8.689456384268035016e-02,-4.232996793076058278e-02,9.515062214278313668e-02,1.022236103869688002e-02,-1.567350275384011837e-01,-1.269721874783040494e-01,-1.432780205089193570e-01,-1.957753754609224406e-01,-1.506097750685878311e-01,-7.849147491184960135e-02,1.283159197593841394e-01,3.524973006248319218e-02,-1.531415787926930228e-01,-1.849832627837510457e-01,-1.229249194816548763e-01,-1.793942254414240822e-01,-1.467059817212302275e-01,-8.052760238191397635e-02,3.660094317992268476e-02,-1.404856797357109492e-02,-1.395781155303655596e-01,-2.041021691100960989e-01
4.581878369497409675e-01,3.279605121180935168e-01,6.113357100166046110e-02,-6.561231685589306861e-02,-5.125820496620518696e-02,-9.970663430230571056e-02,-1.192901316697996400e-01,-1.033442383303412038e-01,3.923856851046459981e-01,2.828411239995930471e-01,3.797331923158351469e-02,-8.321864491312663814e-02,-5.818789655473882716e-02,-7.271369788143557111e-02,-7.794952431822337047e-02,-6.732681958081233875e-02,2.354936621534006180e-01,1.312971031223556795e-01,-9.890519156740173318e-03,-6.301392925793053434e-02,-4.803650968619747885e-02,-5.810611789386454368e-02,-3.932979894484527061e-02,-3.109393902866642093e-02,9.517907012270092337e-02,3.349084322085513904e-02,-3.204717043152058992e-02,-4.384115038433773065e-02,-4.507078968421741882e-02,-5.969378694364381455e-02,-1.886050005291264875e-02,1.435952494173171543e-02,-2.441631544470712276e-02,-3.813588446436277923e-02,-4.253479290466343626e-02,-6.505580360548092467e-02,-6.524676826455788614e-02,-4.879302610035190363e-02,-3.530292519455714706e-02,1.482241171655139999e-03,-8.062865814296332756e-02,-1.235391214755137967e-01,-1.130558993500037634e-01,-9.759857087698536882e-02,-6.151660107889647677e-02,-4.491708566251320645e-02,-1.449638041351336559e-02,2.158914071456689149e-02,-1.018575036019551960e-01,-1.425224526412053605e-01,-1.749749400179113346e-01,-1.399866068783791606e-01,-8.456456988322086366e-02,-5.925579166562630617e-02,-4.750752544952259113e-03,2.059121725468531991e-02,-1.318787704626955826e-01,-1.520897284245941727e-01,-1.781599798765136355e-01,-1.573277367678613536e-01,-1.112884135726288637e-01,-5.558657600833084855e-02,-5.903336491136551480e-04,-9.677708711450986809e-03
3.323411677335068592e-01,3.704172871204907680e-01,3.585015580106704070e-01,2.805918826636374930e-01,1.992855785391514367e-01,1.638190286914319171e-01,1.267232676493072197e-01,6.331000065500806684e-02,-1.622388391492834148e-01,-1.846101989753607953e-01,-1.931030303691705086e-01,-2.107463976113894133e-01,-1.804488953086787473e-01,-1.352290585232263365e-01,-1.209100081968899482e-01,-1.636906514121446721e-01,-1.401096044055616940e-01,-3.840211882815001976e-02,7.944436929395670699e-03,-8.095942381899567594e-03,-4.253252059286347780e-02,-6.486124329444846459e-02,-1.380493606575895205e-01,-1.853076257412883954e-01,2.302117015724134547e-02,6.706776259779259619e-02,7.164743978461177165e-02,8.195064448071205654e-02,7.564748548278495133e-02,1.497531004315939482e-02,-6.857662058927223303e-02,-1.417080949123387668e-01,1.154833933269975611e-02,-1.571831357171758758e-02,-1.295780537350654273e-02,3.276317051279437065e-02,4.167324513332974073e-02,8.235631775323171144e-02,4.363157008390704944e-02,-3.544325853723771097e-02,1.908953555839153562e-02,-2.242695770095881613e-02,-7.074613603525166383e-02,-6.639492403921530561e-02,-7.270440250821670614e-02,-2.516877019203252533e-02,3.910475507347397663e-03,-3.178508744743057529e-02,4.186102562624822304e-02,1.686052276085853174e-02,-2.793599385559842815e-02,-5.004796193474479737e-02,-8.089685756117065418e-02,-6.521428540845380928e-02,-5.723647579169983957e-02,-8.562388142925321521e-02,1.178384332327862688e-01,7.989561370081103842e-02,4.435450259818170260e-02,5.329285775679783871e-03,-4.954647251707608446e-02,-4.902142572971027179e-02,-6.321763353102177740e-02,-8.644058533640301689e-02
-1.776285962441541966e-01,-1.814498034627013701e-01,-2.112399638538280111e-01,-2.382840328631363747e-01,-1.843655761838402241e-01,-6.018605373256437352e-02,-1.487829674547428045e-02,-3.002818537112646874e-02,-1.651930203518055529e-01,-1.649124212888424534e-01,-1.177347821786929177e-01,-1.161978728705110042e-01,-5.795499679254545455e-02,6.748529261153203562e-02,7.513798390960498008e-02,6.244809682104255494e-02,-1.330623413287372880e-01,-1.270519168110924857e-01,-9.347498087791090982e-02,-3.095993362645243011e-02,2.793551141703694979e-02,1.061319779822206127e-01,1.238241661634859880e-01,9.720488892764952982e-02,-5.422633973150333547e-02,-3.264969293751483759e-02,-6.925324125135760844e-02,-6.724202603194730232e-02,-9.554027227001482591e-04,1.122322617932018374e-01,1.381073189099545906e-01,8.315586485284108542e-02,4.036344186927273009e-02,4.449566068811650066e-02,-4.916564969911755428e-02,-1.385882363512629389e-01,-1.435157457089491495e-01,-3.064379899754252762e-02,7.411395218162712684e-02,4.535660168290716471e-02,-2.932283325187701878e-02,-7.354643849377640041e-02,-1.116671148913765399e-01,-1.598766883845250952e-01,-2.310526811181600193e-01,-2.476969253504122392e-01,-1.815517024603345297e-01,-1.731422407663337215e-01,-1.003852733393007929e-01,-1.324099758297029028e-01,-1.000314363279642821e-01,-8.137411148036213793e-02,-5.597269943996715375e-02,-4.174275880419553442e-02,-8.736368349108086795e-02,-1.505974169678936381e-01,-4.041330637194068265e-02,-4.151106298744567519e-02,-9.345898052174422821e-03,5.447685763148982230e-02,1.547540809789696159e-01,2.657107202615319741e-01,2.678424035149412075e-01,1.880882438122436773e-01
-1.089901621376648394e-01,-5.136443040215309813e-02,3.350736981933519903e-02,1.238397820216822348e-01,1.169569204362190668e-01,1.624874768546670858e-02,-6.082233470682368859e-02,-8.384920296258416283e-02,4.635662121111765177e-02,9.351620468564639244e-02,1.213474596278221324e-01,2.104341318541121386e-01,1.944644353775338841e-01,8.061814532147772161e-02,1.729571420982573340e-02,3.029820867015830740e-02,1.854797366147283022e-01,1.763950949637476950e-01,1.700577458254357577e-01,2.584583562077499841e-01,2.611412447936262704e-01,1.217419115536212820e-01,6.213138083233379211e-02,1.036495144271605412e-01,2.175938241242018067e-01,1.690190471705372011e-01,1.414660898456233384e-01,2.218322034535131770e-01,2.369097504583102809e-01,9.241162952316550605e-02,-5.576488509247265121e-03,3.988528380634012022e-02,1.725592707060433773e-01,8.495224051015259903e-02,5.700150716964742098e-02,1.463168085865254597e-01,1.627704771205058798e-01,1.112440417071297247e-02,-1.099858460342380134e-01,-7.158001263358025612e-02,1.124151278650348529e-01,4.514984405294587139e-02,4.141759881371889079e-02,1.418842232625119881e-01,1.755630602603542867e-01,4.482734413425411985e-02,-7.710032643779363148e-02,-4.259858152150901300e-02,1.259013371462095743e-01,9.626223784824752827e-02,7.864534368359606120e-02,1.435080708952810868e-01,1.671585158497709278e-01,6.014716949139255198e-02,-2.556763502259857060e-02,1.290282109460275280e-03,1.486193385402538869e-01,1.295856618266632565e-01,9.440504231300714255e-02,1.400074466516712801e-01,1.450603125658090631e-01,5.057374847131578671e-02,-2.776695566743675112e-02,1.234767395481562932e-02
-2.458176666978109659e-01,-4.559029735111242571e-02,-4.523129760698575696e-02,-8.401689086359843961e-02,-1.724270132151081367e-02,1.101639612673979696e-02,1.500683490930786734e-01,2.612259741982735917e-01,-9.365754794275293893e-02,1.083806537628595190e-01,2.379595059390422485e-01,1.874866517125598486e-01,1.461522250535281786e-01,7.686417703854926675e-02,3.903468783429801109e-02,6.917593407855930632e-02,1.002730741466028586e-01,1.682920731869751163e-01,1.817830352715186504e-01,1.224416693732887501e-01,4.889529384435435666e-02,-1.050943023995421638e-02,7.883786675361000029e-03,2.751360383564476625e-03,-1.147188837042869072e-02,8.091131100863140080e-02,4.218140224920912534e-02,-5.978973798841417248e-02,-5.285298523179208369e-02,-1.245080742897986675e-02,4.479816034512747180e-02,4.318725583439458893e-02,-1.444565531019980087e-01,5.579131565483686980e-03,1.661804612715934160e-01,1.343008757884824322e-01,4.847755054954648937e-03,1.181567303511888156e-01,1.985668662574879562e-01,2.567965278564321996e-01,-5.022170452331194829e-02,-3.218290647085948059e-02,7.670669679928826534e-02,1.472504359498954529e-01,1.388440090239737579e-01,1.729311152206466362e-01,1.386960816914309946e-01,1.709893134304189821e-01,-6.413998459292043208e-02,-9.573828692532291868e-04,-2.852292510006618903e-02,-6.515386594546296317e-02,4.225262710994639320e-02,1.734211541824503544e-01,1.350921582051017311e-01,9.233809883584115363e-02,-1.738566593564078722e-01,-1.113794416633480944e-01,-9.896985886077437622e-02,-1.475349494116692251e-01,-1.267034842443032772e-01,9.085883458548582592e-02,2.569838062778465049e-01,1.909440541209884712e-01
-1.656410407699075993e-01,-1.193002758266501484e-01,-9.251524081264503319e-02,-5.421516430013510052e-02,-6.463224483877340332e-02,-5.873257747073563212e-02,-7.942732364699439662e-02,-9.610092703292211214e-02,-1.933240737659255304e-01,-1.819972374323887421e-01,-1.186691414134439654e-01,-4.407088018185182504e-02,7.062532628080034000e-03,1.015678385968623101e-02,-2.521855383089895500e-02,-3.120569914811548509e-02,-1.556769072975952850e-01,-1.959262870222110986e-01,-1.758895191703659100e-01,-8.512539893664090862e-02,-4.132496281488655387e-02,-1.147719110381216490e-01,-2.071358264432940910e-01,-2.413744267810419009e-01,-2.480924109770899638e-02,-9.472584134132373823e-02,-1.153816051702161727e-01,-8.014119805486799586e-02,-5.243647017241695463e-02,-1.153036155937502416e-01,-1.692183973490471727e-01,-1.814305673045247813e-01,1.988367109512571285e-01,1.654317191013582877e-01,1.124833549874753730e-01,8.299118863105876820e-02,1.145666090431342321e-01,1.372919312181560547e-01,1.847197455403606081e-01,1.977146376984144083e-01,1.015179453409592591e-01,5.947258309949456784e-02,6.538576019706954234e-02,1.348338398073411215e-01,1.816247309541042243e-01,1.166805421739219445e-01,8.733142212206382315e-02,1.301192509614435833e-01,-7.557568986553631074e-02,-7.958399459121581754e-02,-2.537776328451302882e-02,6.912327461451410471e-02,1.429192327727943357e-01,1.235201771966429052e-01,9.273712677875670454e-03,-3.381020613927725703e-03,-1.734714079988068647e-01,-1.612684157811773988e-01,-9.105590535240487560e-02,4.656793058246949668e-02,1.694991845568447064e-01,1.975695750743522439e-01,1.354203020834990612e-01,8.126743966116439788e-02
-1.025260113675904722e-01,-8.595791848934297708e-02,3.244785392641191812e-02,1.144607864708256234e-01,6.574057110879498456e-02,-3.635164268317481184e-02,-1.902590890659679734e-01,-2.371162645800363733e-01,-9.656822026031817996e-02,-1.561188325154903855e-01,-6.958582101852826829e-02,1.237174453800550245e-01,2.169920337956950662e-01,1.586434528853841730e-01,-4.392505611004080684e-02,-1.457507450573753693e-01,-2.848045808742867210e-02,-1.067957336491235226e-01,-1.331814255771895938e-01,4.910415227456991182e-03,2.234513264908075947e-01,2.846132538589890015e-01,1.480285147372114030e-01,-3.693136548365395701e-03,1.163035577098711117e-02,-9.099514946315215291e-02,-1.808222267009899908e-01,-1.644689009243043287e-01,4.064082309612438576e-02,2.079518304047207611e-01,1.733057495370771417e-01,5.995160320420078737e-02,-3.393755850393413709e-02,-1.165636346038255861e-01,-1.752894945313462349e-01,-1.821540160324130464e-01,-1.186729071505654848e-01,1.076518970389623957e-02,9.625049584772620015e-02,9.458418598067801220e-02,-9.904340275764798862e-02,-1.298230073888684277e-01,-1.332128676817383450e-01,-1.234835232885288514e-01,-8.285008445639018004e-02,-5.267168085487661244e-02,-4.249018441124053497e-02,-1.055106740762020399e-03,-1.410166288710351934e-01,-1.370793532106864276e-01,-1.089244377625599308e-01,-3.858998779667438539e-02,2.535948991638066127e-02,-2.525301060654370003e-02,-1.333780663142944134e-01,-1.484281171133014499e-01,-1.257596902329672917e-01,-1.443749413601333187e-01,-8.615276500964856587e-02,1.050915074527588276e-02,7.772512246151178084e-02,-1.390159665632647971e-02,-1.527031331209603437e-01,-2.050538813728810528e-01
2.965282232213086733e-01,1.859942071343038128e-01,6.621015873066123103e-02,3.793791988526066389e-02,2.007787056541459059e-01,3.124396241265698926e-01,1.906827448852945750e-01,6.148531907063176094e-02,1.638948203924632807e-01,6.142620648964422503e-02,1.035011874362499508e-02,-2.522351601037685354e-02,1.262798346637721003e-01,2.933637080707631739e-01,1.490078360586897521e-01,-4.224676379076563668e-03,-6.372135762333897002e-02,-4.198232910008122681e-02,-2.461777870154160594e-02,-6.096611851599469806e-02,1.783297696913218461e-02,1.084033256147574620e-01,1.144209573312742201e-01,4.211188515368676638e-02,-1.448039448555633046e-01,-5.659360289668437238e-02,-1.914452592498814415e-02,-4.748399955461918981e-02,-4.319109298345057829e-02,5.338791873187319348e-02,1.336226596397230848e-01,9.909974040156867281e-02,-8.001444723190204167e-02,-4.066652571991566378e-02,-2.426348058881453579e-02,-3.573193617339011623e-03,-8.469326870829126802e-03,8.537802168144484338e-02,1.369925437235854637e-01,1.811988876982686125e-01,8.128253087792811082e-02,9.224460267469485053e-02,9.554889904326163697e-02,1.350714986447172916e-01,1.159266927792818314e-01,3.603914241206538499e-02,7.668427976029251747e-02,2.260438163412049062e-01,1.271657591589267777e-01,9.687952587059850407e-02,6.492659994459447359e-02,5.124981447951985208e-02,-5.503922302475171280e-02,-1.590160274863020584e-01,-3.500034507080576618e-02,9.227547259806102853e-02,1.265140298571360289e-01,2.679177908357143964e-02,-1.197553359141825396e-01,-1.759986598761338894e-01,-2.544733561654974885e-01,-2.369169674432932970e-01,-6.494763415672798190e-02,4.784334451903100860e-02
-1.762396219660186392e-01,-1.401687000505860980e-01,3.581093966092861736e-02,2.714431378377498219e-02,-2.429909157690367943e-02,4.128357625864465669e-02,8.757439503055458596e-02,8.963958142836853105e-02,5.547875816451063036e-02,-1.733095269891462842e-01,-1.220102530067724844e-01,1.214482050814226673e-02,-6.784338651995731884e-02,-2.268043538254107400e-02,5.102368146309727015e-02,9.394241032647521195e-02,3.488400542925706449e-01,8.225588081387569250e-02,-1.804516616276093666e-01,-1.048902218434765166e-01,-1.170003025696825585e-02,1.095215028264251910e-03,1.459119882228511293e-02,4.556935265746032970e-02,1.163889537353047510e-01,2.283331927807917550e-01,2.543617340563347415e-02,-1.251197750534393527e-01,-8.774802706334040858e-02,8.411151739178364742e-03,8.770057830552192846e-02,6.607097535391920351e-02,-2.053220085235307191e-01,2.214545595159430908e-03,1.334024795196947499e-01,1.857714544584375405e-02,-1.455268470672394232e-01,-1.404242453050954798e-01,6.493085152050129261e-02,1.227739141930415667e-01,-1.793279866176999415e-01,-1.389549089259113634e-01,-6.216234054734370851e-03,7.881610905459233984e-02,-2.369251125261671864e-02,-2.390743816670404809e-01,-1.386593154013507079e-01,8.976706057507474745e-02,-6.869856260353048028e-02,-1.019251069824350098e-01,-1.070771705139583335e-01,-1.587607182863532210e-02,4.007414646286319021e-02,-1.178781209520136930e-01,-2.742685080062546299e-01,-1.532620770444691194e-01,-7.201577567784168965e-02,-9.460534116444759001e-02,-1.374954429809215617e-01,-1.278969298044501102e-01,-4.673811850114428790e-02,-3.827083561115238175e-02,-2.188319642149225142e-01,-2.883325928207612354e-01
2.262716909204140134e-02,-1.603443545738969800e-01,-2.672349760326038215e-01,2.610245295537460403e-02,2.784474210058757171e-01,-4.319811978245940293e-02,-2.627856145305432767e-01,-1.590580793685111016e-01,-6.848666938299885487e-02,-1.774959691426489239e-01,-2.606127564486129256e-01,-4.301318700333199574e-02,2.134997939206100537e-01,-1.091532566224674705e-01,-2.750616369111724691e-01,-7.574805390545646944e-02,-5.114789228558908746e-02,-1.033821042710433014e-01,-1.467682088949590624e-01,-7.730549902966665776e-02,3.485208022748866041e-02,-8.659657106844244334e-02,-1.941222273541501897e-01,-2.515320665933003241e-02,-1.038476721449472645e-01,-5.660002301423624343e-02,-2.113748515719248572e-02,-7.001454865049351606e-02,4.209626299499122370e-02,-6.029001328490900258e-02,-1.617379204035446494e-01,2.442948777303790685e-03,-1.581932173686688425e-01,-6.618407134583853546e-02,-1.647253509710618763e-02,-3.223244731415226411e-02,4.574847132978930586e-02,-6.879142056888082335e-02,-1.506454563696598692e-01,3.203450868901672188e-02,-1.513877046173354168e-01,-6.754511917376963825e-02,-1.081760038924893669e-01,-7.575453707087809185e-02,-7.013270612406996563e-02,-7.954405232864428243e-02,-2.053405434261200702e-01,-8.542885551575719882e-02,-7.825266200035528585e-02,-8.279780846044174081e-02,-1.673757318092332358e-01,-1.171277286211502844e-01,-2.996578842156782246e-02,-4.066019595456392410e-02,-1.459865551324268096e-01,-8.751510103397623641e-02,4.873049912119377380e-02,-2.050662115075027950e-02,-1.737092516220398175e-01,-2.174946326491519755e-01,-5.838052407364281715e-02,1.143575920089624429e-02,-5.252071819790209845e-02,-6.791476171997350153e-02
-2.745418274986288765e-01,-1.923106845428206313e-01,-5.132061912441845952e-02,-3.468375574222826857e-02,-1.234131369465568950e-01,-1.231473753374328350e-01,-8.059029798951067303e-02,-6.227143565935946284e-02,-2.400799631114279020e-01,-1.696858838209492903e-01,-5.285384576651544486e-02,-6.018366659135492708e-02,-1.614354714888085740e-01,-1.162460574548918463e-01,-1.808100813287332603e-02,-4.107551425160151787e-02,-9.976984069516139919e-02,-7.867439200284856438e-02,3.945969220448409219e-03,-5.409343140945450240e-02,-1.476241473086070399e-01,-1.030574176839103434e-01,-7.398524662699391963e-02,-1.238939749471945073e-01,-2.221885673934661382e-02,6.133968761287853996e-03,1.078984819611150114e-01,2.727037562325648062e-02,-8.039718290762572217e-02,-6.703411503700666685e-02,-4.814634817033687508e-02,-8.015902816682175802e-02,-5.397322497526470947e-02,-9.185202209336093548e-02,5.893656736629546145e-02,4.563017954168568924e-02,-6.268122119139687975e-02,-7.000319825977621702e-02,1.150412047424230130e-02,4.229854200528043728e-02,-1.026785235762599086e-01,-1.685297395536212717e-01,-7.184869092095495791e-02,3.179368189772223408e-02,-7.813690739813410058e-02,-7.576883927698914445e-02,3.395202482532146127e-02,1.100805079819850846e-01,-1.886153336489701515e-01,-2.368801106413931934e-01,-1.615542828757087768e-01,-8.601472012353482410e-02,-1.882703740735792719e-01,-1.605371097473225761e-01,-2.617313018261411932e-03,9.544554156526871558e-02,-2.656029888814809836e-01,-2.913318610737470338e-01,-2.103356234617826115e-01,-1.271040243415105520e-01,-2.163513433231371297e-01,-2.047419317154040297e-01,-5.792192598936788533e-02,4.849208662071733539e-02
1.584017150120552719e-01,1.129617856002433640e-01,1.786304041130520187e-02,-2.518616135695013816e-02,-6.038441547270950033e-02,-3.799655933651717443e-02,-1.198573925055686218e-02,1.801037525554834845e-02,1.589084133558065770e-01,1.101443258668726027e-01,1.320883136057681220e-02,-5.661152652443773164e-02,-9.352629729329718644e-02,-6.159855375615224532e-02,-3.468305041899789887e-02,-9.669337705243492148e-03,1.558795435814657182e-01,1.266912501165914917e-01,1.878263988470035839e-02,-9.006415028674254197e-02,-1.329342283247221534e-01,-1.059005592109451693e-01,-8.209648031140384661e-02,-5.910236136833571519e-02,1.395215975200452263e-01,1.469330954023468361e-01,5.722886688962458557e-02,-8.895018662862466674e-02,-1.506942414166028144e-01,-1.496783333851638143e-01,-1.332658744191327349e-01,-1.085322807289460234e-01,1.238101522510772073e-01,1.660975068678442468e-01,1.148292260476311000e-01,-7.484017032812750880e-02,-1.509814442123035561e-01,-1.511698114466379361e-01,-1.482128388097112004e-01,-1.394420866142727644e-01,1.241324129157553302e-01,1.743946507563090276e-01,1.665976466230122133e-01,-3.268059757523578135e-02,-1.542274336851577887e-01,-1.402628955813557676e-01,-1.433226045044877772e-01,-1.668894664986819709e-01,1.216226891332396198e-01,1.772520474738759622e-01,1.953950735017566387e-01,1.774853463143815160e-02,-1.504194869484145047e-01,-1.582349392510211950e-01,-1.479888987283610180e-01,-1.787643250371811210e-01,1.294296776316859465e-01,1.759923988242433068e-01,1.967187767556722033e-01,3.985560301134604549e-02,-1.373524535955962522e-01,-1.636945040496830817e-01,-1.495239600963593762e-01,-1.693817526162811060e-01
1.548159071720971169e-01,1.717860726866478893e-01,2.258853428567731136e-01,2.859749543601104449e-01,2.770603425179832824e-01,1.469150769147782865e-01,1.935935118033347072e-02,-1.450978443399947582e-01,-2.413108251077236005e-02,-2.550985362669506637e-02,-1.017890657869958970e-01,-6.610401290786609152e-02,-4.354670501573369018e-02,-1.142360749622584187e-01,-1.628085933643302896e-01,-1.454591331672801524e-01,-1.376132177387993649e-01,-9.994719399722282183e-02,-1.457611953334580490e-01,-1.534772180931788521e-01,-9.052780748526398358e-02,-4.456168982992823185e-02,-1.233193118604399008e-02,1.159453440033446532e-02,-1.963850008187073282e-01,-1.129570965579323044e-01,-5.657934048782121972e-02,-6.668865571158977268e-02,-7.097081741200171601e-02,-8.495003187709022907e-02,-4.791941973553178608e-02,1.075345526682518378e-02,-7.248491491064791570e-02,5.790585047879029737e-03,2.367993440471245423e-02,2.195836430553052207e-02,-1.055079341725926635e-02,-1.002292783463706732e-01,-5.064506186429252460e-02,5.028669786404582620e-02,-8.404298118585995514e-02,-7.478850036384773747e-02,-4.566418406366392485e-02,1.390111123110960439e-02,1.261237107644512349e-02,-8.061404743962188868e-02,-8.205405370874813142e-02,2.508946449732899625e-02,-1.765234356054853626e-01,-1.083089985515327119e-01,4.971317842366644590e-03,1.255883254072884814e-01,1.579662772775918267e-01,1.464473486527053184e-02,-3.760910321159202652e-02,7.159719975478845422e-02,-7.411812180539754935e-02,3.270612713051088138e-02,1.520861355507483470e-01,2.781220315506707230e-01,3.066172197905739361e-01,1.828935640891380388e-01,1.733504377181975253e-01,2.281155305677112777e-01
-1.639977119168931075e-01,-1.614499830247266565e-01,-2.102627971474354540e-01,-9.510538131661777639e-02,9.349207507011050855e-02,1.550108690082551421e-01,8.895311475424094727e-02,-1.694661371112906878e-01,-7.887869615512420329e-02,-1.455058781195817628e-02,-9.482732094091061992e-02,9.083354937605087401e-03,1.260850725469186417e-01,2.552148294269129813e-01,-2.437895900676248853e-02,-1.309736345545873260e-01,-2.064323547586015828e-01,-1.344737620418169910e-01,-8.738413250441125213e-02,-6.974436919270049495e-02,4.124292889198751845e-03,-4.833176164885701065e-02,-3.847556220548601497e-02,-4.701033722819212418e-02,-3.058360403358452162e-01,-6.965886240706967159e-02,-2.390004274461716982e-02,5.571962277398445108e-03,-1.788285085711578126e-01,-1.316835451187688966e-01,5.841479583198017078e-02,7.544233894485410929e-02,-2.448536194189719628e-01,-7.475609943483284281e-02,4.568600963160198564e-02,-1.328761558685776292e-02,-2.253056153224628488e-01,-1.816626785531516852e-01,-6.714656664227491856e-02,-1.434444456388420108e-01,-2.490113114150470375e-01,-1.541366258464035299e-01,-8.177238343781615890e-03,4.321213577098172859e-02,4.394790643733006291e-02,-7.732043272624893049e-02,-1.178714106054726818e-01,-6.674616749259387749e-02,-2.130239734087922554e-01,-2.205424199867185853e-01,-7.070757374357203306e-02,-5.589905885870926142e-03,-1.318904401769847856e-02,1.735272969149200678e-02,-9.057339052527461909e-02,-4.084754890522043075e-02,-2.214224869463024270e-01,-1.249866515511669079e-01,-4.299044312045152694e-02,7.998448153837612803e-03,-5.576616018601823072e-02,-3.265410437548175310e-02,-5.185906875143023176e-02,-1.767414374551648732e-03
-1.533678501519803727e-01,-8.930150890958388210e-02,5.813144611138586215e-02,7.131677234513777996e-02,2.198767070501878723e-02,1.124910068225977999e-01,1.402473664345372795e-01,9.954376328466227331e-02,-9.522234517204822279e-02,-1.642249770653698704e-01,-7.112264687371105953e-02,-1.288733734248598793e-02,2.163690320738800160e-02,1.326388112600796476e-01,2.695280030871666788e-01,1.797745162777590333e-01,1.663187582428227662e-04,-1.325408920079310104e-01,-1.574336433184604367e-01,-7.875970149985749014e-02,1.155866455780211327e-02,1.727740939293291589e-01,2.262279619282645815e-01,1.967225510812579403e-01,4.712455208857092154e-02,-4.266129758239767950e-02,-9.155717275866366578e-02,-9.833020702329275942e-02,9.482128308728684368e-03,1.525565367276137674e-01,1.711976105233938006e-01,1.773107347240170939e-01,9.481518780688200088e-02,7.950772999266704499e-02,-1.017224638310872294e-02,-8.172564082053021539e-02,-5.955509633594270602e-02,8.496526625632382090e-02,1.885869623827732544e-01,1.992662113862508633e-01,1.419676956044777505e-01,1.721718340250697477e-01,1.266062023103010359e-01,7.414293145613923448e-03,-1.386093413110357497e-01,-5.566332004009925949e-02,1.486938388036732339e-01,2.087544786301329391e-01,3.363490638992487625e-02,4.059434359049740593e-02,8.482033205675681975e-02,5.673116682143792416e-02,-9.332502130256740969e-02,-1.982388267906229906e-01,-5.002942895837997339e-02,9.043382951378879653e-02,-8.664218924692679291e-02,-1.499928503094000165e-01,-6.971827068696580254e-02,3.613831450918440075e-02,-2.748930324502382380e-02,-1.978976270622314904e-01,-2.415538999800256881e-01,-1.003958576284855325e-01
-1.697838424308956151e-01,-1.491074065724121711e-01,-8.321207304425519424e-02,-1.140189941730625732e-02,-2.132605787332738159e-02,-1.590332323382761745e-02,-3.000307684286965260e-02,-1.319108937319213581e-01,-1.621124757630873492e-01,-1.160258986775949130e-01,-2.758743272865071469e-02,2.216949781367425626e-02,-1.171445490564984810e-03,2.345369220047309727e-03,-5.897843345113035901e-02,-1.802516774748933459e-01,-1.712884502605984405e-01,-6.961634404561253819e-02,4.883458646885315696e-02,4.868331977129639748e-02,1.339967008327612279e-02,-1.796743691959412637e-02,-1.395097993894811594e-01,-2.266577314953151789e-01,-1.202049659404980236e-01,4.876052239507669417e-02,1.355870263019166855e-01,9.103744996797981381e-02,3.112320870751856053e-02,-5.437091985718132264e-02,-1.899923378745154712e-01,-2.284712677986803775e-01,1.336362207761068038e-02,1.542903182195962397e-01,1.699544567879699153e-01,1.419204527465337540e-01,3.088607630972266607e-02,-9.350797402314277307e-02,-1.754954702952378764e-01,-1.918127672046362475e-01,1.561658391255545675e-01,1.878110666566377429e-01,1.669405719355288309e-01,1.210076334908564005e-01,-1.503632597918264438e-02,-1.091526385927651527e-01,-1.466170601497084613e-01,-1.633353491316275607e-01,1.697617157811768807e-01,1.232368645952718889e-01,7.245466918239709675e-02,-1.686453126260113386e-02,-9.869408457652427413e-02,-1.142305368508628738e-01,-1.360065553810044237e-01,-1.858339352562648206e-01,1.071225484077118900e-01,4.992609564018689328e-02,-4.265533251745660948e-02,-1.239252809183726961e-01,-1.716588116192027114e-01,-1.572784515466516819e-01,-1.631770259195886585e-01,-2.231232639662497352e-01
-1.116349499123412692e-01,-1.884048823565262487e-01,-2.592426568405137299e-01,-2.208049533618911542e-01,5.710182061381048960e-03,1.566278276245092749e-01,6.605688070387250033e-02,6.207616861882422898e-02,-7.408194396031154982e-02,-1.222610671139854888e-01,-1.957422316358110315e-01,-1.578341726606936612e-01,-2.019054251819555473e-02,1.132726968570035714e-01,3.764917276787471678e-02,4.687427655824605993e-02,-4.430033626203679770e-02,-1.466850508449480117e-01,-1.933651067655123568e-01,-1.989133662486251564e-01,-1.586842976933016125e-01,-8.821228216823832902e-02,-1.010041322523335533e-02,9.353143225646116943e-02,1.165746257568022956e-03,-9.964062168127231500e-02,-1.670001629460262926e-01,-2.030722681386937789e-01,-2.644217186065925262e-01,-1.875066698896243333e-01,-8.755256694198576984e-04,1.420047876442283308e-01,5.792900111856993939e-02,-4.918310926881703377e-02,-1.513668375629279583e-01,-3.053683829313719178e-02,-6.289774396139258261e-02,3.364024713555614082e-02,1.143772997309867034e-01,1.577220825366143220e-01,-9.940584040098940366e-03,-8.064591872743769041e-02,-1.142548980643297712e-01,1.226459267468055399e-02,1.214666240516433099e-01,1.612732345304986881e-01,1.672868953479363097e-01,2.153877070397932914e-01,-8.880889934059400456e-03,-5.397454543369390595e-02,-9.558551483188136577e-02,-5.691969180087693564e-02,1.098621047710281878e-01,1.476829676265793978e-01,1.219733528641465947e-01,1.918611426840693968e-01,2.044252637429868139e-02,-2.754907203203464921e-03,-6.251984655188176643e-02,-8.761127304975495356e-02,-1.900262104444982308e-02,6.289808129589899433e-02,8.467079314044768934e-02,1.555250315207982736e-01
-1.420470955882268127e-01,-1.526390229195224713e-01,-1.551260010330985650e-01,-1.270498677207602123e-01,-6.655935352532441063e-02,7.346988922570028835e-02,1.836757388099405086e-01,1.787612076094557967e-01,-1.170278372186620147e-01,-1.312758368328340031e-01,-1.295911752117089588e-01,-1.150395034866412008e-01,-4.029238716503188988e-02,1.613486980927616998e-01,2.315409569265892420e-01,2.131326038172017823e-01,-9.971211510550613555e-02,-1.113402217854576742e-01,-1.060160003968468184e-01,-1.139952336933267307e-01,4.292280371765067742e-02,1.867752264840204235e-01,2.303778257058498036e-01,2.255068057044198326e-01,-8.344375603675749375e-02,-6.083160699904625185e-02,-8.368878000474123946e-02,-4.172576670048507019e-02,1.104938785858772532e-01,1.838661775386152553e-01,2.195440967508610342e-01,1.554930181730046490e-01,-7.491290040735408551e-02,-6.791128703837523428e-02,-2.881574567565094516e-02,8.282500554330887721e-02,1.091526167700483801e-01,1.350385814361336756e-01,1.169413217195862248e-01,1.944700105312255692e-02,-1.019088442230725033e-01,-9.469459714968070374e-02,5.379833630430085403e-03,1.013705085170836795e-01,7.663776649110719263e-02,3.468773085214612445e-02,-4.791702906323928174e-02,-6.516690218975358662e-02,-1.593772025044752072e-01,-1.117712641630416587e-01,-1.967328946403176099e-02,8.896930872016452913e-03,-3.070161747454731513e-02,-9.314692467120586072e-02,-1.076040270355064082e-01,-1.281173137289206010e-01,-1.736925438915171149e-01,-9.938947063680411698e-02,-6.927152806938882690e-02,-1.260000813176592738e-01,-1.462520769284156030e-01,-1.426214063155850642e-01,-1.262165913234273018e-01,-1.684306803508135997e-01
2.645501187720193381e-01,1.224679821874109231e-01,-4.990797445335310584e-02,-6.820531570901756935e-02,1.157392593010803626e-02,-4.926738487472678493e-03,-1.487526938249790487e-01,-2.263480712492023095e-01,1.468591151377158510e-01,4.029016755251439708e-02,-8.013547550410640707e-02,-1.154998603647236777e-01,-5.950066283691183427e-02,-6.370577361151601170e-02,-2.418899592702673795e-01,-3.137799507467337601e-01,2.745770756191606016e-02,2.787475294205458975e-02,-5.477361242844595857e-02,-1.211671594807298274e-01,-7.531254651397988054e-02,-2.612830785711354326e-02,-1.572039307912756201e-01,-2.878163690729997892e-01,8.121757455497204126e-02,1.538157580443599570e-01,6.969495619779414453e-02,-1.081340049689584470e-01,-1.504423165216063063e-01,-2.534318266309765547e-02,-6.148567198177373044e-02,-1.525019067683158203e-01,1.017184088082071364e-01,2.093060850725481647e-01,1.775910692017081960e-01,-8.122808606291070932e-02,-1.941544832873421111e-01,-5.429870248967105795e-02,-3.298705499784167217e-02,-7.338505804856103321e-02,-3.392941879766183961e-03,7.830634956523419010e-02,4.710947649314611851e-02,-1.601421241300827192e-01,-1.747388580095561028e-01,-7.618067999885755337e-02,-5.097779035083573052e-02,-3.685312473627185698e-02,-8.206980153050000282e-02,-5.524587510560190207e-02,-8.814866136952584363e-02,-1.619623947840341527e-01,-1.492494359874340648e-01,-8.113031762418264348e-02,-5.667866199468508948e-02,4.590951363047401923e-02,-1.168915305247753694e-01,-8.566979980059746813e-02,-6.458010611883123475e-02,-1.184262456939325220e-01,-1.602258895908527381e-01,-7.207523805347351709e-02,8.323422145300474195e-02,1.671013469543505825e-01
-5.526739138919745803e-02,-1.083047857947541659e-01,-1.299337489559171388e-01,3.476991665715181007e-02,2.452554931786574133e-01,1.582138682733588708e-01,-1.426626045199454740e-01,-3.678703203664683841e-01,-8.027884612722289981e-02,-1.207625296877976873e-01,-1.616866770852721236e-01,3.794397351232256521e-02,2.169230527087815386e-01,1.559448655478265222e-01,-9.419636473403628085e-02,-2.539879076269469516e-01,-8.187122241961429514e-02,-1.061311208097659303e-01,-8.508686094285383694e-02,7.443963259863800239e-03,8.784610574300599772e-02,7.005184338959459522e-02,-2.078661991697433251e-02,-6.661214496454515022e-02,-9.030258562265702782e-02,-8.294056819031921102e-02,-7.245816253284767527e-02,-4.243764484707746032e-02,-4.530552185978188595e-02,6.919244820456233076e-03,1.654523291183816053e-02,-1.849494336018390681e-02,-1.510026580813051134e-01,-8.861726634059696739e-02,-6.106804998117580652e-02,-1.176700416459306869e-01,-6.011716351496413507e-02,3.109733873489231235e-02,5.065349683143490801e-03,-1.124148090399068817e-03,-1.995952373356658371e-01,-1.403910533139801076e-01,-7.506206855344356443e-02,-7.533860025703570384e-02,4.313697596730077521e-02,8.342397634896166203e-02,8.098065510582289073e-02,7.124089791379381587e-02,-1.786308300544358074e-01,-1.733883266318029803e-01,-9.939704722468609144e-02,-4.015848006027489259e-02,6.554297396304373247e-02,1.320852663728775966e-01,1.741112255732780167e-01,1.589790077324853834e-01,-1.776412968416415661e-01,-1.557260191108791048e-01,-7.453849088519179378e-02,-2.609661404082616251e-02,5.283363477351200183e-02,1.579599132672452888e-01,2.190568514808988732e-01,1.806028361893246004e-01
2.372323654658494430e-01,2.682744636864020649e-01,1.609733570947340375e-01,1.461543796395313177e-01,2.730656926120311190e-01,3.540808630418857406e-01,2.143827139003077753e-01,9.783379450453523474e-02,1.394307425402273870e-01,1.305334454695141755e-01,3.714300790240650935e-02,-4.204930254039062308e-03,1.272806970005945504e-01,2.556380989108190116e-01,1.799926278783757494e-01,4.798843032238891970e-02,4.578064078204688303e-02,2.101897652080921344e-02,-4.948484020769759739e-02,-1.099379930863358251e-01,6.702424266043635268e-03,1.818994792780543046e-01,1.141653169352841446e-01,3.920370932263102237e-02,-4.877608075976399421e-02,1.540885180580971701e-02,-4.179844033672196202e-02,-1.451217804006356971e-01,-7.889377916927176049e-02,1.151239267278105077e-01,6.708194278905275920e-02,-1.529871235504030001e-02,-1.521534458118325994e-01,-2.623563230172861957e-02,-1.913050459873045020e-02,-1.301604912727890306e-01,-1.324524105299210719e-01,9.062738328817396272e-02,6.765296473271908972e-02,-4.350576644294969902e-02,-1.731507403158980829e-01,-5.129269754601595982e-02,8.718690953161963714e-03,-5.624318753180262975e-02,-9.470093143730250185e-02,1.078161463538121201e-01,1.222686578334580693e-01,-6.610939028031143083e-03,-1.713301294839749134e-01,-9.319597804406781760e-02,-1.303238709576996432e-02,-5.349178996679228998e-02,-4.145076484119025739e-02,1.416241298456657749e-01,1.286393614642822592e-01,1.345108830370395428e-02,-1.491455266021212978e-01,-1.138184507153482683e-01,-4.708109935959576588e-03,2.245192568718354376e-02,5.578522853190193143e-02,1.786133489964110699e-01,7.307657673596937298e-02,-4.496463917203791130e-04
9.760468783181890096e-02,-1.720482241073973892e-02,-9.037674731642683645e-02,-1.482951303888152272e-01,-2.320835041407854904e-01,-2.329117160362193517e-01,-2.199533762491600319e-01,-2.325268973657647065e-01,7.972417763366460020e-02,-3.177404717042051595e-03,-7.024682468705914333e-03,-9.657601106664236157e-02,-1.558865521447309332e-01,-1.504360235265167212e-01,-1.732401343882039868e-01,-1.683845236133014178e-01,3.018612970608852697e-02,1.779394793525032950e-02,3.672416314103561091e-02,-5.176218652528799535e-02,-8.105073175695862164e-02,-5.838340390132050473e-02,-4.970261228172603157e-02,-7.470984888015547165e-02,1.605499686053952491e-01,1.824074761864430960e-01,1.022770053510948518e-01,-2.513786059805520404e-02,-8.883306718663391832e-02,-5.632885465080766929e-02,-2.356743987329278350e-03,2.557788068057870179e-02,2.590260016641325325e-01,2.244751039498327494e-01,7.728522364780028575e-02,-6.015564869848444296e-02,-1.369222437466746101e-01,-1.044622863522431527e-01,-2.776562057312054535e-02,-5.843318417664703293e-03,1.886413778562913424e-01,2.181507457231470631e-02,-5.701108402633123934e-02,-1.029389975672189012e-01,-1.349021091927460336e-01,-1.170558400733216348e-01,-7.928130838097073585e-02,-7.710202282119504869e-02,6.058926637678360011e-02,-1.130168109077356320e-01,-1.196035783752590065e-01,-9.479647234191497518e-02,-1.192564733779691577e-01,-1.409338292446491170e-01,-1.277344297611439083e-01,-1.186028791749021150e-01,-1.034956201411235815e-01,-1.695349268528928421e-01,-1.328923380305970237e-01,-6.609812579095253326e-02,-1.041926288786520771e-01,-1.528695097242796785e-01,-1.761081544620557437e-01,-2.019030048435707381e-01
-7.035003872835018934e-02,-8.532519431243634767e-02,-1.368280998899012169e-01,-1.502394438110468688e-01,-6.140268621832342677e-02,1.035236944140507757e-02,6.492754086602704755e-02,8.277791883055686528e-02,-4.931737700443349082e-02,-3.128633205444398407e-02,-2.755567682603800306e-02,-7.224105521268472940e-02,-3.260271361396677864e-02,5.630462909597437615e-02,5.973669939236366661e-02,2.595612240522113257e-02,-7.990685617581205769e-02,4.297332185825249347e-03,2.126371791427836971e-02,2.092739988269148865e-02,6.227915381336753681e-02,1.267872088078120518e-01,5.739591442387358827e-02,-5.870680015022676501e-02,-5.730988247410254144e-02,4.288707236531821843e-02,1.083353972650218100e-01,2.013366763202429355e-01,1.716193240515551388e-01,8.778618537487235807e-02,-6.682985025332766060e-03,-1.554842882018688532e-01,-6.549440175956550148e-02,7.422015302328481556e-02,2.639095352646653181e-01,2.899110570577660972e-01,1.143937495777078983e-01,-7.692362488863677128e-02,-1.830836866980647404e-01,-1.781378009328926371e-01,-9.316170391613416701e-02,4.551765434948970568e-02,1.436957773626590384e-01,1.020751096444687117e-01,-9.560156341439009220e-02,-2.116003373379867492e-01,-2.561934314982087235e-01,-1.481888941304309870e-01,-8.414579353432025122e-02,-5.688828869573382685e-02,-1.438151982335650891e-01,-1.389110974075619398e-01,-6.381594574284128740e-02,-2.902432027428080569e-02,-5.368670451701069296e-02,-5.596928189992229213e-02,-1.516812636901948563e-01,-2.043924344161515139e-01,-2.404388986688640317e-01,-6.719914310481862885e-02,1.656067431935029644e-01,2.721975022303238512e-01,1.813668769596393227e-01,8.412443820525966620e-02
4.261803439431953722e-01,3.161305810335834909e-02,-2.265715488353788054e-01,-2.048161642090415846e-01,-1.809696015665130664e-01,2.453937175815476199e-02,7.170933764067886906e-02,8.642489937791295040e-02,3.113654929538254845e-01,1.722484200881860272e-02,-1.531259019133277832e-01,-9.813006298772772307e-02,-9.360794639353611779e-02,6.704963315239464983e-02,1.224143299977893673e-01,8.825180747037868201e-02,1.882288051813695851e-01,1.150155395634581551e-01,1.522577755007585576e-02,4.711105440421460740e-03,-7.113962883650558344e-02,8.273214893691956465e-03,6.698009346175905210e-02,-3.415775875787997154e-04,7.962592318877545483e-02,1.172700986617218472e-01,8.380245117097170904e-02,2.720296963412511052e-02,-1.192647448076676886e-01,-7.071567644197797320e-02,-7.972402666460073895e-02,-1.094932871270423436e-01,-7.213974951364053589e-02,-5.450473383809332356e-02,-1.769460533833491084e-02,-3.210674559276872897e-02,-9.277090677357556492e-02,-1.100431476106533135e-01,-1.568898979496020918e-01,-1.508533598549018084e-01,-9.022075837256580966e-02,-1.192649686390569314e-01,-1.581017121554454397e-01,-5.030387016241626152e-02,1.505629949113440613e-01,7.000837958712970155e-02,-2.883016475771869522e-02,-8.504502910525997550e-02,1.329938742599779122e-01,8.812647307791939000e-02,-6.653042471236027267e-02,-1.602720736810562263e-01,-6.611338961757261268e-02,2.922629890635973157e-02,1.083464426037714506e-01,7.921665141309290614e-02,1.519299937908194509e-01,2.106051243846416565e-01,1.281814606439927451e-01,-4.370553079333435592e-02,-1.673793395241813808e-01,-1.275168853581771511e-01,2.837688161452110377e-02,1.225515852047048687e-01
-1.028409632582772265e-01,-2.110293566469106374e-01,-2.827283129636742331e-01,-1.578465288065988570e-01,-4.437700991557676222e-02,-7.944721018263556367e-02,-1.188123361922277937e-01,-1.631688741316684454e-01,-3.839849058123836339e-02,-1.109016771714063238e-01,-1.671366503060056907e-01,-1.591258418221675255e-02,5.065013882527587968e-02,-1.004533965920677459e-02,-8.857354312312160083e-02,-1.509569402357430201e-01,-1.429505597097551102e-02,-7.318582048022599651e-02,-3.591846198552760966e-02,6.629261876409732468e-02,9.365104217434204459e-02,2.670304108769409879e-02,-4.179487106828264770e-02,-9.647858388526575624e-02,-4.436503426984451243e-02,-7.485815889801099299e-02,9.040599321273527604e-04,5.781168546847086087e-02,2.662223731250003625e-02,2.868702350923410527e-02,2.643432289390789183e-02,-7.814690482837876456e-03,-1.085303633835235232e-01,-1.326713710161000759e-01,-6.623309858198550559e-02,-8.363225616925799855e-02,-7.675818726507759038e-02,-2.676445901331874974e-02,2.057855402608479989e-02,1.438597602229167438e-01,-1.831800939899252134e-01,-2.016192331390732895e-01,-1.555559688859986245e-01,-1.408221269224254613e-01,-7.697502823325788612e-02,-6.820313311757135455e-02,4.145289930376561127e-02,3.482885910411377961e-01,-2.343353531977422910e-01,-1.970624142202896389e-01,-9.968721804070561354e-02,-1.175545213232818617e-03,1.402145815552806839e-02,2.786555118964172129e-02,1.819105754700214295e-01,2.386310597337130690e-01,-2.080829985583933228e-01,-1.333537618432417415e-01,-3.055819722883674344e-02,3.464437259512494205e-02,1.034839157172406654e-01,2.279880733449634600e-01,1.508024046643169080e-01,8.428496490371709116e-02
-6.727155582689388347e-02,-7.322241225207647142e-02,-8.717978415923736957e-02,-1.233513297426756389e-01,-1.468552939402448798e-01,-1.316417506701321460e-01,-1.231926363493879156e-01,-1.161443476515018891e-01,-6.162728868814588284e-02,-8.006068175415390065e-02,-9.357041460087314744e-02,-1.254168655931384990e-01,-1.483781818778803496e-01,-1.474403966645804198e-01,-1.268546615210232875e-01,-1.229432552206773804e-01,-3.628435658964520444e-02,-5.442961368737921773e-02,-7.043770446078566339e-02,-9.581761243777943415e-02,-1.248036861145603305e-01,-1.409800116378000234e-01,-1.390284238655986326e-01,-2.308191979470506153e-02,-2.800949451028256904e-04,-2.917473924130682683e-02,-4.817696170282577406e-02,-8.748346771151020718e-02,-1.153700207149123969e-01,-1.391009000184296185e-01,-3.891361163679708107e-02,1.433314440103619913e-01,-1.967865639789535478e-02,-4.303970978998275521e-02,-5.312460149465889070e-02,-7.508228154967071244e-02,-1.115815657366994174e-01,-3.362583005907121558e-02,1.429539756086717628e-01,1.510617110282847786e-01,-5.622996787464213525e-02,-7.721041218351486213e-02,-7.433265337556202446e-02,-9.357193553701496913e-02,-2.448391389693900175e-02,1.577479876790836288e-01,1.670380820946712752e-01,1.579741664209075580e-01,-9.183578698513762684e-02,-1.315752616905959960e-01,-1.506285883225838285e-01,-2.091333698050830414e-02,1.956833403830322837e-01,2.214353202223643680e-01,2.150052364181123665e-01,1.897128746337450045e-01,-1.185918048656952606e-01,-1.664369249874954604e-01,-8.899506192060153975e-02,1.451069200838674411e-01,2.392857167355354198e-01,2.544189391801358058e-01,2.075584958077950903e-01,1.652177882600851522e-01
8.091549494625153299e-03,-5.562531052580080813e-03,-5.071730686019864515e-02,-8.469908596530031919e-02,-1.079049536803601134e-01,-5.711904884978849517e-02,1.974598871711624043e-02,6.649413529398337519e-02,9.603586269251664087e-02,8.350293361420618732e-02,2.834605234802304446e-02,-2.498641930195173722e-02,-8.935139658897686687e-02,-9.108055699868025656e-02,-1.681493634167191206e-02,1.051355970202635520e-01,1.305747315606025916e-01,1.560296540552494060e-01,1.324862239048444634e-01,2.213277235632895787e-02,-5.932476090183168294e-02,-5.249494841688763513e-02,8.942407494842796387e-03,1.333129294688104594e-01,1.188243311183064671e-01,2.161455638593281769e-01,2.180105356465171229e-01,4.472954240576733353e-02,-7.636586791084377934e-02,-5.706881410203416827e-03,6.295579755247103504e-02,9.860257187856412420e-02,5.639638793972794051e-02,1.840786368811154483e-01,2.059765053280178670e-01,-5.595264578487650978e-03,-1.285349354093965890e-01,-4.197229328180297064e-02,2.475008751669223808e-02,-3.106314044360386148e-02,-1.138016196575547014e-02,1.048838646827558868e-01,1.078444118155329062e-01,-9.752937905566312626e-02,-1.973045075659984604e-01,-1.770984343935574912e-01,-1.572262917425694684e-01,-1.765930635327027376e-01,3.070898159803388803e-04,7.219627237985105916e-02,5.547885327576627945e-02,-1.235386362837706531e-01,-2.078102969316862614e-01,-2.051583783567561547e-01,-2.417336376202190440e-01,-2.475193833521810716e-01,2.499089789456966984e-02,7.490522279552758178e-02,2.526504776690410847e-02,-1.320418889589750344e-01,-2.080979778672056302e-01,-2.025637149771792322e-01,-2.338302099249208732e-01,-2.490258715732267258e-01
-9.000722220774125260e-02,-2.673425023524381855e-02,-1.586773793667682663e-03,-4.657372242609152113e-02,-1.102289043497257925e-01,-1.580776245286187043e-01,-4.075396909530640960e-02,2.177722732456462418e-01,-1.577160709247127368e-01,-1.157467490164643953e-01,-1.280994918380652103e-01,-1.952276759397588157e-01,-2.381887491602753260e-01,-1.524385922532525972e-01,1.289881910266102438e-01,2.034249634155633757e-01,-1.251173050068771220e-01,-8.792607973926834519e-02,-1.480045009994145344e-01,-2.011353789860505781e-01,-1.261905242180987041e-01,9.796389533089282231e-02,1.323635356096974081e-01,1.496600869052099603e-01,-1.038081516569109436e-01,-1.518891658256026900e-01,-1.962288222445836006e-01,-1.142571896536349885e-01,1.492630600641193239e-01,1.647644908678298770e-01,1.125968229051904079e-01,1.000459774232790588e-01,-1.535900995377893763e-01,-2.125153016635920045e-01,-1.286573145938055829e-01,1.143522539588564674e-01,2.084133757603233439e-01,1.795826737495896108e-01,1.315367144357775242e-01,1.367223814806237947e-01,-1.701471373656436858e-01,-8.585069839302324202e-02,7.489003471641575427e-02,1.008401480926009175e-01,1.244076510097699290e-01,1.264905912308841029e-01,7.630320401574978983e-02,8.061440340655656733e-02,-7.984097942224274713e-02,9.469615849422090281e-02,6.687378010387330651e-02,6.444651185562864926e-02,8.633269984845078071e-02,2.726214430457786497e-02,2.236448295126725397e-02,1.793290486490685745e-02,1.055064510346784001e-01,7.325961581999772265e-02,4.223910717189065939e-02,3.812576659672620161e-02,5.470194797175220724e-02,3.574972355606693963e-02,1.854759010198835795e-02,7.697056404147161347e-04
-1.004721171907067556e-01,-1.220328594098322589e-01,-1.412423775411021376e-01,-1.608496139675083536e-01,-1.683174838108834614e-01,-1.698871062758752770e-01,-1.414050789725379564e-01,-8.265401317006274007e-02,-8.137319095274307690e-02,-9.684497572534564447e-02,-6.075466514949330599e-02,-3.959016122365940221e-02,-1.835604651325774619e-02,3.588480946487062132e-03,3.391561207474212691e-02,-6.308646577560277600e-03,-1.583193456301258337e-02,1.496937272953905926e-02,5.546970962496518970e-02,7.331010185567038429e-02,5.280842387633008506e-02,7.129161234716037410e-02,5.845191894049191206e-02,-2.110023400695361720e-02,5.223509398879108007e-02,9.478237521839952273e-02,1.467529272527460238e-01,1.596280999558108427e-01,1.158810512896373546e-01,8.429317255025882416e-02,2.412976971673785540e-02,-5.223715685621813098e-02,8.662634960793813566e-02,9.752039149278037000e-02,8.347151881556522102e-02,-7.074208708732892918e-03,-1.366445090088889147e-01,-1.496393768372314692e-01,-1.115637407558148081e-01,-7.483632644179355475e-02,-7.984882183481498141e-02,-1.506470962239956635e-01,-2.075437148730225334e-01,-2.472318609137101886e-01,-2.510826143479020778e-01,-1.063652373473732843e-01,5.081301551648578080e-02,1.089805199796499008e-01,-7.350682194807020564e-02,-8.481471517220615097e-02,-3.448812124826208109e-02,2.119710454281438852e-02,5.910076951220571279e-02,1.299417817760336324e-01,2.021679384205235797e-01,2.125603475173407364e-01,1.871355262491744276e-01,2.273371412652313295e-01,2.556597247324963740e-01,2.272280896190482791e-01,1.465238461526073843e-01,1.263565858854868440e-01,1.475203453903491668e-01,1.742205202147930343e-01
1.117086780374176719e-01,5.634950959785332836e-02,-4.612257172574958652e-02,-2.560802708061718849e-02,-7.317080919118376658e-02,-2.139560517079910351e-01,-2.979329760333846999e-01,-2.137105022982755398e-01,3.315141138650668645e-02,3.196263718149449512e-02,-6.822245591169122554e-03,6.198354115018221179e-03,-4.322203475041165588e-02,-2.282202181741458391e-01,-2.549096397320545493e-01,5.780713866681889967e-02,-3.094263625325602285e-02,-3.658831191599270366e-02,-7.657885727790801275e-04,3.223444545870365625e-03,-1.144663678077521840e-01,-2.901506794552642376e-01,3.822992727750854254e-03,2.052401422478988546e-01,-3.471027660369682688e-02,2.930092903496991572e-02,2.446560729720246435e-02,-4.688382956193366119e-02,-1.889634713969414181e-01,-9.138030644823082194e-02,2.243200948419295793e-01,6.458971988825519539e-02,-5.210722051992563303e-02,6.830950030993238054e-02,7.652045175679690614e-02,-2.835185158337865524e-02,-1.109132893963071936e-01,1.207256736381138312e-01,1.248997038778670715e-01,-2.398304294507341283e-01,-6.778616950131598207e-02,5.908283823658067729e-02,7.975226657475192882e-02,5.688337727126843713e-02,8.237344806306887146e-02,2.546316363726690013e-01,-2.821024357423424292e-02,-2.618262435316868753e-01,-5.446773414822501935e-02,5.009080407452669303e-02,8.250223377036916550e-02,8.859256929207481868e-02,1.636825599688289667e-01,1.854504089699827440e-01,-3.055724377259167596e-02,-5.941339253804883008e-02,3.901919080487799285e-02,1.385897058576270047e-01,1.256272009631733688e-01,8.868804001107642720e-02,1.474059558441210560e-01,2.913060223696809642e-02,-2.956459176056438001e-02,8.744012560557198541e-03
-4.251992507320588588e-02,-3.288068867672130913e-02,-4.605711930415198191e-02,5.003848059232806483e-02,8.344717784321460663e-02,1.092902177288542775e-01,1.517637117339427355e-01,1.722385474646399850e-01,-5.732604503483174074e-03,-9.914053269689032319e-03,2.290074245888995552e-02,6.610407295864777211e-02,9.976924806792610012e-02,1.330861293321817518e-01,1.580164499321198568e-01,1.682835226032346476e-01,9.649591690453568349e-03,4.034074230776287656e-02,5.142700102033163218e-02,4.401537543971542621e-02,3.946552836428978556e-02,1.100314293132018534e-01,1.459602873078930385e-01,1.596197537272124600e-01,-1.245316153490807348e-02,5.817247908477474888e-02,3.207843565790042401e-02,-2.248391029748942477e-02,-7.333166803851606796e-02,3.479214626212488032e-02,1.131110778407627554e-01,1.591916275444037465e-01,-1.571610363063872346e-03,-3.364394685498776303e-05,-5.606086777953892680e-02,-1.306915285606318755e-01,-1.589549405674183791e-01,-2.494479327127702498e-02,1.151587385266103353e-01,1.763584624965112979e-01,6.106424776194377055e-03,-5.708965962168569691e-02,-1.407158828295767272e-01,-2.226543973478388172e-01,-1.864607212883590548e-01,-6.956340818581105423e-02,8.090862145005413286e-02,2.022792395510147057e-01,-9.254750168925105413e-04,-1.336026220948595966e-01,-2.203645423887464760e-01,-2.463280884059458054e-01,-1.945619764171319377e-01,-1.195365859058042102e-01,2.227076266686611305e-03,1.179573735397991541e-01,-2.540452433559206233e-02,-1.720165899968870427e-01,-2.504518419052858547e-01,-2.667700808457286188e-01,-2.485481692776140283e-01,-1.942537828162968494e-01,-8.215345174683784391e-02,6.777535376968650549e-02
-4.486171550364809746e-01,-3.087957021034895000e-01,-1.403036606066049574e-01,-1.105432442403271077e-02,1.689127167447486699e-01,2.367281978163865708e-01,1.594736456558756843e-01,5.968806583320813985e-02,-1.384503348958737445e-01,6.924534652408112501e-02,1.141008939697825686e-01,3.460482406161204116e-02,-2.588994464910834847e-02,-8.551516479687187866e-02,-8.044489021251996497e-02,-1.586835967787339485e-01,9.501884042667900487e-02,1.616478956042613491e-01,6.490632291731680825e-02,-5.178556776017288060e-02,-1.381458009847420232e-01,-1.415353071821481012e-01,-1.945428743189713261e-01,-2.703432771886217778e-01,-9.805862396784646717e-02,-1.115250212047570744e-01,-1.565767297027300387e-01,-1.325502483033376422e-01,1.460322105889475496e-02,8.741723631760128788e-02,-6.422025364113365109e-02,-2.563620929727333797e-01,-7.762353335394309162e-02,-9.525599080488024450e-02,-7.568783917723248544e-02,-4.982644309919129211e-02,5.154296074942193995e-02,1.200591446918966299e-01,4.763327763560840089e-02,-9.985168166242439081e-02,7.911426242676460052e-02,4.973555406786875355e-02,1.490414307889527563e-02,-2.137309429253153939e-02,-8.330894988291696890e-02,-1.360156117633546345e-02,1.755781791760269162e-02,-5.145927138402726919e-02,1.122502049508952993e-01,9.050443241700537045e-02,2.545427554465098247e-02,-5.007778562024234326e-02,-1.052667668829257580e-01,-7.183031033540934751e-02,-9.175266564810697842e-03,-6.409454394115485232e-02,1.189688679229026630e-01,1.148806857897820971e-01,9.363725307379287821e-02,3.196140177862358267e-02,1.681825278347484284e-02,2.471967658147978392e-02,2.748561765898727138e-02,-5.452973120864973433e-02
-2.121818632427677764e-01,-2.113821575943664877e-01,-1.824767504566780774e-01,-1.320735264835226075e-01,-9.779584696865187277e-02,-8.406233539992030712e-02,-6.584019855027112289e-02,-4.132264849786826920e-04,-1.369926031541348621e-01,-1.054309649979753988e-01,-4.528867771102031148e-02,-1.014309315222607956e-02,5.606747779375616594e-03,-3.454141905839434173e-02,-7.953243919253182026e-02,-6.950398101938280726e-02,-7.457148695440851856e-03,6.432342730868868645e-03,4.019604555689374609e-02,9.246141156855934573e-02,7.687304404791436840e-02,5.933120253550175707e-03,-9.767095659826524612e-02,-1.842280044013531737e-01,9.649050754503742111e-02,8.662681927846319074e-02,9.555552030179526035e-02,7.944787789893614782e-02,4.083571932191248921e-02,-2.105495510865778436e-02,-7.082870509799892023e-02,-1.180599592863931097e-01,-1.422545238663966150e-01,-1.804996863034313559e-01,-1.928931715914257439e-01,-1.750726628717989564e-01,-1.139257035585521660e-01,-8.846976675814209601e-02,-4.893994272434214199e-02,-4.469278588921700435e-02,-2.510532638006876538e-01,-2.390301872276858475e-01,-1.773759317526579227e-01,-1.061106802859958786e-01,-4.279233736986679665e-02,-3.361141802335348289e-02,-2.079628808619206695e-02,-1.545551670024314546e-02,6.829045755948551233e-02,1.161574993586909077e-01,1.382033909994732079e-01,1.430475847350149987e-01,1.164061818810442350e-01,9.151298085983672337e-02,8.063688031922673638e-02,8.463577571676232647e-02,1.591493284308935496e-01,1.804774593614846268e-01,1.836507376026157712e-01,2.030661928488920187e-01,1.974308352323159987e-01,1.960606466995957753e-01,1.882332867169383972e-01,1.724778985414738841e-01
1.701592939131030546e-01,4.142906505793703814e-02,-9.599864399853302865e-02,-1.565863484040398157e-01,-1.782428791329797590e-01,-1.872043546370987244e-01,-8.270206727127724089e-02,-5.411406112596175294e-02,1.369839938713364735e-01,1.634589355440870320e-02,-1.118528801072141143e-01,-1.860037456996476435e-01,-1.729621078424708747e-01,-1.467973144081435033e-01,-3.307970901309227607e-02,-4.462625045541436519e-02,1.029679440282270098e-01,-2.576896221331022654e-02,-1.227693482838556754e-01,-1.817481295988937762e-01,-1.641408860544077697e-01,-7.925967459582806962e-02,2.763970597854610925e-02,-7.615322761808759888e-02,7.392958001110294664e-02,-6.271495114227368384e-02,-1.484194916108363682e-01,-1.667560663486244987e-01,-1.694264904134673566e-01,7.879198589129372474e-03,8.575685456155582309e-02,-5.277245126925270841e-02,5.049156334916766325e-02,-9.272525059617564569e-02,-1.474385292555793203e-01,-1.417957724158996902e-01,-1.523205052591178610e-01,6.611893329244518391e-02,1.421564133280951714e-01,-8.782799315059762338e-04,3.324179601900962427e-02,-1.138562397123541181e-01,-1.448206752854614143e-01,-9.352305727878797159e-02,-5.973380842754461711e-02,1.455832055872214870e-01,1.829565179953195342e-01,5.576572648708702507e-02,1.539040065356269901e-02,-1.001080415985564909e-01,-1.504641995614756644e-01,-2.002273769865344985e-02,1.194617244849424109e-01,2.388241812955952392e-01,2.016965412248949430e-01,5.574933834330232651e-02,-2.957251420035384229e-03,-8.738809899959816552e-02,-1.278475095770156833e-01,6.346777426639362008e-02,2.283433717754534964e-01,2.774326585456416971e-01,1.719260492184438716e-01,5.347019751301874610e-03
-1.549490185594018798e-01,-1.438714758560966644e-01,-2.862987790505272523e-02,1.081724982783784372e-01,1.045213072386942110e-01,-1.693309152733582512e-01,-4.380884358816174995e-01,-3.320078863838865635e-01,-7.964010679696753581e-02,-7.994114203328189783e-02,-8.545342146718119813e-02,-6.579999738574522639e-02,8.798072038301256448e-02,1.576717448225000151e-01,-1.193477953892332077e-01,-3.840055934828162654e-01,3.304424899283198852e-02,-1.678389238567112515e-02,-9.648855062776461045e-02,-1.304241857387642700e-01,-1.010356771590653208e-01,1.228047441634384368e-01,2.119149438236785643e-01,-5.870174990780457208e-02,8.812439257379384161e-02,6.787473029906612720e-02,1.509254124193630357e-02,-5.076351889643868770e-02,-7.427437669256790886e-02,-4.370433424250350779e-02,1.522810160185002482e-01,2.210620569886695974e-01,1.389083146298931704e-01,8.673350626268441776e-02,6.024497351109363991e-02,6.453326339192665129e-02,2.230495002936949689e-02,-3.024398704824569212e-02,4.703328278656700168e-02,2.147456827550169034e-01,1.361347351058428135e-01,8.304489156940718375e-02,4.567743177233782315e-02,2.621555347562132265e-02,3.905327821898195439e-02,2.987832266304898954e-02,1.885744032040398768e-02,1.166225567455020651e-01,1.354643977009198641e-01,8.557006661557720051e-02,5.836416928599790638e-02,1.581088126955040168e-02,-2.918714335858701645e-02,-1.749376400956298427e-02,4.896732591110550259e-03,6.695101189565474953e-02,9.120719461812790141e-02,5.329389321128390200e-02,3.946342186076918362e-02,1.597271031165469618e-02,-2.258591637840380237e-02,-6.700327105888885526e-02,-5.711982475796767433e-02,3.458501401519618879e-02
-3.093882050806559536e-01,-1.413449503977499411e-01,1.805281371540458368e-02,4.844250369461926969e-02,6.049794985867890801e-02,1.211333960198953119e-01,1.410043551529010231e-01,1.448369493406360120e-01,-1.092741752003041078e-01,6.937188053779122510e-02,1.011457845100564024e-01,9.611156485442907960e-02,8.017545108782293817e-02,1.772959906276482533e-01,2.292943464045258117e-01,2.210724942881284183e-01,7.783365858494957490e-02,1.670503941244634583e-01,1.446863654847795888e-01,7.754142866957808300e-02,1.030519436005747913e-01,1.983950305531962388e-01,1.985390178288600482e-01,1.758107055353017867e-01,4.607618168602006098e-02,6.278529521398974744e-02,3.010936450515683867e-03,-8.553541623165430985e-02,-1.301033639074155842e-03,1.064665549150922152e-01,1.230650267590358837e-01,1.297266519279993702e-01,-4.957392885631282248e-02,-7.745743177587426087e-02,-1.788165146433778052e-01,-1.275652086359286841e-01,4.401307716921151053e-02,1.562235652405721542e-01,1.763401867432428660e-01,1.445711893651580593e-01,-7.934173420482397432e-02,-1.172392635439260256e-01,-7.245857397295706048e-02,2.507144973112792469e-02,1.120759317015526252e-01,2.128224618950271541e-01,2.387429191243829463e-01,9.358631273660009131e-02,-8.735356536181772269e-02,-2.432229364033575841e-02,2.955113295986513608e-02,5.081190547423659887e-02,8.120873933391135890e-02,1.689307149517734474e-01,1.487682248757123682e-01,-5.102984192500036736e-02,-1.941208469972770592e-02,2.229712066512543750e-02,7.547570563381020281e-02,3.627259513533884205e-02,2.435575534692556443e-02,8.487527436023696581e-02,-2.215842075590718566e-02,-1.915411852504315116e-01
-1.321625501673297232e-01,-1.152777233815813762e-01,-1.163514994386030538e-01,-1.082408774027179277e-01,-6.620654356408360586e-02,9.081925192792062937e-03,7.896154180155723346e-02,1.247485504323892908e-01,-2.693509715453289849e-02,2.001579091136260549e-02,1.952297533664075491e-02,6.913672726118567924e-02,1.696161662628725419e-01,2.228007040491591373e-01,2.019662961056015449e-01,1.455688561464150710e-01,1.073211097815078979e-01,1.877794626835137815e-01,1.877132880310393714e-01,1.829413056787613234e-01,1.652242410194570132e-01,1.796273174847306531e-01,1.580625157727898189e-01,9.775775129135778896e-02,6.686327522568072390e-02,8.742675947246943136e-02,2.258291752082132800e-02,-6.331320721376891558e-02,-1.310775535671714898e-01,-1.235145642649246173e-01,-1.081865913128411127e-01,-1.193164979977197337e-01,-2.104379450810729135e-01,-2.577119931949946596e-01,-2.185646502473785335e-01,-2.356435288517796933e-01,-2.215504851350807713e-01,-1.540023868728347123e-01,-9.146995917753969474e-02,-7.748980683718785512e-02,-2.487711008549896019e-01,-1.814922975166732844e-01,-6.598312600008905682e-02,-2.456996156005659265e-02,-4.385027475205611341e-02,-3.050751066925871599e-02,1.151119977527424558e-02,-3.582264750196124947e-02,-5.070590550443217909e-02,-3.465351996831074043e-03,3.901680760067193637e-02,3.384900090864804978e-02,2.680421779363760179e-02,4.130284275916364795e-02,5.175275796052945798e-02,1.635333532596550121e-02,1.153076753302250818e-01,1.358704826420782663e-01,1.029404139831126969e-01,7.697201514014842538e-02,6.945684706553105492e-02,7.541254439993305692e-02,9.317578150988820029e-02,5.598731633327046903e-02
2.193625970933484604e-01,-2.992944976187568093e-02,-4.034475403572618940e-02,7.287425780598677516e-02,-2.723752162532088014e-04,-2.822519165509682418e-02,1.749723902264575526e-01,1.306216055736458548e-01,1.317526569409990800e-01,-5.338800870515375552e-02,1.106005080213820361e-03,1.074782443009312666e-01,1.066176925036317058e-01,1.672643224307863163e-01,4.477078893466213128e-02,-1.411556818076390440e-01,4.942628237457535878e-02,-1.957579938778773385e-02,2.828422279310644633e-02,1.479137190555247436e-02,6.961428205796658941e-02,2.668300670256973373e-01,1.578630756895905984e-01,-7.247949937191474658e-03,1.069829412197297325e-01,7.188897194043387950e-02,1.670950605846210218e-02,-5.412185833799111612e-02,-1.266149381708048249e-01,1.949760414443797718e-01,2.198479170675975980e-01,1.314874007337507589e-01,1.534100960829132831e-01,1.240989546568591478e-01,1.139510425563494550e-01,7.854668573449327673e-02,2.466190584688996573e-02,1.229029091495240367e-01,-6.798093017920881637e-03,-2.509262239095797625e-02,-1.334753324520901452e-01,-6.811855787091651571e-02,1.336839875813383982e-01,2.075743507094051921e-01,1.968235445883287360e-01,1.897329789162946756e-01,-1.060252205710883466e-01,-1.011558963395731425e-01,-8.184849702295574070e-02,-5.522485953851491436e-02,8.443023973902380463e-02,9.088202082570147333e-02,5.340496633857796244e-02,8.371833139394395384e-02,-1.286173497290730716e-01,7.684433887583888567e-02,1.187036548722329027e-01,1.718481762929175427e-01,1.367835008988455836e-01,-1.062557725486946436e-01,-1.637782256049652996e-01,-2.147315632109757233e-01,-1.828315861691968136e-01,2.581654269272811719e-01
2.148334774820990223e-01,9.027095082043542704e-03,-1.488120933792776157e-01,3.968589977973582990e-03,6.410887675980331268e-02,-4.662281825790395157e-02,-1.121883465833687921e-01,-8.174228494980494142e-02,2.088773543080249262e-01,-4.784087262851999083e-03,-1.618361285660111504e-01,4.288999076448958754e-04,1.450785205227905217e-01,6.349025677640829368e-02,-1.643021076306995232e-01,-2.545405447023638690e-01,6.323019099777389684e-02,-2.435102647905477979e-02,-1.318922420783943672e-01,-8.923787473523388247e-02,1.114003351039894729e-01,1.603999144120980824e-01,-5.657228321981715852e-02,-2.766608562079423406e-01,3.083414177780547522e-02,-2.269131145411296038e-03,-9.072103112761956134e-02,-1.249462332242788770e-01,-1.250195554934500908e-01,7.468064633116526518e-02,9.961607074790609917e-02,1.961270045157383068e-02,3.345278490794714905e-03,2.193134777719622439e-02,-8.208854241958819797e-02,-1.618004934955186713e-01,-2.333525636934694891e-01,-4.648576195341243972e-02,1.893791527855997747e-01,2.626915547600861545e-01,2.280949531644087605e-02,3.420482940194560090e-02,-7.720677475946484403e-02,-1.367948895809221743e-01,-1.340467292011516820e-01,-7.310448706115747763e-02,6.021985503511359528e-02,1.949393832236930579e-01,4.685648573278590467e-02,8.599302863865523894e-02,-5.568242793841921001e-02,-2.006265013442333489e-01,-1.431010822117861625e-01,-6.322613479213910759e-02,-1.632169276716877726e-01,-7.733217174753304057e-02,-1.001494527850176064e-02,9.289467578652303714e-02,2.348249678831968584e-02,-1.494864843149684708e-01,-1.317024100183311064e-01,-8.187837081018417562e-02,-1.568906216586655744e-01,-1.966521184168955327e-01
-3.218362444258066057e-01,-2.398479701818428955e-01,-7.235920155990702846e-03,6.256705682600927076e-02,2.109197734587919815e-02,-4.693888806187560513e-03,6.592117939640983193e-02,5.343142305415129328e-02,-3.306520630001901773e-01,-1.977305688443638243e-01,-5.966585383936724371e-03,-9.353705792609239011e-03,-4.488986475660325381e-02,-1.104310397667888494e-01,-2.723173095380289691e-02,8.466742405542894423e-02,-1.475879363383058585e-01,-5.122940709751146182e-02,-3.712048022792929086e-02,-6.645011941835997360e-02,-5.770212684867573327e-02,-3.802682056329313720e-02,-7.920470329622049041e-03,7.358771019359688914e-02,7.991171495957275286e-03,-4.895056048246673730e-02,-8.629437735801133436e-02,-1.027457381845949674e-01,-1.534333333841587932e-02,6.010780562386310727e-02,5.997829137742050065e-02,8.056844128516703341e-02,1.939805842908681049e-02,-5.586339875534809818e-02,-1.312483237668399527e-01,-1.474003423402782398e-01,-5.536093997361374308e-02,-2.146639027415691084e-02,-1.515881805802084953e-02,2.885330822807489863e-03,-4.548140306249391640e-02,-6.598474916561847259e-02,-1.121182045835311392e-01,-1.085495061420408691e-01,-5.307355085606727668e-02,-1.198532459453506560e-01,-1.878303039138778385e-01,-1.752970651165947913e-01,-8.040472967367572055e-02,-1.061262971088591106e-01,-8.900299912690622095e-02,-6.210569788667714974e-02,-3.083943584521703710e-02,-1.077358048732318108e-01,-2.577974383974875883e-01,-3.471304030649433603e-01,-2.329737712810438233e-02,-4.165292897862211963e-02,-7.505858942951183777e-02,-7.784584055989179907e-02,-2.815172409428593966e-02,-5.280693362869007951e-02,-2.230767855350790363e-01,-3.538564086937157072e-01
-2.832414412096804016e-02,-7.642645358153894730e-02,-1.689279818741354910e-01,-1.429539630857537269e-01,-5.071106998960927398e-02,-5.693887092918385566e-03,1.621312383707191052e-01,2.270168731830188857e-01,2.840105834087729500e-02,-1.710628556781950207e-02,-1.432564747210126610e-01,-8.549908658770050129e-02,-6.630502518826489333e-02,-7.196351796304777115e-02,4.284030246640489065e-02,1.978494374278119416e-01,4.261705818415317121e-02,-3.986651770169928610e-02,-1.297900795697407295e-01,-1.171141257078209819e-01,-1.935496841268800616e-01,-2.634868255072088661e-01,8.173076282257201158e-04,1.848202724690247434e-01,3.054338585655430247e-02,4.564895865323771208e-03,-1.249821658448623252e-01,-2.028782518521051181e-01,-2.921442018171209742e-01,-2.698480439547809029e-01,-1.665040255971409616e-02,2.210802118462581178e-01,2.388701755303984653e-02,2.805077731857296558e-02,-1.112689955063673325e-01,-1.694203339024521193e-01,-1.954083013998275109e-01,-2.482580060655110998e-01,-7.511774276002967932e-02,1.441925020493022569e-01,2.671094120273746070e-02,7.433299200931589579e-02,-4.812384281207630204e-02,-8.957644652895563331e-02,-6.025137592433962852e-02,-1.610610067185891947e-01,-1.741907596713898332e-01,4.606142354231976960e-02,4.456727349724715764e-02,9.601296650358852325e-02,2.916587191364489184e-02,-3.188707178030490696e-02,-2.742101906852095067e-02,-8.862136467712565524e-02,-1.221160628005929089e-01,1.480141972357421412e-02,1.097292689549257128e-01,1.380821532837486487e-01,2.796739527456177168e-02,1.471264748611263162e-02,4.939695031868558683e-02,-5.236060803948634768e-02,2.967419565849614346e-02,1.487310302150034458e-01
1.746804945781019747e-01,1.940411817412555362e-01,2.083039373741286393e-01,1.650371820516038091e-01,7.706247451969691631e-02,6.033115987450555356e-02,5.915166063189435802e-02,8.645639508822516861e-02,1.231259277605347841e-01,1.627213802511136564e-01,1.971954112982995944e-01,1.579207148846250297e-01,1.051685993928971746e-01,6.658903412466750382e-02,5.996114100040812744e-02,8.549085284478392943e-02,2.329323454673416088e-02,1.237843316177536512e-01,1.907454123638973875e-01,1.753855005495981445e-01,1.331555896088496005e-01,8.848463689338988136e-02,5.709965046993927679e-02,6.541841306724906213e-02,-1.103935467912603441e-01,-2.219407173742943273e-02,1.335810118603769359e-01,1.518254014529916707e-01,1.349460183975486338e-01,1.014143352710803886e-01,3.958477590689146036e-02,1.542992597886106744e-02,-1.953490581238187251e-01,-1.269563373029594378e-01,8.198686954931719154e-04,6.725093878648702450e-02,9.233389638641276154e-02,6.560024759830271335e-02,2.637291029838341114e-02,2.111517802670826588e-02,-1.824228247230923472e-01,-1.595498854346027728e-01,-1.174550609153924979e-01,-7.663642090857167299e-02,-6.931083055911027579e-02,-5.497721452245576956e-02,-2.906315948493017748e-02,-2.200973222540238486e-02,-1.345304625166011681e-01,-1.458760903521488239e-01,-1.823252990764139825e-01,-1.746606998798322929e-01,-1.496430376332658352e-01,-1.119076172658802909e-01,-7.683718688284975340e-02,-5.384670017619681837e-02,-1.390872174370824110e-01,-1.744291766148032274e-01,-2.063329914786932173e-01,-1.998253595477652300e-01,-1.627928523762639523e-01,-1.291360732364185138e-01,-1.220721289957016897e-01,-1.061966011592573311e-01
-9.165173940352515022e-03,-1.809998701656559059e-02,2.334513454017084558e-02,7.190747900476121557e-02,9.739630920706995876e-02,1.285764724796286118e-01,1.990150725146777322e-01,1.965453130266596460e-01,-1.207772411966266668e-01,-1.286537042092912864e-01,-7.167216044484614468e-02,-2.965678784234310889e-02,1.007167511956813533e-03,2.517464851990130689e-02,5.142281123880709792e-02,7.118233482607055906e-02,-1.675796569535051572e-01,-1.755726126679873766e-01,-1.390188396875771393e-01,-9.091341012709579228e-02,-7.292016805308323968e-02,-8.176049675029267716e-02,-9.063325847998891793e-02,-1.204588613240573092e-01,-1.384690804248204510e-01,-1.565337530643465536e-01,-1.343208510419498514e-01,-9.411744338710008317e-02,-1.116158018785591149e-01,-1.531197585023255092e-01,-2.192845347005482060e-01,-2.438846947467309956e-01,-8.911823085963561930e-02,-8.668574750829553810e-02,-9.311576816655946220e-02,-1.091225217379428458e-01,-1.463883479203813842e-01,-2.019352930147764458e-01,-2.496838734393587722e-01,-2.646624167300173358e-01,6.508600602202740948e-02,3.268070035651370053e-02,4.304714609591810473e-03,-2.827233723666431123e-02,-9.858321663804975321e-02,-1.506999257136055759e-01,-1.814017110333380201e-01,-2.183363637832404502e-01,1.298309503771285789e-01,6.601397488266191882e-02,5.407578396853367220e-02,4.326220201020467004e-02,2.914822980490341334e-03,-7.954861902827417564e-03,-4.441040899002084152e-02,-1.140645674787953701e-01,1.918152106150165515e-01,1.572528013009005243e-01,1.158054688694038492e-01,9.557556338976011534e-02,1.014240588943274013e-01,1.308281781074323857e-01,7.586072603845135653e-02,-2.819895206824921119e-02
1.135188476422491557e-02,7.161364042101110716e-03,5.302775957222959080e-02,-3.026968503195345134e-02,-1.133362627102615788e-01,-1.055020992818369308e-01,-4.109067331516907257e-02,1.361731241015228799e-01,4.469820755576629258e-03,-2.626052028524699516e-02,8.871835531292997234e-03,-6.805891315813858422e-02,-1.107717139916892246e-01,-1.911266741308136341e-01,1.111946242410372446e-02,8.360704954807948730e-02,1.436630731696106056e-01,1.323413929811933787e-01,6.140069853180399329e-02,1.247963685689971146e-02,-6.530978770197602701e-02,3.780331151038618300e-03,1.678615947022326499e-02,-1.035889263210209091e-02,1.465722487691671627e-01,2.188989594765499910e-02,-7.335853787494704681e-03,-7.217164244664558970e-02,3.935385752626371914e-02,2.574807073556339629e-02,-1.017468611608740442e-01,-1.033562811308348373e-01,7.287669588457226788e-02,1.534014005070013544e-02,-9.124477060939750750e-02,-1.168442200391397734e-01,7.007297479592050626e-02,7.417743775533452988e-02,3.763463822378024931e-03,8.535331432858425660e-02,-1.187737712143795317e-02,1.344434029603194802e-01,-6.105450058519389794e-02,-1.697882938038046685e-01,-1.317560475101418327e-01,4.379210382432952714e-02,9.770165286260340531e-02,9.564945408144377714e-02,-3.358263150552632803e-01,5.284391256596287362e-02,4.328715715911426315e-02,-7.929928473253845811e-02,-6.431513730977936327e-02,1.207821478113464859e-02,1.385843641487483346e-01,1.074134573517097069e-01,-5.842063928278672380e-01,-3.386194367509131053e-01,-8.161493658801471929e-02,-8.223999664208690719e-02,-1.552596309048493058e-02,4.564240778041026708e-02,1.316983425897161886e-01,1.074141994211697537e-01
5.954671016930991601e-02,6.017364247006733863e-02,8.293867373358915218e-02,5.470152542325274619e-02,-1.044703540857676478e-02,-1.614147869699015386e-02,-5.075039377614128707e-04,1.256905960226676060e-04,9.156441498205772356e-02,1.477401844883822479e-01,1.229672007497003561e-01,-2.428694475092945879e-02,-9.985912512199186797e-02,-1.606956770872695894e-01,-1.588785036131819539e-01,-1.783305617534025889e-01,1.069875186973915093e-01,1.022101949671018473e-01,6.357181470424902447e-02,-8.188717977742994425e-02,-2.193594094585649690e-01,-2.719478844833830289e-01,-3.039443591439673353e-01,-3.154459873335690445e-01,-5.888873647451858123e-02,-1.380537451022856993e-02,-1.247831277481445920e-02,-1.021055798032540346e-01,-2.023618193819366751e-01,-2.307122749849452314e-01,-2.824284615562523970e-01,-3.206114810012286043e-01,-1.079884544079914854e-01,-1.317883639072660665e-02,4.498219142145580551e-02,-3.700590537252651524e-02,-1.445269641242340752e-01,-1.751596927721694452e-01,-1.962071541468110580e-01,-2.230360617776662724e-01,-1.993890096041859780e-02,1.171000055991493032e-02,9.064978390816704965e-05,-4.797620355512397655e-02,-7.210855717439801360e-02,-6.976310166597582407e-02,-3.981975540677336334e-02,-1.867416926143917327e-02,8.816299490837931074e-02,1.905520977645068503e-02,-3.248090914089051678e-02,-3.170441243963990907e-02,-6.059127898158207098e-02,-6.300059287701439970e-02,-2.458912252205298563e-02,4.829659562708462500e-02,8.622450134487177897e-02,4.000271261338778778e-02,-1.577571756829680705e-02,-2.359872097327243498e-02,-4.302837041833279530e-02,-1.442701590845379619e-02,4.018925838677535334e-02,4.568563565597979353e-02
-3.338727039324483614e-02,-5.634598633791725042e-02,-6.663003204298337256e-02,-4.328832316398609908e-02,-5.117355966242333187e-02,-1.045128187584709739e-01,-1.468643130921115925e-01,-1.700836214130743707e-01,-1.418564908660768786e-01,-1.374149092064905764e-01,-1.015695457929130796e-01,-7.525589046819089467e-02,-4.595640929409600117e-02,-6.561033154445204685e-02,-3.696359913422179316e-02,-1.437394300120146441e-02,-1.967980634898438275e-01,-1.102061555916058339e-01,6.406444632007545978e-03,4.305759724278042377e-02,5.248589112777747590e-02,5.534780171083448358e-02,8.921603773486344591e-02,1.266353641607713965e-01,-1.653348035933254467e-01,-1.706263626155005153e-01,-8.184697620015342345e-02,-5.398435929190981142e-03,3.243504978275852518e-02,5.582298832926890081e-02,1.339756593849596167e-01,2.067964036028492880e-01,-8.927218146628580764e-02,-1.501805118074993894e-01,-1.805030378189705631e-01,-1.329101392367972312e-01,-5.694317876086272406e-02,-7.296163871259991711e-03,8.381613424250505817e-02,1.635193655787572364e-01,7.393395235406403920e-02,3.785617981385787367e-02,-1.587512921029444329e-02,-1.335019231014486774e-01,-1.542733140881717147e-01,-1.008683083682607590e-01,-7.528341134192147004e-03,8.260171838544855261e-02,2.355793388503188701e-01,2.131901496921348171e-01,1.474646397210982174e-01,-1.492713846860697045e-02,-1.900861729575838432e-01,-2.375896127910119282e-01,-1.566571844039559014e-01,-5.277708085956881595e-02,1.910712260104287241e-01,2.235010217552758915e-01,1.738951816759428948e-01,6.714673474760142480e-02,-9.760392797016821664e-02,-2.060798994380862448e-01,-1.897402141141291687e-01,-1.266878025338067093e-01
1.702459242703192877e-01,8.584799100192914978e-02,4.837995016273338028e-03,6.951595222079301473e-02,1.477654946014048121e-01,1.350765521653305989e-01,1.980987005792058386e-01,2.515004982162105107e-01,1.010785173796415332e-01,-3.971543570927839328e-02,-1.357585315601536440e-02,1.509699077653725852e-01,2.393283685175106035e-01,1.200586915152605655e-01,1.126802699873186708e-01,2.235754100430357716e-01,-1.049194782096485139e-02,-5.386291414046433246e-02,7.133037694241854687e-02,1.976667397918560887e-01,1.572780401352306401e-01,5.937388828488340126e-02,2.328065996998794282e-02,4.551211867855085857e-02,-1.282515553001819207e-02,2.797263187645851468e-02,1.197299199937656017e-01,1.390978074343086623e-01,1.827099580788003538e-02,5.063504763177294893e-02,5.452683750319009537e-02,-1.016548967696403322e-01,4.093341825750290014e-02,1.223827495552511219e-01,2.113542828255111916e-01,1.173913553472827609e-01,-2.384365208599670966e-02,9.235088062297794331e-02,1.671324971372383783e-01,-8.062261636142305232e-02,9.445081605952568293e-02,1.539329217257548454e-01,1.693465762819194032e-01,1.702375590207836926e-03,-1.395882860976412065e-01,-1.712736385486743730e-03,4.077680008069340528e-02,-2.416177420610905457e-01,1.301920922207731868e-01,9.212071344132166661e-02,7.108495601010732245e-02,-2.337364431181737992e-02,-6.821436351699200484e-02,4.993852814324155343e-02,-4.250353761334065700e-02,-3.422574978255727429e-01,1.156818031089179299e-01,8.160078007152885005e-02,2.893278610861805406e-02,-2.999616632304572678e-02,-8.850067386676561954e-03,9.323448627406048794e-02,-8.412965749126777651e-03,-2.664145373715166021e-01
2.780216028687686469e-01,1.863386747248199637e-01,5.978240984198909813e-02,-3.601969233211398808e-02,-3.543502941286368058e-02,8.112248199512270275e-03,2.256779368210029904e-02,-9.121748321043185448e-02,2.227927342265345056e-01,1.336382134782099496e-01,3.936613955428688860e-02,1.246057063456592262e-03,-9.129626025145847271e-03,2.845341306110121121e-03,1.947168890650307141e-02,-4.741999809742548921e-02,1.351380668362521242e-01,1.071149882203876053e-01,7.801535417120479543e-02,4.489375063064077881e-02,5.699531006718599503e-03,4.162876617191717948e-02,1.437218245861958572e-02,-1.327105653244387050e-03,8.920536188260429211e-02,6.701261044737230610e-02,9.052228788973748497e-02,2.801286006665862013e-02,-2.191781281870356160e-02,-4.474529003301006697e-02,-6.653501108683111676e-02,8.526851641502662671e-02,5.456708194748430274e-02,1.294410219636675866e-02,7.341218509074698417e-02,-1.261732371525179329e-02,-1.926231620192591087e-01,-2.414383701783774372e-01,-8.924662078062958748e-03,2.162569942805613876e-01,3.970905703483249699e-02,3.598002194195811659e-02,1.113734981801242224e-01,-9.260570486537234025e-02,-3.323109862336873221e-01,-1.570233113207152031e-01,1.575235040494168959e-01,2.257238403149632033e-01,1.139220150857144509e-01,1.531647391674091085e-01,5.061027327767890494e-02,-2.316954629430143242e-01,-1.782976724329555229e-01,7.845309594733222702e-02,1.376368732247176818e-01,2.193683231549531099e-01,1.374552569886203224e-01,1.467247246146179962e-01,-2.960238931954153538e-02,-1.863539746105253581e-01,4.657343528414485678e-02,1.071938042115705980e-01,1.436205256639840888e-01,1.792441278108420633e-01
-1.094620516842413904e-01,5.333818502773685251e-03,1.095789807521099918e-01,1.428259911748997746e-01,1.783246823944839854e-01,1.245647515776704961e-01,8.224506728928647481e-02,8.977417574143502221e-02,-1.333317074900961831e-03,8.991241292489490777e-02,1.188703255422819405e-01,1.287700251069702484e-01,1.176585026332807316e-01,5.317708491654592889e-02,4.132305245122788739e-02,4.335356811537514898e-02,9.855285795565722762e-02,1.700780958321660430e-01,1.443396334675591253e-01,1.169093499397429042e-01,3.327378601472771869e-02,-4.647879129926806019e-02,-3.499912392926469995e-02,-2.744287946058723143e-02,1.644095109803803134e-01,1.455882049013256796e-01,1.219378160468382738e-01,7.628614823582728632e-02,-2.470517469322287395e-03,-5.042599682204544631e-02,-6.415632494508374806e-02,-7.669712246707592607e-02,1.948355270198920963e-01,1.291822147780178343e-01,2.757877222656845637e-02,-1.762970640028981625e-03,2.228678802318465046e-02,-3.117575151711399553e-02,-7.751388620417545838e-02,-8.700864341330574736e-02,1.813325403167831695e-01,1.090704031995177598e-01,-6.316250864746807137e-02,-7.578394009584536739e-02,9.527399640726848945e-03,-3.537200971236232477e-02,-1.170719254483063299e-01,-1.454603339417029906e-01,3.810247457330331877e-02,-7.584604067999400900e-02,-1.667909098301168513e-01,-1.300899210958257057e-01,-3.900389765565184796e-02,-1.169862482768281309e-01,-2.078638570441954381e-01,-2.351497853848396047e-01,-1.411816535092723368e-01,-2.323365895358825983e-01,-2.443004002881752346e-01,-1.871568822152873957e-01,-1.100810563856792906e-01,-1.785070854641638560e-01,-2.470167079104667318e-01,-2.721786080761443571e-01
1.854579445811912475e-01,1.875884574765802060e-01,2.536223632637110148e-01,1.977378825905142801e-01,9.661914549579754541e-02,6.586035483896604537e-02,9.007982882038077788e-02,1.133652733493843434e-01,1.197639691252612298e-01,1.040240306706479434e-01,1.424210807431737780e-01,1.535054066930936767e-01,1.287850038809636687e-02,-5.481281037507053366e-02,-8.195384419315171476e-02,-5.575192492922079884e-02,-3.537164292176520758e-02,-4.940715371449856674e-02,3.335700442691594964e-02,1.161368621700844123e-01,4.471210301694031330e-02,-3.976769378206403138e-02,-7.731254450181714033e-02,-5.093541227270055594e-02,-9.789124536057684789e-02,-1.574594956194814155e-01,-5.370459877867063414e-02,1.224727422574210384e-01,6.483839977879980732e-02,-7.713467392972740699e-02,-9.226214241500203805e-02,-3.828110201639058768e-02,1.912382503293771907e-01,8.131215606703776078e-02,4.750711756351039955e-02,1.013003600614927058e-01,9.497451389260064269e-02,-8.273144485823329120e-03,-2.925387135167588359e-02,1.150883486514219650e-02,2.649435623658351058e-01,2.530392226635996278e-01,1.883980650093828313e-01,1.341240668134621450e-01,1.177471263178198613e-01,2.384255487056310963e-02,-5.121401506438454793e-02,-7.002946711599242202e-02,1.994380531116952127e-01,1.918450183556798250e-01,2.049353685412007298e-01,1.904017959471556165e-01,1.498307684349546309e-01,5.606474787460785647e-02,1.097574310697242359e-02,-1.188007393541609148e-02,1.883368595011502278e-01,1.699598817550062868e-01,1.870611726032921640e-01,1.588334786238703444e-01,1.348819645435944681e-01,7.221595819740775357e-02,3.281298482112018911e-02,4.811620275836529098e-02
-3.019490486441386290e-01,-8.532069689636126442e-02,8.352971724559724032e-02,1.737567606244807758e-02,3.764119348006603888e-02,1.569652039578798841e-01,2.306223050727529977e-01,2.395971585881227217e-01,-1.948514263371341204e-01,-1.388705072940001617e-01,3.098534417463387480e-02,-1.370407623431309750e-02,-1.022907047195394520e-01,-9.753360534221645201e-03,1.225336062405374821e-01,1.621861965326922284e-01,6.605993609561160163e-02,1.496307602383192999e-02,-1.235139189767958529e-01,-1.427685344584647964e-01,-1.535006855034652673e-01,-1.053523455650626217e-01,2.971471682981468437e-02,2.464152852490258949e-02,1.779800009339992939e-01,1.288039695876694313e-01,-1.820256440605083070e-01,-2.333827102190821623e-01,-1.361309864585913132e-01,-8.657481973628798622e-02,-2.237059978937663840e-02,-3.127532119272650318e-02,1.196758852024540215e-01,1.195572270941063775e-01,-9.771027156889995624e-02,-2.298445089212081682e-01,-1.120465428614444009e-01,2.058822828071378910e-02,1.059986847964492461e-02,-1.808341110044131214e-02,5.917826984397101669e-02,2.278830362093422351e-02,-6.730863484822771636e-02,-1.503922635870353353e-01,-1.548846792251730164e-01,-3.420569722472439900e-02,2.550521809620083860e-02,1.460833315259050212e-02,1.400784706404690008e-02,1.458371274674822096e-02,-7.611563901942466036e-03,1.080781166825222142e-02,-1.188975448204672575e-01,-2.089307456772091509e-01,-4.208019689275001307e-02,1.434792199581468586e-01,-1.411536821586892830e-02,2.673201056578609208e-02,3.818786811402039710e-02,7.149185296961302338e-02,-1.363936130849317530e-01,-3.142844958397403854e-01,-1.294472276000135647e-01,1.537558220990895008e-01
-4.463996674905834627e-02,-9.743838641068097717e-02,-1.488067823378494969e-01,-1.012071646558810739e-01,6.733953068398853409e-03,1.036086456952384216e-01,8.777224843988185032e-02,1.115334245821223008e-01,-1.809473228174284798e-01,-2.039205350219983615e-01,-7.563766751927961107e-02,-9.791263835316303676e-03,-9.293718563410843445e-03,-6.739717805741413104e-02,-6.840537893900437705e-02,5.446119484414641346e-03,-9.400834841345023785e-02,-1.365044796888448264e-01,-2.599963592986199307e-02,1.855349374132594237e-02,-9.836927539467527071e-02,-2.486069763199899585e-01,-1.851563583191825901e-01,-1.170492472196804218e-01,-1.870065386402533850e-02,-2.698676307622231360e-02,1.989263035595417381e-02,2.192353633256372697e-02,-1.332728550346611862e-01,-2.685590095946467359e-01,-2.612053491466637123e-01,-2.332538104582072835e-01,-1.225957480157370966e-01,-1.554915265870909780e-01,-2.625809376276753634e-02,1.216637553407781853e-02,-4.177549426472546013e-02,-6.148869820000767844e-02,-1.974839251537413576e-01,-3.797502207918069250e-01,-7.537021883997120641e-02,-6.952009426210427334e-02,6.766860135558486200e-02,1.231217878849968639e-01,1.371148264849387233e-01,2.255276746259735343e-01,1.577555243356693337e-01,-1.008027094987315603e-01,-1.245616962516225140e-01,-6.188750567705993827e-02,1.339736693966979766e-02,-4.290653839535780306e-02,4.669634924560127874e-03,6.385851052000166006e-02,1.103752506588886600e-01,4.382737665531938331e-02,-1.090157111869615586e-01,-1.127348547112832500e-01,-5.359900825527285501e-02,-1.638546655541891495e-01,-1.032478154689347172e-01,-4.336462478010173066e-02,-3.643242694263870707e-02,-4.236261324296437120e-02
1.157082563105032991e-01,1.080027871635247105e-01,1.001310535875904600e-01,9.817394916002621097e-02,4.486634043229918017e-02,-3.438666224603762617e-02,-9.441850599442679071e-02,-1.120398980061235172e-01,1.236939019528894707e-01,9.409458599940576096e-02,5.431636821397786002e-02,3.205257689725402037e-02,-1.017942944740732672e-02,-7.144869848785267985e-02,-1.544113617626069468e-01,-1.328902149249710229e-01,1.288759160889060840e-01,1.224530205267750499e-01,5.471440275745990262e-02,-1.490945465059323113e-02,-7.916271083768454397e-02,-1.477612524760777979e-01,-1.543108542432702346e-01,-2.145740426360210479e-02,9.258712259001332379e-02,7.451278901108406016e-02,-1.434030118036963564e-02,-1.135558127739537682e-01,-1.690097461815376623e-01,-1.139019966046142529e-01,1.897991464836067815e-02,1.814080007299782860e-02,9.873172786360838449e-02,6.191289152923450806e-02,-3.172246934171089969e-03,-4.282075589442621566e-02,-1.942882943559542724e-03,9.095545228437343366e-02,2.042428205068513164e-02,-3.145442296881045818e-02,-3.876157799237125133e-03,-6.559696516959749590e-02,-1.615683064428214688e-01,-8.400819493784504599e-02,1.879113918265404998e-02,-1.035437153441349650e-01,-1.600232929514593394e-01,-1.027094744665068698e-01,-2.521989394193062672e-01,-2.958040186289110363e-01,-2.444440050497634631e-01,-9.548323701299740729e-02,-3.833831076834227913e-02,-4.296913027770499910e-02,-2.916255023219464955e-03,4.944402444903833044e-02,-2.552967181844598699e-01,-1.805849510489645482e-01,5.052165708637537667e-02,1.481013920016152341e-01,2.515428661890413697e-01,2.794701265109237331e-01,2.484890767556880431e-01,1.953757758227177843e-01
-7.939859137359338292e-02,-1.799879791206509538e-01,-1.271143027720793572e-01,-1.004643396657190491e-01,-8.996048553130857328e-02,-6.168438876057122378e-02,3.197389572571608662e-02,1.625749757920725213e-03,-1.404161701738442791e-01,-1.275320932359127468e-01,-2.768733153685587478e-02,2.602874826685233622e-02,5.051560236264477505e-02,1.225513264128950813e-01,1.505064675133657714e-01,1.035458524555591814e-01,-1.141005044169257909e-01,-4.288455939615561097e-02,1.723871864443498421e-03,3.517226009888790167e-02,8.840840073390922316e-02,1.962518001771570153e-01,2.367296902190793861e-01,1.488992496064658888e-01,-1.072263952179576263e-01,1.799385787438858089e-02,4.650424656468895440e-02,5.729096660008604208e-02,7.817402359518825505e-02,1.457466826224032563e-01,1.200664971683288312e-01,4.374950896341042728e-02,4.097317823802839459e-02,1.268408850963426149e-01,1.358054306747062678e-01,1.106424095731295826e-01,5.797698486464501061e-02,-4.255727202429174932e-02,-7.303457721098335909e-02,-1.745093248865734262e-02,2.499043070972241376e-01,1.409471295437454141e-01,-4.114985312617436969e-02,-4.823515823814594067e-02,3.492462484823271457e-02,-1.211413197598318336e-02,3.845231513179184213e-02,1.416833308731469954e-01,2.240439864702530037e-01,-9.490879893004773582e-02,-3.331157079171592206e-01,-5.712380926468868525e-02,1.792032120375297022e-01,1.187445798392077340e-01,1.017478569258758042e-01,1.259363554980173217e-01,-8.734463761562477613e-02,-3.038390187320270663e-01,-2.578774474183410104e-01,5.652478315973521322e-02,1.925351143405529819e-01,9.906363255891097175e-02,3.362542183957265701e-02,1.136136469993819301e-02
2.485005957302665047e-01,1.630054667153514603e-01,3.345760110689188771e-02,-9.006566423501852214e-02,-1.402818805770018329e-01,-1.231237981075204574e-01,1.274487048247956687e-02,1.562602868354054930e-01,1.589876212324529414e-01,9.655811577881255603e-02,-9.230448574539099060e-03,-1.286800757087683822e-01,-1.552633380404812580e-01,-1.249537876511551682e-01,8.541593312521496284e-02,1.840284953454973671e-01,1.843144790233474384e-01,1.194693597920981065e-01,-1.687903762542059330e-02,-8.689279436928734612e-02,-1.105133498584892626e-01,1.699596186364095429e-02,1.237443791448205460e-01,1.641075750318196635e-01,1.779505419128570576e-01,7.344303888887611376e-02,-6.237929960198706353e-02,-6.953020310972581053e-02,4.822703497419473379e-02,7.982342998601532624e-02,6.109248290247078217e-02,9.172800138499620504e-02,1.127562567298168172e-02,-3.562301436715765990e-02,-7.036834178224223024e-02,3.349671681939474926e-02,1.894724577070035776e-01,1.610508453500093529e-01,1.051432596102479661e-01,1.227087396428845623e-01,-1.584547226248938234e-01,-1.303132851356524347e-01,-7.421515858111747688e-02,5.163441529977911421e-02,1.470892558751209223e-01,1.807232095232069458e-01,1.339280032289456024e-01,2.014731907061258589e-04,-2.331911369448099736e-01,-1.118638530672920184e-01,-2.827796103277529713e-02,9.854589534455192312e-02,2.072055326999280023e-01,1.911899538183209346e-01,1.283502865839389884e-01,-4.884327493949112281e-02,-2.250231491591695998e-01,-1.064258135203837718e-01,1.327825271577055995e-02,1.010660703533897559e-01,1.962761521522155828e-01,1.361149125601170407e-01,6.452552059615229707e-02,-7.881103401706866796e-02
1.020634554646876746e-01,1.995783500025317403e-01,1.932295548885626379e-01,1.874895440650713729e-01,1.107833336833479870e-01,5.505470072588806649e-03,-1.428124985710522155e-01,-1.871314710978649043e-01,1.219953936691349494e-02,1.308874023421648103e-01,1.655285585279666072e-01,1.780114949962541271e-01,1.280501218426249033e-01,-1.360179650415959708e-02,-1.512417363063152664e-01,-1.742709624470211993e-01,-8.197662441772025910e-02,1.460045280534724710e-02,1.201872661629051209e-01,2.060169511506086404e-01,2.215093561171017633e-01,1.847426412650240990e-02,-1.439613634977155443e-01,-1.122094619284452754e-01,-1.120014289387005202e-01,-6.963112699609430578e-02,2.764012866125100873e-02,1.704862554363754390e-01,2.629910550290422977e-01,7.833642065941677501e-02,-1.003450752347234548e-01,-1.006522770489301638e-01,-5.208313319010425546e-02,-7.196849850335945709e-02,-1.698225187443759554e-02,1.465691969565153241e-01,2.745752756315251730e-01,1.720773907435451944e-01,2.101462456575940718e-02,-7.382821664606395440e-02,-3.580750308833601653e-02,-5.819553146110731379e-02,-9.503669191902420349e-03,1.006738555202396773e-01,1.969285858854798732e-01,1.474990139546556722e-01,7.796430041279822643e-02,-2.243117724985323538e-02,-5.218333080746144492e-02,-6.020494489265756921e-02,-3.068210645674099638e-02,-4.749317634236343644e-04,-2.521277544769823242e-02,-6.261693825420094894e-02,-5.163794578811951169e-02,-7.290884765004765344e-02,-1.164263848610898183e-01,-8.939718130713653066e-02,-5.479288641963618589e-02,-8.125346970214898656e-02,-1.362463795738632355e-01,-1.723317076467154874e-01,-1.821415186968889655e-01,-1.381867750405283146e-01
-4.515420342466755174e-04,-9.536303458022794485e-03,-3.930194588661864441e-02,1.994607538711829289e-03,3.971135171992768581e-02,3.030143238164122177e-02,-1.002528355197385840e-02,-5.405229578591898287e-02,-2.935393796877474801e-02,-7.479077505340227250e-02,-8.624442234005404162e-02,4.605015660236676592e-03,3.808354619087595677e-02,5.629784252162185754e-02,-4.132848781800486059e-03,-8.530599251477935518e-02,-1.052905925896599620e-01,-1.286483865571603491e-01,-9.742846984361618057e-02,-4.088270641351839096e-02,-2.494064417995242935e-02,-2.199433939839032584e-02,-3.824805740380382568e-02,1.510032827483602860e-02,-1.328867548671296417e-01,-1.633889581518513379e-01,-1.304222202262027008e-01,-9.512770295680157695e-02,-7.383616754960201090e-02,-5.826827355452971618e-02,6.116889270807342183e-02,1.598446836073266208e-01,-8.608594759003129759e-02,-1.507483519016412365e-01,-1.294029652119382534e-01,-1.020457010602408704e-01,-5.599348240048507286e-02,7.137107320171760805e-02,2.158820805398979359e-01,1.966128206867863992e-01,-6.629648422933960561e-02,-1.120005309770759905e-01,-1.103894385807312750e-01,-1.535736286129915813e-02,1.117879006738031616e-01,2.266239471385520232e-01,2.049137179211965309e-01,1.250202893391696470e-02,-2.956847056069316845e-02,-7.934802362110905671e-02,5.201919491582539246e-02,1.935124305446313531e-01,2.685195197161211467e-01,2.595462027469378485e-01,1.770402812881742213e-02,-2.413006228048087398e-01,-4.021948984081622630e-02,2.567892985155132562e-02,1.856556572025137575e-01,2.777859829753928644e-01,2.631480211136840164e-01,1.266711782200758696e-01,-1.194752385467292150e-01,-2.681615679374185768e-01
-1.204898289237438802e-01,-1.212483503362113274e-01,-1.270524713044031972e-01,-6.081805490557959382e-02,4.927215929032627978e-02,2.038968772346755054e-01,3.195297139701745448e-01,3.361183475345368432e-01,-1.231782790321528515e-01,-9.293564686557675980e-02,-1.535350992166878425e-01,-1.161713156784536238e-01,-4.213948867397299819e-02,-4.872758605455339981e-03,5.479177087528960821e-02,1.293314494720197438e-01,-2.118427632473459665e-01,-1.753513197947853819e-01,-1.216533532208624035e-01,-9.290004350266194144e-02,-8.577080502449363486e-02,-1.631564367765562240e-01,-1.626540690300577463e-01,-6.920162292028197992e-02,-2.567421485073567156e-01,-1.544580039086207446e-01,-4.822801751857655472e-02,2.235624561082915490e-02,-5.425525830717070619e-02,-1.625115277955861692e-01,-1.448541242889143932e-01,2.429893230527778447e-02,-1.948508503288042329e-02,-1.078634511035037827e-03,-3.241371889736406608e-02,-8.322596189631124852e-03,-6.647623072304986724e-02,-1.143813566936509596e-01,-6.654662203750242797e-03,1.774371620656670923e-01,1.622978484594640169e-01,1.816696093080491861e-02,-8.526085542513425763e-02,-1.725115588958140156e-01,-1.103654281914648594e-01,-2.098078198989531892e-02,3.743670428594726013e-02,9.870067099209629824e-02,1.038488308451201436e-01,-7.182124850813959016e-02,-1.358238953425607576e-01,-1.205171567970983321e-01,5.074806421608082235e-02,1.284539812219154531e-01,2.862217564998702918e-02,6.263566940146433719e-03,1.202498914380083044e-02,-6.157393366059926709e-02,-7.964576318334316840e-02,4.571381095851664855e-02,2.334296547555096690e-01,1.671686158456189564e-01,-2.267352856902159674e-04,1.939295478857528668e-03
1.002878002565707333e-01,1.039599420852697076e-01,9.938313884574867529e-02,5.828018738508217861e-02,4.308510999160705679e-02,5.765969043455625165e-02,7.812063380761236076e-02,1.407586274894034595e-01,6.917916490674444474e-02,6.058428424202517981e-02,7.011341878399895977e-02,4.536931435090401504e-02,4.719296030149985888e-02,6.435341827006216264e-02,1.287015278459523737e-01,1.509780800051835070e-01,3.695130352509193999e-02,6.163501235183550808e-02,7.647958312748062704e-02,8.275165267870988883e-02,8.388808327732885650e-02,1.408998695474744101e-01,1.731620018028241226e-01,1.803477314449604407e-01,8.315674251427379246e-03,9.322292431918120445e-03,5.383245119107996079e-02,7.253227580069859792e-02,1.278441394832232347e-01,1.604649078301955412e-01,1.614926613575753400e-01,1.732964565070410079e-01,-3.440502569585035531e-02,-3.009620359703437179e-02,-3.879741087606853548e-03,5.625679897492617820e-02,1.241267923269270823e-01,1.485882015173251303e-01,1.555901794730549237e-01,1.837747557025753431e-01,-1.025772036263089826e-01,-8.235020818866377323e-02,-5.564389668111967974e-02,-1.137582335908482456e-02,2.926982465393366400e-02,8.303924872648828226e-02,1.113308033793672658e-01,1.219399833406995537e-01,-1.835320368122393964e-01,-1.805727815304585260e-01,-1.804290659063945979e-01,-1.430618129950823325e-01,-8.827130760498859419e-02,-4.436491441766243771e-02,2.555014296774289762e-02,5.110219905368624388e-02,-2.302624945465504835e-01,-2.907263767055903725e-01,-3.191428939742944060e-01,-2.722096070917474631e-01,-1.989960900208879446e-01,-1.225124698076381913e-01,-5.311894095180505482e-02,-1.685275275109587856e-02
-2.641840516234312819e-01,-1.933465493697905935e-01,9.886197207315766677e-02,1.430437157446159402e-01,2.848982058095526210e-02,-3.123127780836979644e-02,-1.985774741721798610e-03,4.477039477871094797e-02,-3.300169634355624160e-01,-2.094209612520900043e-01,6.810190763240481227e-02,5.059047126253969628e-02,7.207945648453970532e-03,6.356135325286838000e-03,2.772794210715577926e-02,-2.036519393064663286e-02,-2.829949382124598567e-01,-1.369231392073669562e-01,-9.093640309036594982e-03,-2.767186545265694353e-02,-2.455601651873885738e-02,1.007887712274603970e-01,2.195702155729888430e-02,-1.290788532289784962e-01,-7.358014112285196640e-02,5.357356017079702853e-02,-9.717465460071547483e-04,-1.197058097965090911e-01,-7.487343580320082737e-02,8.895201499705732151e-02,2.175090401421080066e-02,-1.805986061428693779e-01,7.868436826599703449e-02,1.359359473070789470e-01,5.991742119549570145e-02,-8.270663961500697436e-02,-4.575458940269959418e-02,1.344738240057069267e-01,1.010785111513846785e-01,-9.161774842945687169e-02,2.447446620102809028e-02,-3.557962539183424922e-02,-9.493587302777456438e-02,-7.503388689282898538e-02,-5.347657788944352314e-02,1.227946134765492137e-01,1.418588219602424094e-01,-9.532262549211277525e-02,-1.212015563145101560e-01,-1.254737940525531281e-01,-1.535335495260045473e-02,1.038503728152894018e-01,1.088095931792718990e-01,1.550063436179336118e-01,6.528737894822105037e-02,-1.143772301202904823e-01,-1.122623750147051791e-01,1.054115987504384080e-02,2.634911913585352150e-01,3.016699014685574332e-01,1.684679939600941811e-01,8.357405062900399861e-02,-9.830448550445301803e-02,-2.244035816294212560e-01
1.026002603162005505e-01,1.494541606406486062e-02,9.790514155178521236e-03,-7.024902523711739309e-03,1.493815839351380313e-02,5.263232449977459787e-02,8.800389503307633199e-02,1.681662585483018613e-01,8.041744996691128911e-02,-6.794102281692726217e-04,-7.841106420971633018e-02,-1.401349139034042124e-01,-1.201586332200040852e-01,-5.396804613520798238e-02,2.903188930782860111e-02,1.326873555345074174e-01,2.469577990842293513e-02,6.615922500956840889e-03,-5.220612084703078054e-02,-1.255332284650418351e-01,-1.033519179715475522e-01,-4.696751817680126784e-02,2.262102797937716805e-02,9.355219261945318943e-02,-1.087842800546540145e-01,2.454981890896209412e-02,9.936446562127121407e-02,3.890322426976787484e-02,1.051335325809737466e-02,5.941299394431204944e-02,1.166615600433903999e-01,1.306680824894721205e-01,-1.999298040297972368e-01,-1.189899991191228079e-01,3.632530890735378298e-02,4.130779594993783110e-02,-2.253687603663435610e-02,-1.500791313098745992e-02,4.399433048620184084e-02,7.478103603326760607e-02,-3.997654183068277689e-02,-1.635725691222937039e-01,-1.109124559547566696e-01,-7.182058603786625750e-02,-1.009990913676429153e-01,-1.182378361411784706e-01,-1.071848188620261877e-01,-1.330039678655578483e-01,2.076316232684302099e-01,9.233563365492537811e-02,-1.037769792301407173e-01,-1.900401856333281125e-01,-1.513113166930145914e-01,-1.424819487620431480e-01,-2.108842164333443459e-01,-2.870457488886317132e-01,3.597527651881580746e-01,3.112130276438919152e-01,1.639171649369134121e-01,-5.542654567735349341e-02,-1.237993069387299666e-01,-4.250682027980787897e-02,-1.284580074196440824e-01,-2.440688169638768890e-01
8.328799419467844412e-02,5.053062814626194110e-02,-6.321557576125178164e-03,-7.754700654718324482e-02,-1.060380615173180524e-01,-1.328228003629554066e-01,-1.376432427427932148e-01,-1.811664919649525196e-01,1.377753394614115046e-03,-9.691171599264545645e-05,-2.801674162432944010e-02,-2.921000693250929217e-02,-8.977530668008099068e-02,-1.258703980102349185e-01,-1.101431518578730312e-01,-7.582365504456341221e-02,-6.628817946653661752e-02,-2.010644691413248156e-02,3.594561952892277173e-02,9.115236975966599375e-02,6.025123109854101794e-02,-3.024004275085540126e-03,5.447683488487842229e-02,9.820416587663853558e-02,-3.128269252674961004e-02,6.559647080865867175e-02,1.636030585935427384e-01,2.179071127965796495e-01,1.694071337438297353e-01,8.447865373572507885e-02,1.030357653663810241e-01,1.426050791752536129e-01,-8.982869591326910277e-03,6.866318568750451323e-02,1.602268374997408706e-01,1.793698884068312682e-01,8.673200189319782427e-02,-3.548812156387598504e-02,-5.768633937239960041e-02,-1.651865385215958368e-02,-1.160933610451635595e-01,-6.628077063212584052e-02,1.481869173675814770e-02,3.815374983678163773e-02,-5.210808128639941167e-02,-2.012582358348742051e-01,-2.473449387511087449e-01,-1.343865667952407195e-01,-1.720133281558491045e-01,-1.363076852978288012e-01,-6.750684702149771510e-02,-7.495912105200429332e-02,-1.508918688201826008e-01,-2.575120058880667195e-01,-2.652416127685633396e-01,-1.515568380334773035e-01,-1.646745701249754390e-01,-1.070752261366226116e-01,-9.551878371818368907e-02,-1.216067299890711134e-01,-1.595343055206168148e-01,-2.417621143559499641e-01,-2.258389548841024663e-01,-1.680320512757653428e-01
-1.127276505873308354e-01,6.133820244762184376e-02,2.215058472004490797e-01,1.197222423855687778e-01,-9.398039023930132574e-02,-1.961398469602981254e-01,-1.537177563872067221e-01,-1.269235008832657607e-01,-1.665018288765976184e-01,-1.077127428992600763e-02,2.047291739032373881e-01,1.665868858288241383e-01,-5.274513490256105275e-02,-1.466494330568213489e-01,-7.031536450577742514e-02,-6.394518344806204846e-02,-1.334817798578137038e-01,-2.299054974993353095e-02,1.381173618485297405e-01,1.282034523998991371e-01,2.252018049376085240e-02,-2.809592601871133133e-02,-3.660692009136831682e-02,-4.451108262726102827e-02,-2.988746028401001106e-02,2.825222050276754437e-02,1.287090716664992252e-01,9.245219583597934221e-02,1.287033607613207939e-02,-1.425755291031648511e-02,1.180913159590045967e-02,5.118603731188921258e-02,-1.532306421076561342e-01,-4.596200488746279150e-02,6.808755204541269701e-02,5.866379704976788095e-02,7.536027690856641689e-03,5.482572956578517231e-02,1.108556640408130400e-01,1.111086118402767470e-01,-1.817208726362145310e-01,-2.050566015616683002e-01,-7.527017547295598854e-02,-3.320845180671343905e-02,-6.932262042340744945e-02,7.373945524294098393e-03,1.295448835836977841e-01,9.885124564934638647e-02,1.737015877621260473e-01,-1.024728272404525770e-01,-2.053932356639188994e-01,-1.099241378220055798e-01,-5.273409417321659604e-02,4.341553723723004868e-03,1.258164010712240211e-01,1.505748562167871507e-01,4.353906336220690343e-01,2.686439838026076221e-01,-6.527688985856228143e-02,-1.520714318616132044e-01,-1.057165041933705030e-01,-1.663464423663641237e-02,3.572197997342523024e-02,3.378023218797865379e-02
6.943626857225428106e-02,-6.907845824136654711e-02,5.966781424601562238e-03,6.218507573695341434e-02,-2.656879481821870434e-02,-5.021200628952592754e-02,-1.610554118253948452e-01,-1.996515956447043882e-01,1.452384362731876655e-01,-1.261866074491715395e-01,-5.336383539911775803e-02,4.690617758723147207e-02,-5.378389459632873515e-02,-6.546418461073169603e-02,-1.785068038336440344e-01,-1.979103818933966030e-01,2.089650798625686534e-01,-1.349841354731162457e-01,-1.091216518724374002e-01,8.279343434848038643e-04,-8.366241064406544636e-02,-6.475844394688910766e-02,-1.183261877839788534e-01,-1.681709576176632359e-01,2.432545314294137229e-01,-1.021805648167950914e-01,-1.109768114777905657e-01,-4.148539124776813580e-02,-7.860919378086819731e-02,-6.345815806071794518e-02,-3.820247371790907315e-02,-1.299629842906903088e-01,2.663660333798524293e-01,-1.037178370173510167e-01,-1.400527102107299027e-01,-7.624855544158873344e-02,-1.173988024033856131e-01,-5.490975950868223765e-02,1.968157307590062341e-02,-1.075341022825985898e-01,2.420260685540203405e-01,-1.373230614320960219e-01,-1.627779676789770646e-01,-6.970394923905617879e-02,-8.876466285316762794e-02,-9.667242392582502467e-03,9.710765963839330939e-02,-2.576440145451932423e-02,2.157565499239818552e-01,-1.896921078346356926e-01,-2.089150723301900214e-01,-6.006472425437685975e-02,-2.866925220916453909e-02,2.317975984339228426e-02,1.056763119149426583e-01,-2.961713627844174412e-02,2.536785271844889667e-01,-1.470754564934622921e-01,-2.343281332700522523e-01,-4.509239966610211620e-02,-3.437472100994710435e-03,2.095879066121227388e-02,7.037019401649079187e-02,-5.882829058118357185e-02
3.981411447729070741e-01,3.460565692213198874e-01,2.818130572002935375e-01,2.153173709724295892e-01,2.040048547342060148e-01,1.801922221980221950e-01,1.414633977130075881e-01,1.105253347489670995e-01,3.061233515085293733e-01,2.663116612219137980e-01,2.070368760876989400e-01,1.416768241860632827e-01,1.309586214029025975e-01,1.005641921459329430e-01,9.588290426093723506e-02,8.951416468331550857e-02,2.103912060797190064e-01,1.741485062353455848e-01,9.960823989546800650e-02,6.158853948895522123e-02,4.127384358048757917e-02,6.980217708687259416e-03,3.986932519480538423e-02,7.672150348976553014e-02,1.591903857506640485e-01,1.024873633967551267e-01,1.371511418998658943e-02,-2.956417966152725951e-02,-3.821597570577769248e-02,-4.165708175661912704e-02,-1.046274382840148114e-02,2.607280734074901921e-02,9.919449560796346488e-02,4.779590514363421527e-02,-7.980106544381465952e-03,-5.155339306774885805e-02,-2.753131832690663625e-02,-5.197191023436726828e-04,-3.461735103738733388e-02,-2.127904488253595447e-02,3.283944309357524766e-02,1.491096307694825783e-02,6.805254415180025940e-03,-2.784780520448353058e-02,-2.643063854476346633e-02,1.312424845417653994e-02,-8.362876565578448648e-03,-2.171150047554645454e-02,-3.303861421408420956e-02,-8.380644237802168175e-03,-2.728504577323301317e-02,-5.164135718823013865e-02,-6.759143423347221957e-02,-2.673408160727732200e-02,3.442873579376432014e-02,5.492167759954375006e-02,-5.037856112927066587e-02,-3.807730093581653680e-02,-7.589649819450101920e-02,-1.042462518799089355e-01,-6.546170221424578439e-02,-6.466335498826955575e-03,7.135560073326006891e-02,1.195172847995333576e-01
-8.370776219815078377e-04,1.503231944454129221e-01,2.410679486712045405e-01,1.752747275060080878e-01,1.884568658063622004e-01,1.718997234131469376e-01,8.135166629895596024e-02,3.614904352934473347e-02,-4.660382786049525189e-02,5.005081255456132749e-02,1.684494270653804360e-01,1.171952460344030666e-01,1.008373291906664443e-01,5.514245056303573866e-02,-5.454353046567297220e-03,-2.706727225927257549e-02,-3.174603743233187642e-02,-3.004298509902899456e-02,4.509761810103008611e-02,6.735221067329871802e-02,9.701315273343162626e-02,4.802308638362731003e-02,-8.108289209543784529e-03,7.955788322643221264e-03,5.261737116100202033e-02,1.618467228272508010e-02,3.906962779355904747e-02,1.572059031467548315e-02,5.734074944191330792e-02,7.844331775482574209e-02,3.137625676796563373e-02,-1.449152507177422881e-02,1.347810427446356762e-01,3.366225529570164576e-02,-3.111591630296704422e-02,-4.764046975589975724e-02,-8.634368427226209175e-03,7.552929845862074720e-02,9.375780543724922256e-02,1.016676088646757542e-01,1.871921493787195578e-01,3.606808119802189933e-02,-4.518715136087213258e-02,-6.444337229224170183e-02,-9.489614904023989730e-03,1.584639301917805942e-01,2.512027842325904037e-01,2.533700688755740060e-01,1.835299110768441877e-01,1.248431195187904019e-01,7.458805875539534225e-02,3.677467961651036815e-02,1.569675348647935759e-02,1.510020199335501689e-01,2.799715374530959977e-01,3.266637101295361556e-01,9.940456406028391756e-02,8.573124716851621141e-02,1.397719157149964475e-01,1.885106542713451683e-01,1.030406027103931699e-01,7.430638851021986735e-02,1.962968595103607994e-01,2.920119324536786798e-01
-3.469563221089001087e-02,-6.121386368163816288e-02,3.336967195832060695e-02,6.396413977559521624e-02,-1.928481388285255976e-02,-6.622258720356787032e-02,-1.141173296155082173e-01,-1.041631189202973373e-01,-1.147028014364623316e-02,-3.196784918380524143e-02,2.354430400288582553e-02,5.496982963066592703e-02,2.897758605834092199e-02,-4.959274567057574135e-02,-6.460941005708271956e-02,-6.492747984319967303e-02,2.431186417297811868e-03,-5.730946906028482751e-02,1.436481961646114865e-02,3.661482430235089933e-03,2.706915253135420973e-02,-2.643271839396332118e-02,-3.885429620294070241e-02,-4.844160078230359823e-02,3.661465624350077747e-02,-1.209721166514637070e-01,-3.459634576906860104e-02,-4.530313746131959390e-02,-8.928208360868697749e-03,-2.866716445233842558e-02,-4.531648352538655139e-02,-6.449898099274738172e-02,1.292801473068138918e-01,-1.294755189069095869e-01,-1.204426846454890870e-01,-4.371109408670435792e-02,-2.245615853068801474e-02,-1.436509279883946971e-02,-5.621858163498585914e-02,-9.939167101137566518e-02,2.797415291770002366e-01,3.254595108971067990e-02,-1.637602256385979060e-01,-8.691437618726445546e-02,-3.961308673050769474e-02,-5.486423121217592902e-02,-1.144618201209347264e-01,-1.365919756353305425e-01,4.007446171947867120e-01,2.877208626530153301e-01,-4.060596818044318740e-02,-1.395092026993707823e-01,-6.722867129432411049e-02,-7.733773341011561386e-02,-1.245620320585807406e-01,-1.381778681891596694e-01,4.007422313020568283e-01,3.998070711773298314e-01,1.408387687919092079e-01,-1.099527555525123684e-01,-8.709152486498925039e-02,-4.954035259996161789e-02,-9.212953416506315663e-02,-1.244861479327488696e-01
1.974100433276788566e-02,-5.549844257675240478e-02,-8.385866126305642487e-02,-1.345742523666097201e-01,-1.404368971848302949e-01,-1.744518552149261215e-01,-2.670194580651354399e-01,-3.589142893428992065e-01,9.288348029405336936e-02,8.283341516159274664e-03,3.103416326729496050e-02,2.130151141280770682e-02,-2.411680610791037613e-02,-7.107955099098904606e-02,-2.191637671739131155e-01,-3.101470413625905254e-01,2.273775431596912130e-02,-2.283399904468864233e-02,5.984857667854442433e-03,2.209685219195862624e-02,1.034964744431713865e-02,-2.829099936820271555e-02,-1.465612018541843642e-01,-1.918663076873942386e-01,-7.022643073351510223e-02,-8.631386872187873927e-02,-9.766041741645220542e-02,-4.578021166698610644e-02,2.977372270437473462e-03,1.041710114360366868e-02,2.867309893503303120e-02,5.932623159371882421e-02,-5.291056402725057700e-02,-1.264257051853540093e-01,-1.676775844884002831e-01,-1.113521831191305461e-01,-4.689475619969171727e-02,3.077589816482385540e-02,1.420551560393133184e-01,1.338427362706096080e-01,-5.354575044709734138e-02,-1.119926206218265913e-01,-1.795691045435059141e-01,-1.689078686125259354e-01,-1.292511852016931251e-01,-2.837140368269613563e-02,4.944966918839033970e-02,9.394001290768548562e-02,-7.949621608643570037e-02,-1.650292370874803238e-01,-1.748242482965958744e-01,-1.440971959991423634e-01,-1.368323575520341562e-01,-1.435627307112043449e-01,-3.015454310730796006e-02,1.337199217911192173e-01,-2.062918613558051006e-01,-1.953978164132053330e-01,-1.238609939349718941e-01,-4.923091670349587223e-02,-6.582644408649065970e-02,-7.973610999488232876e-02,6.219994104715179800e-02,1.016598382241427900e-01
-2.513045615982421599e-01,-9.918832186189238675e-02,-2.906745469818013128e-02,5.563972927383235238e-04,-1.488917072014189213e-01,-2.462178551949418814e-01,-1.022565727063011742e-01,-1.287911600861909797e-02,-2.341993667236409449e-01,-2.334222663314616461e-02,5.307390335425419409e-02,7.745943551253965144e-03,-1.326038733279413795e-01,-2.273569316067997059e-01,-1.304047660111129492e-01,-5.457241585971631809e-02,-2.481379496181708444e-01,1.719942088807285656e-03,1.134323349043879214e-01,4.058817328751222753e-02,-5.992231456661378103e-02,-1.475259572126199070e-01,-1.059231399639844473e-01,-5.435047437466484360e-02,-1.444310935325034406e-01,4.274267633373277780e-02,1.767483742685592996e-01,1.086719257304901987e-01,4.403492942385149600e-02,-3.912142977604073091e-02,-3.338568794152151076e-02,2.686434551564428896e-02,9.520018586882591019e-03,3.921964743765751077e-02,7.211450689845197437e-02,8.973040105284905976e-02,8.309149402528788475e-02,3.096013617353114353e-02,1.668032597011820037e-02,4.942523038082146519e-02,5.005394246563807381e-03,-5.889635554003921220e-02,-8.001300594838407776e-02,8.024449394239747957e-02,1.327956591817648635e-01,8.838134926706694983e-02,5.325036191659333201e-02,2.111715133157834184e-02,-1.456368602607381046e-01,-2.116388258873937445e-01,-1.792499176286664608e-01,7.051004958730826278e-02,2.032469271500994268e-01,1.949830721105068054e-01,3.122465138790482889e-02,-7.429185864285095531e-02,-2.581255581621476614e-01,-2.765242749231317521e-01,-1.650188893294022852e-01,4.328235017795581396e-02,1.475561679599159126e-01,1.500206137661837524e-01,-4.247908693608936671e-03,-1.503640338659394116e-01
-1.291292775838552842e-01,-2.944027886450770182e-01,-7.574567323213306225e-02,3.661062500775046358e-01,1.992472327683765532e-01,-7.398328598795436695e-02,-4.885939796903796678e-02,5.887795234129255401e-02,-7.082764814490953575e-02,-2.775907234615771491e-01,-1.314053736259086780e-02,4.556217651719105532e-01,1.519004360861558045e-01,-8.052987054622647023e-02,4.961448128052920077e-03,7.534842287606735578e-02,-5.984594857264052825e-02,-1.603473150046726414e-01,1.273092295009759789e-01,3.564561355541609466e-01,4.851985809094432056e-02,-8.476609406354428111e-02,5.157424328512461020e-02,5.701807883798966359e-02,-6.071624698738932457e-02,-7.376252131215225993e-02,1.076039919769759545e-01,1.180479369936847794e-01,-2.140569422747475720e-02,-8.393472818354309750e-02,2.370874477761172536e-02,1.112198670480317800e-02,-8.536849648220787290e-02,-9.960575096104373749e-03,2.450205717770380029e-02,1.983808995332972738e-02,-2.280311907527756907e-02,-6.643642940262516061e-02,2.315430068351481685e-02,-9.239198192014103084e-03,-1.274320428967663510e-01,5.375828501831803573e-03,-1.581639203903681054e-02,2.100108109132324194e-02,1.912728150280770117e-02,-1.236166426255432688e-02,6.298471441858743969e-02,2.519515797017951239e-02,-1.490415477177254311e-01,1.464037740087236091e-02,-2.320467042948886824e-02,5.481384705434229343e-02,1.177747753844239492e-01,3.631771120252384744e-02,6.529638208498857177e-02,2.473288354876165482e-02,-1.387827135332131423e-01,-3.727296820549329259e-02,-3.603475009094447151e-02,8.838201189479417963e-02,1.772272494680572630e-01,6.396802415224417393e-02,5.079042417744300542e-02,-4.692543737677783849e-03
-1.590348128524098070e-01,-9.106727608952451536e-02,1.434347383535980180e-01,2.902194114296067218e-01,2.602560525860890817e-01,1.531499589501062464e-01,9.282189614666200295e-02,7.056981431371170399e-02,-9.239374867562988314e-03,2.165441043848938957e-02,-6.991271959036687161e-03,-1.512363157597336645e-02,6.642293090182015136e-02,1.199321000467434978e-01,1.292220961962234349e-01,2.033979155517384452e-01,9.708055488755383544e-02,2.348474793622679913e-01,6.486393471272740296e-02,-2.506948577073331852e-01,-2.069950927091918635e-01,6.808832071197788716e-02,1.516421358018822385e-01,1.689286720553423438e-01,-1.740571245187837873e-02,9.139438580269000634e-02,1.007135562373660115e-01,-1.248098757713432400e-01,-2.625293925602436573e-01,-1.713757691385712351e-02,1.353584662880489564e-01,1.455693492802663247e-01,-6.683685110492704196e-02,-2.370008364720857172e-02,1.005279959993918837e-01,1.037620203226330279e-01,-7.595370107142317140e-02,-7.716071798537234294e-02,7.846324557131272026e-02,1.595555595976926588e-01,-1.000986647803197016e-01,-6.479903539206989527e-02,5.402253380971437646e-02,1.569951283678591158e-01,8.366887604422697244e-02,-7.426215755627013637e-02,3.556577272104679416e-02,1.528585372950072019e-01,-1.279522338459013753e-01,-7.591929495847210552e-02,-2.472202973202667145e-02,8.743793308567135436e-02,9.769684871763384404e-02,1.161567451884993815e-02,7.653749319962115452e-03,9.431187493165894831e-02,-2.115231891205348602e-01,-1.857983915603130254e-01,-1.575819391760680255e-01,-5.397905337143667909e-02,2.467185351566348120e-02,1.652811717146270357e-02,-1.400786258780680783e-02,9.961097564717830144e-03
-1.474303608245055783e-02,2.328341431109171369e-02,-7.228658046859103015e-02,-1.489528475910124883e-01,-1.399344354077162456e-01,5.326208560978152456e-02,3.353514709832321472e-01,5.483418688932454321e-01,-1.089884709155577135e-02,2.807486653150666547e-02,-1.148647106978111787e-01,-1.533452758909291391e-01,-1.049189142178093698e-01,1.314773463741230643e-02,1.255007863664316936e-01,2.124550432294858848e-01,-8.822718370924358122e-02,-9.775787239375233195e-02,-1.651400794282457951e-01,-1.443386097208328445e-01,-1.204251146905961078e-01,-3.630793353454196681e-02,-6.581322225080188382e-02,-1.030946064155681824e-01,-2.140468599608927325e-01,-1.392588499152749015e-01,-8.255382673876109079e-02,-1.074145356603868479e-01,-1.202056407658133041e-01,-5.423399395623136610e-02,-3.340874515659914695e-02,-7.553567052874232690e-02,-2.424568971059040678e-01,-1.026351711298474217e-01,-7.218854328202552184e-02,-2.176841763928184098e-02,3.446230736626738206e-02,-1.236162580772082187e-02,3.886592696757116411e-02,4.358070738380582371e-02,-1.105138349449848456e-01,-1.096406836552593078e-01,-4.902950212011229075e-02,2.841457665038239766e-02,7.091689271368910308e-02,7.420078619610372128e-02,3.742835023228618940e-02,-1.755683074515217200e-03,2.866438473134536730e-02,-8.023924384285854861e-02,-9.279097986572967804e-02,-2.579988186897775801e-02,2.325750675321202818e-02,2.495444586897915817e-02,-4.715997342569392542e-02,-8.644926178539268091e-02,1.572779264903722274e-01,-2.296348441921298653e-02,-1.220366295763646025e-01,-1.084143833744068419e-01,-7.031223714116981161e-02,-3.075406181811487366e-02,-8.534772029674668470e-02,-1.047157087541601278e-01
6.223108133334424169e-02,-5.796757562000459663e-02,-7.239172057092131685e-02,-7.662063344424565464e-04,8.243746409655912377e-02,8.133332390262131006e-02,1.406763879756223364e-02,-1.422144350101278154e-01,2.498199725736594684e-02,-1.232186105750924104e-01,-1.937335473093114713e-01,-8.316964024037318270e-02,-5.045497854145463042e-03,3.573336733858974157e-02,-7.939972726679403459e-02,-1.800350454918769882e-01,3.906618464037651256e-02,-9.053629103232201103e-02,-1.835503184555264400e-01,-1.026372717638830145e-01,-8.775658647625476927e-02,-5.368550484953909380e-02,-1.110110166833650908e-01,-2.240347609236654769e-01,1.166361875199191239e-01,5.295341332629888847e-02,-1.124677320048970627e-02,-1.108661594581278748e-01,3.392566208770009945e-02,8.141784397646728566e-02,-1.139606981535100927e-01,-8.504061174794137756e-02,8.155961359683462641e-02,1.520261823077293517e-01,6.114632524417987908e-02,2.012414587271004612e-02,2.340604269210698474e-01,1.493297757511754809e-01,-4.455960954155081116e-02,-1.916496195037451986e-02,3.515994383037707866e-02,7.439561622990831236e-02,5.559232550558975555e-02,2.608080564485893427e-01,2.200057970167279275e-01,4.114429372902294289e-03,-7.332597129338930264e-02,1.900833832610701948e-02,-5.261497008383062696e-02,5.213587502998302120e-02,1.765660239161898348e-01,3.160731620166972733e-01,1.875487636953660775e-01,-1.340167043484781217e-01,-1.587822840404257974e-01,8.893924199350155407e-03,-5.722969552200866256e-02,9.630145422579974857e-02,1.282803007559460418e-01,2.200197229936978194e-01,4.833139274273347274e-02,-2.577208888912495555e-01,-2.439233556518467239e-01,-5.917968292502296529e-02
-9.750125639991665677e-03,-1.599988125933509142e-01,-2.155147818694659878e-01,-2.700429776013741900e-01,-2.572717732339936392e-01,-1.241155296732150554e-01,-5.080519027703956497e-02,-3.097834539525734163e-02,1.745314793312775434e-02,-6.401003952095127292e-02,-4.462344581852055458e-02,-7.988069352256553513e-02,-1.145772312603650089e-01,-4.601146744313397430e-02,-2.676229696518034676e-02,-7.887168724231740508e-03,4.949945383008890615e-02,3.387182073201810972e-02,5.580120181962325288e-02,1.079555194148433712e-02,-8.296165499129116994e-02,-6.241147427141177650e-02,-1.430988125138337175e-01,-2.066768404277868065e-01,1.386947058705770841e-01,7.726769933180049899e-02,1.656192297985158157e-02,-1.270723239635240254e-01,-2.182103013207455644e-01,-1.996755311401596789e-01,-2.289787031568245590e-01,-2.645972419322231151e-01,1.134332002183098403e-01,3.904400498714094558e-02,1.101455057381791128e-02,-1.386420929159934423e-01,-2.124131240362464035e-01,-5.173209104722806262e-02,5.534966726095093270e-02,2.528341174789075149e-02,2.972338761464887388e-02,-2.646973749651757718e-03,7.463985215113384808e-02,1.183144865267163476e-01,1.119992095995626102e-01,2.260626910254462385e-01,2.886779935399922947e-01,1.675256568775240484e-01,6.500605062199071860e-02,7.064951256992478557e-02,7.722472418708004049e-02,8.022918569359147045e-02,7.280937096232029115e-02,8.413832044064990801e-02,4.757731532517482653e-02,-5.626297875912413676e-02,1.160808919440518144e-01,9.772238579235519029e-02,4.031569401129303509e-02,-8.055913343947723737e-02,-7.084148621761501841e-02,-4.174087420110468571e-02,-1.211215105907419154e-01,-1.894983829592790381e-01
-2.571400235430937320e-01,-2.459791551518307196e-01,-1.832563144673996225e-01,-7.873909666335833502e-02,5.006126089621261432e-02,1.475172402721650622e-01,1.527311414366021025e-01,1.532914733966758147e-01,-2.403450547748182120e-01,-2.289205982040811993e-01,-1.753440750002197290e-01,-6.767157165258798346e-02,9.633103235297686695e-02,1.388556620697613264e-01,1.349255783700715194e-01,1.365274159201932125e-01,-2.022146638212356240e-01,-1.816324504937329443e-01,-1.457811919764523678e-01,-1.571779248625109968e-02,1.202426187730558232e-01,1.071346938140623900e-01,1.082857699496219406e-01,1.093938635920775476e-01,-1.678648441254124712e-01,-1.311636879427906521e-01,-8.713720716943201827e-02,1.068242526161095052e-02,8.218983089083090054e-02,8.078889724167669095e-02,6.551181983162962519e-02,7.143735451132506020e-02,-1.532017286889786056e-01,-1.046746650394041050e-01,-3.916924809913096411e-02,1.225528928458766154e-02,3.026978780721977999e-02,3.790213358649099223e-02,2.551838263039051674e-02,3.291891468244221436e-02,-1.651128365383101593e-01,-1.328863942380778262e-01,-6.363855808063297037e-02,-2.585494379983959909e-02,-2.680868755955540667e-02,-2.952124628438275791e-02,-2.695370862534337067e-02,-5.351407855225451086e-03,-1.903104015414122385e-01,-1.715200590364913680e-01,-1.253371983590730043e-01,-8.624465202912771911e-02,-7.617634580748894324e-02,-7.609136937533042544e-02,-7.619055150262216136e-02,-4.862058390740120473e-02,-1.828415158059619738e-01,-1.833935608400037720e-01,-1.619292031806645882e-01,-1.124831583170780441e-01,-7.044063308482138852e-02,-6.371778068183167609e-02,-9.129717583413832216e-02,-8.243743846149316490e-02
1.932022009302272192e-01,1.936764172635656867e-01,7.285720158011052550e-02,-2.410063676428279150e-02,-3.908205830335626310e-03,-3.537667820950254199e-02,5.625590308905116521e-02,1.741560210156478661e-02,1.002534122221198504e-01,1.099311198778843979e-01,-2.637996811696079191e-02,-3.646695377195216525e-02,-7.834637889736437155e-02,-9.852844194828294655e-02,-6.509549785041214565e-02,-6.022192770948902804e-03,9.532647061061922875e-03,-3.391703728610267338e-02,-8.169696852317537283e-02,-7.111358092719435864e-02,-1.536184994183948382e-01,-2.623085628726396501e-01,-6.306271386891929009e-02,2.802263250403105865e-02,1.695767657388679711e-02,5.728305583167114801e-02,-3.654795605902400046e-02,-1.028081054306050207e-01,-2.049659059000399630e-01,-2.183719371905842033e-01,-9.266996330942657567e-02,4.368730811578178802e-02,1.740634609068610755e-02,9.887381900425226688e-02,3.379412266309667762e-02,-3.879271375522169718e-02,-1.384591684401866030e-01,-2.299537395723728894e-01,-1.846174776239534188e-01,-9.525187652485178624e-02,-6.941231805080881612e-02,8.454876458532020744e-02,9.721038002741494433e-02,6.080596720458086857e-02,-3.498111694688298134e-02,-2.088541406804677869e-01,-3.003767738968305401e-01,-1.533466636400107330e-01,-1.309284479777245436e-01,1.235538298016607313e-02,1.356021949090105705e-01,1.001080200235284628e-01,-1.697516375230835248e-02,-1.698467408249310917e-01,-2.821815048133001769e-01,-1.841361676934463454e-01,-1.051557712569200775e-01,2.990665855941279996e-02,7.202278113139005955e-02,1.136856946857899842e-01,6.498359056510288889e-02,-1.548474780573699805e-01,-2.373505326734665077e-01,-1.727612096154818866e-01
1.194707125358011462e-01,7.816807101931866342e-02,1.853322221697421487e-02,-9.190578548858239702e-03,-6.813399232175901266e-02,-1.633939148497270677e-01,-1.412981439408076689e-01,-1.204790880520964363e-01,-4.483774728015983008e-02,-1.577445687075184136e-02,4.923139066671137348e-03,-1.991545924478245119e-02,-4.688121469979094659e-03,-3.876392296048006194e-03,1.449399694110620369e-02,-1.589025672752152410e-02,-2.268143908756225235e-01,-2.163589779977431182e-01,-1.701146815789089939e-01,-1.405375283966559807e-01,-8.342540071709678151e-02,2.220168460705715038e-02,8.422511871728419197e-02,-9.346258920102346393e-03,-2.846927444999658996e-01,-2.962705756107014698e-01,-2.682793355112253475e-01,-2.435889027414598063e-01,-2.248142778550095144e-01,-1.906280057626220381e-01,-1.916297148265186934e-01,-2.062977325129315698e-01,-1.192628891104296901e-01,-6.747332122233412610e-02,-2.562756756458998281e-02,-6.841118939727040826e-02,-1.057935362231655629e-01,-1.410732545956001338e-01,-2.029624331021137318e-01,-2.216145769236555485e-01,1.631591534661436804e-01,1.712545260628730581e-01,1.637751590109803590e-01,1.040111678660326916e-01,5.684164915135934276e-02,2.370663755293460004e-02,-1.314938310267112394e-02,-6.101060445414702160e-02,5.841463342156918981e-02,6.151069494504565749e-02,5.589985387098461711e-02,2.296908562944123544e-02,3.822297340859816175e-03,8.068862359069641638e-03,3.176008054277978249e-02,1.794782085607669886e-02,-7.807233332266104442e-02,-9.308949570487569380e-02,-4.590215831827354487e-02,-2.894701612040365482e-02,-6.517494799805208239e-02,-2.912020923977785836e-02,6.372918460537183895e-03,2.048168375719943909e-02
-2.053292333305191120e-01,-9.318999939762148688e-02,8.136937846152295095e-02,9.283649777498506617e-02,2.804592578796490099e-02,4.037562434785377241e-02,4.335230735008402045e-03,-5.854208535686616921e-02,-9.220654866882425915e-02,3.420403912384226836e-02,1.743792430342724631e-01,1.496391875664594417e-01,6.582427013731588505e-02,7.522078658119214778e-02,1.230614170463857800e-02,-9.974033876347154770e-02,3.480060823147097110e-02,3.399019679077672218e-02,1.412573120646609670e-01,8.068857488032295244e-02,2.954595194547141035e-02,7.616347537121184730e-02,-1.238453234270242044e-02,-1.523978569291255525e-01,-3.431573752493095875e-02,-1.108094541395471117e-01,-3.244852140110884853e-02,-3.787183429544703495e-02,-3.996253379525659122e-02,3.481729630642074053e-02,-2.111482531263461290e-02,-1.642919673318681550e-01,-3.808204617564962119e-02,-1.468328528114913323e-01,-1.483591868533480906e-01,-1.277356880442007125e-01,-6.672080304412249252e-02,-4.676545787255687557e-03,6.048803462810710928e-03,-1.525363150174318949e-01,4.390619697967344109e-02,-1.294754827474481340e-01,-1.175731788774774661e-01,-5.434230445163909518e-02,-3.241986592220102471e-03,1.585221695784450741e-02,-9.362654200879751143e-02,-3.345487707602166627e-01,-1.523904461520258873e-02,-1.145505510188911114e-01,-8.148469191994679034e-03,8.275072867974170299e-02,2.693925627211241178e-04,-1.440781804806793576e-01,-2.518908982385648643e-01,-1.392260908343150583e-01,-5.418580813960034714e-02,-1.153904322743216776e-01,-5.933244504632806393e-02,-2.178067434755732307e-02,-1.581399091115214817e-01,-2.155859135331830989e-01,5.920436189462745941e-02,5.251550782476479551e-01
1.038034841290765148e-01,9.799785888222535546e-02,6.241068830388498551e-02,1.126681801363581432e-02,5.199870728191682834e-02,3.061234426572674860e-01,2.650566032629010360e-01,-2.721020317248222797e-01,4.599261682140938501e-02,5.682255742227610568e-02,4.362041754932625970e-02,-2.092025434965563094e-03,1.795073162588921301e-02,2.564904283699813159e-01,2.507974854027817946e-01,-2.354367731398030461e-01,1.266338070439240564e-02,2.718742572795448606e-02,3.059707817825010542e-02,2.679129555591961212e-02,8.009098007487402276e-03,1.427326194530876280e-01,2.500526871188144540e-01,-1.863890511617143086e-01,-1.378182694170367734e-02,-6.663808901598346776e-04,3.052099630548985379e-02,5.483151443723693202e-02,1.611819674082347678e-02,8.258219844789330133e-02,1.985305776101857766e-01,-2.087870217875778533e-01,-5.454695116997804877e-02,-3.599614714833394152e-02,2.545203862979038625e-02,7.708970077564583634e-02,3.378029506964182194e-02,2.081375531623722713e-02,1.215999753242278936e-01,-2.497202364683084042e-01,-6.602004376163821131e-02,-4.209872580174332107e-02,5.627824537325620130e-02,1.397157895771730107e-01,6.092305071989066734e-02,-1.805451471937302840e-03,9.015360774231438723e-02,-2.517610363622984626e-01,-6.675725045548916436e-02,-2.082510270703741284e-02,7.178420367496630983e-02,1.402103412183598186e-01,3.284720467754900786e-02,-1.934721173499413110e-02,9.126002943536704048e-02,-2.058127098137129130e-01,-2.546102670419834318e-02,3.018224972141888771e-02,5.887637793309295070e-02,1.278256203234007793e-01,3.951002176095933655e-02,-4.604151227381747882e-03,1.017378786476672015e-01,-1.412747309756969549e-01
-7.321531306413267548e-02,-9.845156965499277102e-02,-2.005989325929866118e-01,-1.622829899310394286e-01,-1.238220576875952994e-01,-1.119945900263921434e-01,-4.341344074911206857e-02,1.884616880774259429e-01,-1.521806552003117374e-01,-2.201317152808779376e-01,-2.953951563028803240e-01,-2.057685229251570713e-01,-1.079428616890961562e-01,-1.356466256674708493e-01,-5.251951686639250855e-02,2.188779333916816838e-01,-1.409852140652535779e-01,-2.217590619243805794e-01,-2.680128945532351814e-01,-1.258519379071307009e-01,1.628698927296799021e-02,-4.803902189562177932e-02,3.206072439840799287e-02,2.677447537263799027e-01,-1.791789400014676403e-01,-1.795929383893308529e-01,-1.312995159942417223e-01,-4.136928591827377516e-02,5.530274542010772676e-02,-9.973530399036020788e-03,3.607401931344475510e-02,1.588758560855302038e-01,-1.441034915171513220e-01,-6.890238619571539824e-02,-1.181602249872009194e-02,-5.549610248745549812e-02,-4.932036920543416553e-03,-1.618646675287442258e-02,-3.246292445821320066e-02,9.138697565625743258e-02,-1.111154080917789444e-01,-1.359803248141840636e-02,-9.828547581834216201e-03,-5.608351262590300507e-02,-9.076039294742734020e-02,-9.044179404735215588e-02,-7.106644177275149576e-02,3.815115098197185972e-02,-1.311100045875217557e-01,-7.575554261166597692e-02,-3.016242958644126809e-02,-1.159088509337427852e-01,-1.235772858332848112e-01,-2.202749461149305921e-02,2.662602018710450227e-02,8.175569751353056747e-02,-1.681439485065395756e-01,-8.273704739988971268e-02,-9.218528766280979780e-03,-3.022317969468812579e-02,4.151723991283310516e-02,1.144426959126728927e-01,1.176111213853940352e-01,1.543531473499056006e-01
6.499229903493977667e-02,-5.167825057383358504e-03,-1.439847244719252295e-01,-2.315395367947011007e-01,-7.412043173627445858e-02,7.885347022858774091e-02,1.111866997967256715e-01,1.448057818967441734e-01,2.534940260611753468e-02,2.656450508139448705e-02,-6.710160946385886060e-02,-2.462137818596630001e-01,-2.566588659265355288e-01,-8.020174259033764630e-02,8.789693919958230239e-02,1.873227559493616523e-01,-7.921229303937366711e-03,2.780200990109620365e-02,1.203698523016864634e-02,-7.491775500874084392e-02,-2.340608269188094448e-01,-1.576668984971817122e-01,1.269274010010657261e-01,3.123998715459674891e-01,-1.930169329296857472e-02,-6.763271712493458716e-03,4.155865918138764575e-03,-9.643959208189349999e-03,-4.394568955537338228e-02,-1.635890097304003588e-01,-2.291580001274979780e-02,2.344112891508148000e-01,4.803087894094067861e-02,5.578892736962080996e-03,-7.218208475658800805e-03,3.794921072971094156e-02,5.209552354505434663e-02,-9.731866322169663297e-02,-1.592169674863525008e-01,7.485225852176769119e-03,9.139489513086992978e-02,4.162203231042017892e-02,-1.565248304778113497e-02,3.515242132798263724e-02,1.065511567697346867e-01,5.033030746701772778e-02,-1.552927296529845735e-01,-2.190230404905342265e-01,1.162326977792267207e-01,6.073987842799830061e-02,7.603317150569748354e-04,-1.674013765761861103e-02,1.260798754584259995e-01,1.795892945056820067e-01,-7.887289476112635533e-02,-3.053656438862404343e-01,1.381078036705712941e-01,5.795006397831540396e-02,-3.175313567656829622e-02,-4.706026483598179516e-02,4.648514342071995153e-02,1.530078194805389036e-01,3.508912409060675752e-02,-2.315551954242136834e-01
1.449675425746092816e-01,6.121476097751578360e-02,-1.830167824553005085e-01,-2.399127249915858073e-01,-1.209054124944555081e-01,-1.040276008239444071e-02,-3.033618555258454704e-05,-6.777379550864076618e-02,1.605469012099917936e-01,1.291674153151017856e-01,-1.191144464663731195e-01,-2.941776672388812797e-01,-1.769427045287017830e-01,-2.433962369551458463e-02,-1.977623833412923277e-02,-7.483198127987900072e-02,1.485219576849436673e-01,1.573272529628343408e-01,3.192023900440030260e-02,-2.391420639337431264e-01,-2.193587088373567251e-01,-2.740380581644203534e-02,-3.648106088125047542e-03,-1.721800247261224062e-02,7.997537460836907919e-02,1.409450711788273192e-01,1.473668737287626707e-01,-8.446245592372282618e-02,-1.961307058192308383e-01,-3.756913391184892037e-02,6.135803365086778260e-02,3.567864272572640605e-02,1.794236017407728478e-02,9.140549186452213981e-02,1.848386403419245982e-01,5.571490143170303860e-02,-1.761508987738392429e-01,-1.078690344561456793e-01,6.414808712300101856e-02,4.967941534616612809e-02,4.224847875936701969e-03,8.221264981691672746e-02,2.054754892493513285e-01,1.602529917954415850e-01,-8.726042484720035464e-02,-1.653271306844862065e-01,1.446775630372975144e-02,6.481970997233649223e-02,-6.776531444483449747e-03,5.369753553457222439e-02,1.828422055835181859e-01,1.696668537600476145e-01,-1.203572959127115725e-02,-1.791036827638591844e-01,-9.689705857484313956e-02,1.071397557085815994e-02,-4.030381996977345366e-02,3.705094341266136626e-02,1.356156800867872048e-01,1.332776383276330356e-01,7.064405523396525936e-03,-1.621488125381543854e-01,-1.901395336626524046e-01,-1.086545077519315283e-01
8.178209157873714275e-02,2.279159905525385832e-01,8.112166522254674050e-02,-6.478703310811161076e-02,-1.451916180602825512e-01,-1.508638948394752655e-01,-8.818403761345888769e-02,-9.957207060132268472e-02,-4.955046797036024436e-02,2.966971319671961663e-02,3.293508542602217870e-02,-2.638302816501440426e-02,-1.533328799016871746e-01,-1.934684872068479500e-01,-1.944987779867062561e-01,-1.459665150512274578e-01,-4.379028138479480574e-03,-8.782950062297731342e-02,-1.275531683023632956e-01,-8.899600826279427390e-02,-1.106917696850662491e-01,-1.156585082253472757e-01,-8.810232037192432253e-02,2.845841180112188007e-02,1.180229721330924852e-01,1.454087418972087598e-01,2.037059970389868899e-02,-1.833097679017547665e-01,-2.173034077652646889e-01,-5.389119100860613465e-02,1.656695098758206863e-01,3.388367554216340505e-01,1.132263515763727302e-01,1.165572897715998479e-01,1.232111093841432026e-01,-1.132782924542441103e-02,-2.646875672849891559e-01,-2.307281494396466459e-01,6.643301048676024390e-02,2.839046209874798166e-01,6.868071301543965390e-02,1.128145148480402989e-02,1.312484572663996348e-03,3.645649856321012822e-02,3.322722246977076466e-02,-5.249596249551150701e-02,-1.173727708578975737e-01,4.660226453678038665e-03,4.305732513355341878e-02,-2.059458480100064340e-02,-5.016702961245177173e-02,-1.844157422265927174e-02,1.177088296956528557e-01,1.997279040608163359e-01,6.834512911453988204e-02,-1.264023336253730923e-01,2.376175927432010518e-02,-3.809837176489615923e-02,-3.355653045308790161e-02,2.392658885804271537e-02,4.035615967000698301e-02,1.241529721925377083e-01,2.051749606298108042e-01,-4.849466098615234227e-03
3.074263529489059121e-01,1.362288411947119304e-01,7.961834631055144870e-03,-1.747381889083599732e-02,-6.845711843311838574e-02,-2.829350009829016965e-01,-1.637163971449180355e-01,3.495188546718664552e-02,1.819653787439053649e-01,4.249287063268082643e-02,-5.901484765789705156e-02,1.007368846770844220e-02,-7.086091260988430784e-02,-2.963745474754542752e-01,-1.665692497279335216e-01,8.182894593129710903e-02,8.153287982452084304e-02,-2.310109050935971534e-02,-6.041534035462004654e-02,2.342246008582583167e-02,-6.644536172434796495e-02,-2.538004831057621424e-01,-8.762647748811505655e-02,1.435085749184832893e-01,2.853186246822505753e-02,-3.483074768411426048e-02,-8.761753151314247146e-02,-8.250981673684745776e-02,-7.556611615804192938e-02,-1.740988548553936976e-01,-7.198426798611914923e-02,2.032055588633595034e-01,-4.656636015599010386e-02,-1.431525965230334360e-02,-8.100639158749219082e-02,-4.851508215167329996e-02,-1.701727222681373441e-02,-1.674193949314098373e-01,-4.597481510218632411e-02,2.374017916879249124e-01,-9.057933981159806136e-02,5.657492082038705766e-03,-4.797934425728225816e-02,-6.551967331101575531e-02,-9.122182243973213367e-02,-2.026275128216830923e-01,-1.466804352640676268e-01,6.647370428120001618e-02,-1.059530796364243493e-01,1.420249991364598389e-02,3.532604963455512198e-02,1.715719308518551256e-02,2.666288400441876438e-03,-1.919176442297312324e-01,-2.158640577586792564e-01,-1.133426906709349979e-01,-1.320951982725510343e-01,-2.229286024713436620e-02,-3.801839747526143676e-02,2.896637454822561727e-02,7.564423690631054409e-02,-1.564494922989063119e-01,-1.727191444961030109e-01,-1.508880383657458524e-01
-2.002120343532184932e-01,-1.595633496275187246e-01,-1.375626108926873981e-01,-4.068800176031566601e-02,4.104599213063990504e-02,2.306968515610402504e-02,-3.214493709565491297e-02,-1.855372800508374997e-01,-1.369911685097592313e-01,-5.173548021689591131e-02,-6.016434230640943515e-02,1.658872451286935159e-03,3.825674611317268076e-02,4.739869183831153798e-02,-1.151132626683324250e-01,-2.035734831133914624e-01,-1.883253173822818649e-01,-8.254005832640942675e-02,-6.256648836188510865e-02,-9.349342373083587010e-02,-6.298564796617699135e-02,-7.388009039890068574e-02,-1.133123054209533992e-01,-1.648851551788166614e-01,-1.656343687964752787e-01,-5.301233743755833644e-02,-5.657756767709265500e-02,-8.332792137304365077e-02,-1.337633053618628443e-01,-1.106039896565044200e-01,-7.196932781960357906e-02,-6.799596059325724307e-02,6.191441078955803312e-02,7.572580249659031926e-02,-6.110906793785510216e-02,-1.411289931213011439e-01,-1.795252480315684129e-01,-1.069209231460287873e-01,-5.197425913179008761e-02,-8.302398847141399807e-02,1.550111039168134697e-01,2.436252110341632360e-01,-3.576375639941602180e-02,-2.260050868072173424e-01,-1.026152001205363762e-01,-5.558220802883690305e-04,6.879097657229747004e-03,6.175728495649761805e-03,-9.156716620418485497e-02,1.973663506141042912e-01,1.609846900560695515e-01,-1.546670808828697619e-01,-1.435433534753159934e-01,3.871588512534749477e-02,3.288249180470917410e-02,2.593492183369656978e-02,-3.710118926282682250e-01,4.463261386851045259e-02,2.823941440308611051e-01,9.743924780552618015e-02,-1.352998293679544828e-01,-7.386622503624952485e-02,-3.867404516161172812e-02,4.746703175629099491e-03
1.046410109467431071e-01,1.127092258130685393e-01,7.429412682369164467e-02,4.191682071439960938e-02,2.103234140569171795e-01,3.115734028831501634e-01,2.218184121983560741e-01,1.215130371797901176e-01,-4.321249990774305577e-03,5.163798512947637837e-02,1.668909915856261333e-02,1.322716961612038430e-02,1.446499286392755323e-01,1.243333960751302619e-01,-1.135715083531250134e-02,-2.846432535931105526e-02,-8.975609709606220676e-02,-7.309159809600726532e-02,-5.930062453794823080e-02,1.743584173759676198e-03,3.416690062993325144e-02,-1.072153969250876082e-01,-1.873372028217494267e-01,-1.377317408432815471e-01,-1.067109078586019194e-01,-1.271013739161326317e-01,-7.280287838118389143e-02,3.537025879897225805e-02,-4.562752763140023177e-02,-1.815497227872417130e-01,-1.803950781373556134e-01,-9.472908274078785384e-02,-1.145709471794567197e-01,-9.476020746123507699e-02,-3.914985261127166410e-02,5.032493345788238703e-02,-3.531991141691951525e-02,-2.228129443210603300e-01,-1.891248090932742820e-01,-7.318520005484809021e-02,-1.016129901135246344e-01,-6.255654849497842285e-02,3.169699699918102770e-02,1.015524308787217611e-01,-3.027174040036685262e-02,-2.450347276785955208e-01,-2.307534433354029857e-01,-1.026606392248449046e-01,-7.938638561057971554e-02,-6.240112712385550639e-03,9.272249723676130595e-02,1.553662186102372222e-01,1.530916992209736642e-02,-1.842110700525750877e-01,-1.760690822332444117e-01,-1.283724034870188102e-01,-4.032617312926263520e-02,9.057289530545638290e-02,2.014546056224754411e-01,2.058398374494680716e-01,8.385591054562023527e-02,-1.028416336982915097e-01,-1.280463415113023695e-01,-1.141379504596196359e-01
1.237175340418913555e-01,7.609549931940751133e-02,-3.038026600494296917e-02,-1.111515012033590655e-01,-1.279216563275438479e-01,-2.983169865845139435e-02,4.168817901485596944e-02,5.923287985913011124e-03,4.953046918728248177e-02,9.105640654380998955e-02,2.969249739281835249e-02,-1.329626428931313109e-01,-2.137238552297600069e-01,-1.115099864231643839e-01,-6.520947123345170737e-02,-6.190352182819262861e-02,-6.421549069493869000e-02,-5.418678887192426852e-03,3.519338251946302343e-02,-4.916807750157674295e-02,-2.252852270081291131e-01,-2.212331167155917044e-01,-1.151367455139847423e-01,-1.099317833383609277e-01,-1.339090967028277457e-01,-9.015139120155514496e-02,8.162618408917854396e-03,6.446221006677280152e-02,-1.341854946742379040e-01,-2.278671071777835233e-01,-1.531911909052743881e-01,-1.138475586328826228e-01,-1.315578733607653539e-01,-1.098710351362042342e-01,-5.778256498907202721e-03,9.866573358863264809e-02,-4.485629299595183389e-02,-1.917101773173345014e-01,-1.860345185200925622e-01,-1.577229072562007783e-01,-1.607900517464883605e-01,-1.307444134236304401e-01,-3.009356487719891740e-03,1.726372728595975126e-01,1.304461952877230269e-01,-9.283745070060209215e-02,-1.811710255237444500e-01,-1.291800382456373408e-01,-1.802120530556155231e-01,-1.463244996608334125e-01,8.387627443309383923e-03,1.844913648872592293e-01,1.596433798087506795e-01,-4.493387641854229564e-02,-1.601234037411076172e-01,-1.520136630571077008e-01,-2.001407234972517046e-01,-1.314286520457572105e-01,-1.988431423226840605e-02,1.253794742991695688e-01,9.869009240062530386e-02,-5.154532495760379834e-02,-1.292776116082262339e-01,-1.717696696991564964e-01
1.663815384637680819e-02,5.677293922524202091e-02,3.805151131376208196e-02,-5.451436960970353768e-02,-1.015246150391974495e-01,-2.339987216652717871e-03,1.567738742353602943e-01,1.211198453533071304e-02,4.625222916483677504e-02,1.025117216915593238e-01,5.830234440260305406e-02,-4.320589205486462941e-02,-1.434340431366996627e-01,5.832396894864446540e-03,1.085444613853596973e-01,-1.152290035004940594e-01,8.932696707558127058e-02,9.395345202519392314e-02,3.744583012009822937e-02,-8.761655757938950628e-02,-1.572711806568255211e-01,5.003315509614111693e-03,-4.294842583758878840e-02,-2.361926834576994205e-01,9.799330584391235943e-02,5.916313060109405775e-02,-8.133159690481369178e-03,-1.592294511112926914e-01,-1.339318997854979099e-01,-7.349871767112890579e-03,-1.801325383727300500e-01,-2.977947472706422016e-01,4.280539842346033075e-02,-1.427674826619374296e-02,-9.983556965065437661e-02,-1.995324848709131016e-01,-7.441294655357817700e-02,-8.018099128470443371e-02,-2.390937012074007828e-01,-3.043829527116850842e-01,-6.201102263209489797e-03,-6.257681861133002066e-02,-1.545143771851753556e-01,-1.598716541886133491e-01,-6.596231092135748653e-02,-1.625314441727536419e-01,-2.179631816242682263e-01,-2.494432914626335263e-01,1.821117186435446816e-02,-5.162179787924678354e-02,-9.756116269666706420e-02,-4.014511026404418703e-02,-6.268757680523812104e-02,-1.432619918900250866e-01,-1.610311460923037896e-01,-2.115466324973500067e-01,-1.235768001242487472e-02,-8.952958422659569593e-02,-4.553965872639699486e-02,3.076609260365727530e-02,-5.324675649998928534e-02,-1.181044552311823898e-01,-1.436838300413433023e-01,-2.053726989497235145e-01
-1.152566285421734171e-01,-1.050536106927501684e-01,-1.311524247029684787e-01,-5.081984675168301629e-02,4.098052043723952181e-02,7.989326912597858113e-03,-1.623648099210804260e-02,2.511269704774761122e-02,-8.202743454776700860e-02,-5.353679796167140625e-02,-1.005643611451339375e-02,5.978800102677932909e-02,1.213893055421421535e-02,-1.294754572784702074e-01,-1.345051967830339090e-01,-3.232706252932959767e-02,6.639391392906879297e-02,1.778145492524558779e-01,2.063102032982071787e-01,1.097527365772753422e-01,-7.917474125086081116e-02,-2.881071336533999605e-01,-2.496339335759835965e-01,5.999385054418662593e-03,2.491456088963741600e-01,3.219962284685112808e-01,1.481593403444466939e-01,-1.210249125932227540e-02,-1.721165434408954142e-01,-2.785171021914554235e-01,-1.753810738183390339e-01,8.741802115557546771e-02,2.647808852085649090e-01,2.201738942240674124e-01,-8.104270343714973374e-03,-1.735398250705169065e-01,-1.365725689888541983e-01,-8.386919255766865644e-02,-6.546395755878496939e-03,1.280372206963766302e-01,1.817067963220293791e-02,2.951429987826667892e-02,2.315121872315545684e-02,-2.967919855924679856e-02,8.067676874675781817e-02,1.022389266004603003e-01,1.164123714526115322e-01,9.754998431567321604e-02,-2.033333118954335494e-01,-1.259986575324048910e-02,5.747378071887822987e-02,1.008632463467984963e-01,1.029919710098503305e-01,7.280722365067565649e-02,4.208584024781854283e-02,4.206732270383965050e-02,-4.555897403933265033e-02,1.256007647361250153e-02,-6.120133840759747236e-03,-5.091669322380668050e-02,-2.818891335021097427e-02,-7.073419794554064444e-02,-7.740345109462841433e-02,-6.007669845970357164e-02
2.185929979674501589e-01,2.329711835013692778e-01,1.903763097160570683e-01,1.856620356956063256e-01,1.631350517754681373e-01,1.160251836883168935e-01,1.566984583512902873e-01,1.240287482798041324e-01,2.520247325507067870e-01,2.351887192647236224e-01,1.501864760383209429e-01,1.412201852079451314e-01,8.155906074311793097e-02,3.688707263221531474e-02,9.355262381564087570e-02,1.415150697346300168e-01,2.481922013819430617e-02,-3.246755439794957870e-02,-1.996910104419180945e-02,5.476791936423397456e-02,2.766331052516987285e-02,5.792496119896804740e-02,1.388977598847200290e-01,1.956403920695852505e-01,-1.859723646318618417e-01,-1.974069683288428578e-01,-7.569070957150346446e-02,5.538985392615512066e-02,7.543573733251775215e-02,1.181103078072966578e-01,1.610287057911822250e-01,1.482730790457741088e-01,-1.146422644386098644e-01,-7.819617601825809561e-02,7.524591634917286720e-02,9.782566601018091723e-02,6.117104188468058812e-02,5.689422123785676383e-02,1.695072925154098020e-02,-1.515351046914922319e-02,-5.288754495860653430e-03,6.225344981491876678e-02,1.778387249894519406e-01,1.632275776408671220e-01,8.164691470659321548e-02,4.270651322722357479e-02,-1.430351335330921729e-03,1.341323582341113520e-02,1.248466902868464526e-02,6.124781619510098057e-02,1.596436179123073562e-01,1.798205308215360121e-01,1.145588908728892436e-01,7.846090958614219957e-02,6.926300791624608044e-02,8.787002660825130040e-02,6.472819579809292734e-02,1.036598804620574993e-01,1.604146680395680813e-01,1.617780955746880578e-01,1.255028029346856311e-01,1.461020966753495132e-01,1.216661024583543804e-01,8.563442846164280586e-02
-8.104189384922730333e-02,-1.101988003972199648e-01,-9.307591361132371011e-02,-1.183041369926130480e-02,6.998748309759364461e-02,1.388206669804115390e-01,1.513913740694058374e-01,1.494847563724878148e-01,-8.095737648217554705e-02,-7.963355821385768862e-02,-9.367041454018229518e-02,-1.538148358594534915e-02,6.334275138017465834e-02,1.145365687997988574e-01,8.493237426191306561e-02,1.005111566660663452e-01,-1.147175247680095878e-01,-5.364763584966263099e-02,-1.281785819841938130e-02,1.247067664495093813e-02,3.933273934401954747e-02,7.837201462172699307e-02,7.719489977023781535e-02,6.901488402834957125e-02,-1.535143384925813370e-01,-1.008998176497960947e-01,-1.175627241531046127e-02,4.839256020877329145e-02,2.922292723911705178e-02,-4.185608156386183033e-03,-5.240770362544411439e-04,2.601591934409956675e-02,-4.113254132287238324e-02,-1.094387070927489714e-01,-1.921033604722816868e-01,-1.322945499676871917e-01,-3.395756208442353430e-02,-5.368863890823257629e-02,-7.847051278879144109e-02,-2.126504216575329786e-02,3.288118166856891095e-02,2.316846545104458976e-02,-1.345343516842860132e-01,-2.993143226392777634e-01,-2.703385357839214187e-01,-1.221558317017202300e-01,-4.264898584897267031e-02,-1.033193840083316759e-02,8.982233626900523737e-02,1.209995025352611497e-01,1.413810897534930056e-01,5.751927763297491614e-02,-2.044867321936369997e-01,-2.850599564728169555e-01,-1.216084001337878751e-01,7.632602614198191488e-04,9.297707557197616712e-02,1.801176019883128920e-01,2.553478054298366495e-01,3.297392271638845962e-01,1.864044490461954640e-01,-1.006822217307578732e-01,-1.992274159545349699e-01,-1.128429370254852987e-01
-1.017125462065280872e-01,-9.603576714040565343e-02,-1.056604819366162157e-01,-1.218741843367016908e-01,-1.330831409161117307e-01,-6.755264667971233594e-02,3.059184258933587280e-02,1.413560394700382750e-01,-1.866609297441286508e-01,-1.512235846443060194e-01,-8.400366468614205162e-02,-4.437497222620135490e-02,-4.365752916605539213e-02,-3.018162205687382332e-02,2.892409450971970830e-02,1.162004101443217530e-01,-2.856083722957251658e-01,-1.833933013527893896e-01,-4.806427880164662603e-02,-3.432327365009312696e-04,-6.676201993346476959e-02,-7.056599309353368821e-02,1.026457305758074479e-02,6.378469762550391386e-02,-2.914339205616018336e-01,-1.240622522249461013e-01,7.891695476967722223e-02,1.162986617603073286e-01,-2.473803706554091389e-02,-9.791460772570959037e-02,-8.169718773153039626e-02,-7.786593156735914685e-03,-2.180638056814467873e-01,-3.469880349419181970e-02,1.654955815961508259e-01,1.692593484041433061e-01,-1.548480594550551495e-02,-1.087643599261587657e-01,-8.550407980701438260e-02,-2.816185306961152546e-02,-2.263245151425657686e-01,-4.019035987180157726e-02,1.940431875398735406e-01,1.703251806408848101e-01,-3.073687160182758324e-02,-8.730501331820150757e-02,1.858364074425409435e-02,1.381638908359357210e-01,-2.024843670736764245e-01,-1.034222659661188232e-01,9.989506195928922472e-02,1.162813850647978903e-01,-5.271913753564873295e-02,-5.584381217996792213e-02,8.888074479147396734e-02,2.626610341904206947e-01,-1.682073590273357733e-01,-8.456328224050699283e-02,3.812601830143888537e-02,9.143188706358529316e-02,-5.006162828073518201e-02,-5.236309077132610817e-02,9.733337598963610893e-02,2.622139722310270482e-01
-6.282059951827567712e-02,-3.286252319540983874e-02,4.455941688044729593e-02,1.214377415705737567e-01,6.515297285355069190e-02,-3.315233275807300678e-02,1.300388228252336575e-01,3.778573901530911661e-01,-1.252344780979347261e-01,-3.608992866882242134e-02,-6.877922293119208275e-02,-1.129509737540744171e-02,8.724626073376892318e-03,-3.635540571773737684e-02,4.471039033167568955e-02,2.446670073991958627e-01,-1.730388995600914623e-02,-3.435044646893058162e-02,-3.007970107426203785e-02,1.852162998001286032e-02,7.459768571282825167e-02,-2.863758224146141507e-02,-1.218124487992501698e-01,-9.198607117861759552e-02,1.038939082121206475e-01,4.646822073771062628e-02,3.419061293564310683e-02,2.364199565527509359e-02,8.442002805833181966e-02,-4.840168961268763448e-02,-1.802877811903953742e-01,-1.678031526412943897e-01,8.007757545807484001e-02,4.750607703998974835e-02,-8.775805642098896686e-02,-1.783041332255312639e-01,-7.055151300756731803e-02,-1.007314256263297236e-01,-1.977720898834023355e-01,-8.771385026576956900e-02,2.755892421941218834e-02,1.327007031503614314e-02,-1.281629113327326930e-01,-2.239728328190589979e-01,-5.318191626152602575e-02,2.886794010184206075e-02,-2.692044753046864483e-02,-3.412932961833519546e-02,-1.455267653529330463e-01,-1.667459357529544328e-01,-2.843021371549064313e-01,-2.771508066259457115e-01,-3.297252202652707631e-02,4.970060510699526174e-02,-9.940010211734434664e-03,-3.497683865110553375e-02,-2.294720601169780716e-01,-2.112089194688241134e-01,-2.052783305622510601e-01,-1.573222557375803798e-01,-9.408626436527701975e-02,-1.106416280152539705e-01,-1.293106799033227616e-01,-1.193271862929245891e-01
-1.232762648185483922e-01,-1.289197376686756213e-01,-1.266945068186389467e-01,-1.763568852838772461e-01,-2.409296282554478641e-01,-2.893609749906118078e-01,-2.915094829532852705e-01,-3.044820623465285259e-01,9.915752852032338679e-03,7.424032186789619736e-02,1.557683361187630310e-02,-7.107145226391305137e-02,-1.808484805744710044e-01,-2.427597110870104991e-01,-2.542631927470058173e-01,-2.149845798463964341e-01,9.465070444415035755e-02,1.711657113257909479e-01,1.130881055114064115e-01,4.387694367008834750e-02,-1.846611873673999898e-02,-1.117363699473684219e-01,-6.035755526322643394e-02,1.930534921733165210e-02,6.836761360109240571e-02,1.322454222584701911e-01,1.261395550839167490e-01,1.004694899181988316e-01,4.672498027156410383e-02,-2.868869282277200852e-02,-1.529745970868694703e-02,7.035307858737208098e-02,-5.184781649695311724e-03,1.291071583820621246e-02,4.466873765796745832e-02,5.824822013208138388e-02,-2.540160067506676105e-03,-1.346606109296226428e-01,-1.844548813687418298e-01,-1.001244294923749611e-01,-7.186184894282719726e-02,-1.572725635806741795e-02,1.133300846565245962e-02,4.116412817349349162e-02,3.162018726543620178e-02,-1.213198151606400821e-01,-2.108675560339297317e-01,-1.068886530825991360e-01,2.669376120376088998e-02,8.243338546231931963e-02,7.653823254348030014e-02,4.967994582728657571e-02,1.404743322641379896e-02,-9.657425248660893302e-02,-1.267533418080708796e-01,-3.516284934529653045e-02,1.162478161391341525e-01,1.395051662336205811e-01,1.033983934824833084e-01,8.810273188373823894e-02,1.312665164924157503e-02,-1.010199970021398719e-01,-1.025115198498652291e-01,1.990484259316804838e-02
-5.687205293945529760e-02,-8.396678840584775871e-02,-7.796771015442575947e-02,-9.074541664378080186e-02,2.726505156572657518e-02,1.916930077162151691e-01,1.505284472885720648e-01,7.272784137391648251e-02,-3.978632594114351467e-02,-8.636165294114016289e-02,-6.019601140971696934e-02,-4.637012381104248931e-02,1.112731906193605153e-01,1.856803231901441864e-01,1.067627844523481723e-01,2.956971955165941732e-02,-1.290751467513660301e-02,-7.273114102256994506e-02,-3.861781613820918641e-02,3.759075354876868520e-03,1.183973179777280255e-01,1.377862418288869628e-01,4.845941166444341086e-02,-6.277528869534797218e-02,-3.142918357703577276e-02,-1.068206667294850781e-01,-4.471528269350545648e-02,3.946207227471495299e-02,1.134084302631018226e-01,1.103630969901210207e-01,7.198536108989400141e-03,-1.323525832023121351e-01,-7.331894046867699910e-02,-1.492502440016817977e-01,-1.622515560790012759e-02,1.183964180286177642e-01,1.019268720658278310e-01,8.834458981452593396e-02,-3.580355070414992236e-02,-2.158553782839746360e-01,-8.139731680301902361e-02,-1.014469977624188474e-01,1.081705576275926312e-01,1.824784535635816107e-01,9.282850706533889162e-02,4.917902288183934739e-02,-1.042042388717532297e-01,-2.888905487402800287e-01,-9.018485573032578029e-02,-2.940264031961999612e-03,2.108821374813435456e-01,1.820428274145288183e-01,1.091707450972742577e-01,3.110881975433046551e-02,-1.626512255914843996e-01,-3.055515349964774696e-01,-8.429380576865166952e-02,1.102258485784441688e-01,2.443967982754875479e-01,1.860467768351510287e-01,1.082814075102482010e-01,2.453381753487720446e-02,-1.712017018277565139e-01,-2.867691420693271320e-01
-7.850333917465886213e-02,8.930899517455015424e-02,1.783235239322723542e-01,-1.309410879954559306e-02,-1.499548216258502764e-01,-1.881739720145390593e-01,-2.173271709047436273e-01,-1.893022603009273108e-01,-9.830753803220391995e-02,1.364482751072024214e-01,2.363241747472257792e-01,5.539445565688117488e-03,-1.469168217534014276e-01,-1.733895639344446016e-01,-2.418025316019314086e-01,-2.210688867264397894e-01,-1.485899557512899427e-01,1.088979506121061785e-01,2.211845417186954210e-01,-3.100087062431451657e-02,-1.445805754150700229e-01,-1.424682400732529275e-01,-2.087006937634903747e-01,-2.001524546905753266e-01,-1.474033818606701740e-01,1.077328274645684425e-01,2.138885906384868363e-01,-3.698512537288637519e-02,-1.314005294759277298e-01,-8.099152262316244855e-02,-1.316071521171725267e-01,-1.271858000575452619e-01,-1.121930365285617182e-01,8.046838425008054352e-02,1.673038432318300905e-01,-4.184422132032491332e-02,-1.187217379708209453e-01,-5.564743414419479756e-02,-9.431141708630703946e-02,-1.247853313030927030e-01,-8.684468395850185318e-02,4.937982564014972015e-02,1.147511960443921147e-01,-6.128450135299133572e-02,-8.996652016411395281e-02,-1.715291536513083998e-02,-9.800459589275588301e-02,-1.478996785982296669e-01,-3.774935300801275651e-02,5.082858321674935814e-02,1.119078538227460395e-01,-3.735446000388437798e-02,-4.386263172364760626e-02,5.634922850140769435e-02,-4.940544987992995241e-02,-1.113666910906260799e-01,-1.080107153708473322e-02,5.833439528551816189e-02,1.263565598589742600e-01,1.787923784031546790e-03,-2.662500698755503395e-02,4.263250016847016516e-02,-1.261311796646352387e-02,-7.802863075358476563e-02
-1.127155536145640208e-01,-2.106679372709597542e-01,-1.749698505181565000e-01,7.983180893971315861e-02,2.784458168048844495e-01,2.917182158174866369e-01,2.272068542964260918e-01,1.948436875908114430e-01,8.299081398362305462e-02,1.059789048865634048e-01,-5.964509474038180020e-02,-1.082445599568031130e-01,3.170705885967361332e-02,1.307930145725658411e-01,1.277538463110074463e-01,1.125483875759172858e-01,8.071170732133889358e-02,1.587365554157860736e-01,1.565387701406592280e-01,-7.105279806719703994e-02,-2.195605324936135416e-01,-1.610634009349925511e-01,-3.152224015511002897e-02,5.289280346268220717e-02,-1.116449050676585585e-02,2.938609688152403476e-02,1.020629728746549891e-01,8.165654570776843812e-02,-4.903671155721847641e-02,-1.827269461045653576e-01,-1.621213934910829546e-01,-4.123264726821658510e-02,-3.075480167853411606e-02,-9.360087746081055234e-04,3.109558397839754310e-02,8.663405772899790414e-02,1.255623263566613690e-01,8.279801332823323590e-02,-3.205114148128746648e-02,-6.107659353734663094e-02,5.590597826749155869e-02,8.421865914402473785e-02,6.503604862910765394e-02,3.918896432686268250e-02,5.382200999451673684e-02,1.464603540253247849e-01,1.844777152160518019e-01,1.568453882559092127e-01,1.032565833350973100e-01,1.110115395356478935e-01,7.453201147556032247e-02,-1.476096829938655305e-02,-6.081244638251569884e-02,2.575756808962570768e-02,1.702462973866200047e-01,2.516290868556692595e-01,1.192216754742659174e-01,7.192806546237007215e-02,1.242836832899221755e-02,-4.602428151151521235e-02,-1.011787575934698785e-01,-2.477124622430674356e-02,1.197221110066552935e-01,2.100785928586174911e-01
8.136201152340702403e-02,8.873411734628132430e-02,1.561813045327471380e-02,-6.781135640769857253e-02,-1.024899446174934309e-01,-8.868812577128241947e-02,-2.175913292436835733e-01,-2.218589110996920244e-01,1.950083845524616388e-01,1.831069109665311445e-01,9.470186886032867790e-02,7.374110561578815781e-02,5.591215704103384698e-02,-3.234226139081639029e-02,-2.004950514604556672e-02,1.934678425782589833e-02,2.257095103229428690e-01,1.765051684344198235e-01,8.367272563513096506e-02,5.706314887053034329e-02,3.258201091839749847e-02,8.982993457227522738e-02,1.625721235413215005e-01,1.094442546556141926e-01,2.356602132835474428e-01,8.215648018764779015e-02,-1.915508242655165894e-02,-2.524106701567364192e-02,1.203937259113090352e-01,2.151319740553594984e-01,3.342249772518458839e-02,-1.151188958068496450e-02,2.149025568171284151e-01,7.693804780521872055e-02,-1.716704020175064890e-02,1.263089160619033646e-01,2.975348315553454359e-01,1.098444129869270286e-01,-3.751413751029331750e-02,4.138727440371944150e-02,1.779022310588755373e-01,6.736181120439839465e-02,1.453896478356228872e-01,2.464805055932655364e-01,1.298451120117937729e-01,-5.716744828682011892e-02,-2.299151862092598322e-02,1.008994782407014595e-01,1.234595818662642119e-01,9.250480031294520955e-02,2.024316170151167493e-01,7.681244815132644288e-02,-6.979299754751004670e-02,-1.256028230223392717e-01,7.219669003080816591e-03,6.883066977691398858e-02,1.561830548609977609e-01,1.750748246842106504e-01,5.744756767110234530e-02,-5.468797952791418227e-02,-1.334027647169291064e-01,-1.066413516922668780e-01,8.270551674817241267e-03,4.403547837279734450e-02
-5.905262897256601667e-02,-2.886135749773452441e-02,4.729698994616771124e-02,5.401252511720330135e-02,4.209035481782278515e-02,4.051201556233009066e-02,1.017730139070795597e-01,1.272967185187115491e-01,-3.495881738648669301e-02,1.309761140773862964e-02,1.009174204013339460e-01,1.211304425644073590e-01,1.061427655566119926e-01,1.271693094541173352e-01,1.283079786217491969e-01,9.435539062050261883e-02,-5.342194562378930339e-02,8.562330575787641465e-03,3.436940139957941898e-02,-2.985517574493149699e-03,-2.623308213039435895e-03,-1.194046525658428413e-02,-4.673143108207551688e-02,-2.836880882551974861e-02,-4.970868878093543525e-02,-9.158971999702761324e-02,-1.315893772440697995e-01,-1.583187755447824085e-01,-1.191047313248732448e-01,-4.042786654327122642e-02,3.808231603826593009e-02,9.386715130710523991e-02,1.280941086122414085e-01,2.807151176952491639e-02,-6.384859900197696614e-02,-4.809551675538734083e-02,3.543420130102032523e-02,1.875417753993507408e-01,2.536415983411896002e-01,2.652829834045755675e-01,1.831853099668313278e-01,1.426750014284622892e-01,1.085767564683707692e-01,7.597974703853156708e-02,9.021254822263244377e-02,1.147347080582726830e-01,1.567961828518640299e-01,1.780423397145206588e-01,1.792889172595159009e-01,1.399302131706257335e-01,1.219027091737191343e-01,1.451812438601666477e-01,1.847212744125098505e-01,1.507789625851618520e-01,8.816937150697401471e-02,6.650233226384470731e-02,2.065634925584559634e-01,1.762530824356800252e-01,1.613842921218073545e-01,1.921083206019958411e-01,2.357886885169927227e-01,2.676275949385751307e-01,1.640781915484306186e-01,5.993611083388410143e-02
-8.141049423141930030e-02,6.378194389818875971e-04,1.872432842953604126e-01,-6.812689343552015553e-02,-1.256274529490928327e-01,-2.327811307799076967e-02,-1.728076820657099000e-01,-1.379777922440057758e-01,-1.344849848986174878e-01,-5.431073225571954322e-02,1.966748127841275173e-01,-3.413511809310342676e-02,-9.292996590587349059e-02,6.406235740176009774e-02,-4.611007627550022664e-02,-3.235717405566602284e-02,-1.417224510839269203e-01,-3.513397747911724961e-02,2.230404094238467860e-01,-8.440991465437775246e-03,-6.740764506680697876e-02,1.294854203997592990e-01,2.335011315288637937e-02,-5.992358947909445094e-03,-1.588626277926854236e-01,-3.538759297230261586e-02,2.257481315082711104e-01,-3.191125173531469961e-02,-8.530443132207973789e-02,1.352597666313344327e-01,6.593567297422173179e-02,-3.887781035654717249e-02,-2.189848896426053459e-01,-4.817751809693320009e-02,1.784618020260231308e-01,-1.179241343477480386e-01,-1.333319937509167552e-01,1.333758852934211758e-01,6.836946646685944373e-02,-9.168200446339527798e-02,-2.219850606830156003e-01,-1.813432199215195273e-02,1.755804506336327286e-01,-1.798622604341108822e-01,-1.907749762207195388e-01,9.827815199229839038e-02,1.898857054454960308e-02,-1.355618769583639138e-01,-1.306615201935152626e-01,4.727383225698540692e-02,1.708520590943944373e-01,-2.117976158021593613e-01,-1.769232518270338339e-01,9.201212670772895841e-02,-9.309459573449047759e-03,-1.524811523519415957e-01,-1.789135789288995651e-02,9.495060988259981793e-02,1.276473766553949396e-01,-2.307978588498271477e-01,-1.340146375259201328e-01,8.919940338692802784e-02,-2.503275844412460038e-02,-1.567349791385943547e-01
-9.494830008918538067e-02,-1.225447111302848668e-01,-1.001987188126831907e-01,-1.546046551442465389e-01,-2.305750031607543826e-01,-2.124818659606730609e-01,-9.477233367621647198e-02,-1.743624640562287456e-02,-8.271773081922081938e-02,-1.097756066358040461e-01,-5.863308013827257803e-02,-3.650478495215125907e-02,5.248658569396926106e-03,6.882780986942992063e-02,1.910759397692655681e-01,2.160868968124920741e-01,2.322305307370660724e-02,-5.708738522918982948e-03,3.086753639606279812e-02,8.590559341325428033e-02,1.419708447970033649e-01,2.200965748110864373e-01,2.798433002467201614e-01,2.689674722742196877e-01,4.888595333382313862e-02,-1.789285191652089974e-04,4.783980848313051926e-02,1.168680797882177408e-01,1.819344992027801533e-01,2.024781376402678690e-01,1.255302785814934041e-01,7.644662447383236692e-02,1.310640603469024335e-01,1.176315983281058797e-01,8.953466864930362257e-02,2.635686030405406943e-02,-1.278253852566192499e-02,-5.972999919085804355e-02,-1.746592786117652230e-01,-2.522236330960683226e-01,1.349188958860345622e-01,1.250630576016262541e-01,6.131951514656305835e-02,-4.783877862549689580e-02,-1.641617810275313727e-01,-1.830605974707378847e-01,-1.951724362149305780e-01,-2.221306174724675675e-01,-1.767515681318876722e-02,-2.925670584880056286e-03,5.049100048054054601e-03,-4.712552534643620061e-02,-1.101602297322012147e-01,-1.255189801226613833e-01,-1.003980306987193732e-01,-8.772097683024937531e-02,-4.597114948440388094e-02,-4.585877008158225493e-02,-2.548502956735579014e-03,-8.438451205472406041e-03,-2.963445011306501536e-02,-3.604535408996023538e-02,-1.759674686019640361e-02,-1.480898491482764839e-02
-1.455795342960646832e-01,-1.261023320427535621e-01,-1.597635687765796564e-01,-9.357490772688967229e-02,-2.264463455016546556e-02,-3.816005274019126231e-02,-9.016160783889384800e-02,-9.291461514586236980e-02,3.936578544228139243e-02,8.897191849387170448e-02,-1.871779805045776721e-02,-7.934458860628111621e-02,-1.016337848925780024e-01,-1.584430310169561429e-01,-1.544930528628476185e-01,-1.548658789338685504e-01,1.489249051191647299e-01,1.606076049136830886e-01,8.721061557043012502e-02,-4.536031477371454956e-02,-1.664763473044072462e-01,-2.389115146292735692e-01,-2.013118489772469655e-01,-1.274053055982396210e-01,1.172065534737454506e-01,1.285306349634257606e-01,1.050054085108607926e-01,2.803384900519476780e-02,-5.698334254610813721e-02,-1.112957095048687090e-01,-5.903327583105990456e-02,4.426232191016366696e-02,8.740294220311552176e-02,9.738082677246921726e-02,1.062272434348777300e-01,9.868018586523689961e-02,8.062364386380245496e-02,1.049317173694927358e-01,1.505490029762980575e-01,2.188185818534179594e-01,7.103885702723751472e-02,8.305556152435758510e-02,4.875248955854041139e-02,5.260981398245858677e-03,3.732303602205697124e-02,1.574717632892959629e-01,2.197518792946355493e-01,2.961259714831328549e-01,9.932239149343513596e-02,7.416244510322746175e-02,2.026552690715763272e-02,-4.576007136479205012e-02,-1.847576288120436616e-02,1.125860338630162993e-01,2.103360813555603392e-01,2.558672974749610640e-01,6.373634235672677451e-02,2.078930167906024515e-02,-1.419340154989585240e-02,-4.418906355056338026e-02,-4.701030776300512554e-02,5.720652868628821330e-02,1.897947746571916339e-01,2.380931609120952031e-01
-3.271769718420220602e-02,-2.382564475111315430e-02,1.561510056275133103e-03,7.004709240241530077e-02,1.169535913307570285e-01,1.380455430941213701e-01,1.672811957176869868e-01,1.902452138795324987e-01,3.153822659695579116e-04,-1.519205933628674579e-02,-3.338466244644681252e-02,1.924820340708513489e-02,9.831662578810651532e-02,1.095503498064945014e-01,1.154877506214908867e-01,1.572870249898576656e-01,6.994461298173006158e-02,2.236935487990795654e-02,-3.124568672278589185e-02,-2.447833258082860938e-02,3.228189542483094615e-02,1.733118364852603496e-02,-3.208257174919259148e-03,2.236848046150832769e-02,1.521793298131152439e-01,9.211618229475446173e-02,7.090300058562933050e-03,-2.316829633121806828e-02,-3.856024621013541542e-02,-8.070606530314802796e-02,-1.199483243243146952e-01,-9.928036774058100755e-02,1.422395563060301349e-01,1.897921549514088868e-01,2.176737257848058715e-01,2.071189642432651468e-01,1.096698517690396779e-01,9.546440924737775724e-03,-2.473992707031567526e-02,-1.857441722082296687e-02,-2.408605863147768311e-01,-2.019630362763955300e-01,-7.655686385471714706e-02,4.049487427555636260e-02,9.548872078900623450e-02,9.250635099005100059e-02,1.142682810077419869e-01,1.870051300279060025e-01,-2.378556627834926551e-01,-2.792271995507813465e-01,-2.690838257022074020e-01,-2.543192194998916134e-01,-1.757894109749745526e-01,-8.605094889801523372e-02,4.196538482973711029e-03,1.037285105101623667e-01,1.615204743797689635e-01,1.768704664688701411e-01,1.072165357784490569e-01,-9.424498438943943596e-03,-1.138189755539309178e-01,-1.382753819054956534e-01,-8.798041518233475078e-02,-2.618724134486632299e-02
-3.662742213269684632e-02,7.676491667693359500e-02,6.788316456467802240e-02,1.128731636936582405e-01,1.857111921133992316e-01,2.418873568156403031e-02,-1.959652070095581344e-01,-2.562388805979863848e-01,-4.818740339017613811e-02,3.132324962425652587e-02,9.942158655477763285e-02,1.281906876700744657e-01,1.886786874541566961e-01,4.688731423733897424e-02,-1.365454483260801211e-01,-1.582210013419920736e-01,-8.212792079087058439e-02,-5.113106467523528126e-02,6.135627766795973687e-02,9.116220104137266744e-02,1.059678896781593715e-01,2.447273876381833926e-02,-8.052001860944879227e-03,4.560970377580788465e-02,-1.482320778587050969e-01,-1.082455775320142477e-01,-4.663348740837668094e-02,5.783920244873789335e-02,-2.784038441824757820e-02,-1.596516832677504633e-02,1.281369758699224259e-01,1.959997507028130859e-01,-1.182257546134930781e-01,-1.073078585226859977e-01,-9.889754664272805418e-02,-4.467096848507795537e-02,-4.709941971067176797e-02,2.173792123978758248e-02,1.320033557855179451e-01,9.372192909835004582e-02,-1.529138481397111782e-01,-1.684423373032321869e-01,-1.470551299921944999e-01,-1.128827863937091891e-01,-2.531800214441456282e-02,8.745539886657600903e-02,6.045368772699249993e-02,-1.842028965421937600e-02,-2.343686374749917867e-01,-2.136018746849189243e-01,-1.792181240139192888e-01,-1.255105530201417185e-01,-3.507224282422312378e-02,7.416744394883334479e-02,2.096201592223447679e-02,-7.151587764575861872e-02,-3.041118490902994242e-01,-2.622701662368391307e-01,-2.221850675569209399e-01,-1.712338095650990377e-01,-5.965177046465797855e-02,2.110126901342547837e-02,-5.920299871717261270e-02,-1.481598355437834524e-01
1.325270667485972317e-02,1.889579021335031361e-01,1.393840364517411334e-01,2.314840705181983940e-02,6.325208837669371587e-02,9.923046540142733962e-02,9.189500410074277759e-02,7.922670189062178125e-02,-2.611110600667259085e-01,5.167745189567664321e-02,2.174601874819738212e-01,8.795576102830306164e-02,1.523554510843682860e-02,7.841501508862905312e-02,1.372227506117031370e-01,8.804203897034176829e-02,-2.641971458236886394e-01,-3.020461061690327131e-01,-1.637942113162491053e-02,1.580018422718557636e-01,6.454997644058996231e-02,3.866090041955755341e-02,1.154202620789443745e-01,1.070434864142954939e-01,2.234555184733806876e-01,-1.350693200168436026e-01,-2.771310888273229023e-01,-7.518706860098217648e-02,1.119707185273400157e-01,9.777730457720273938e-02,7.175265197751437563e-02,1.289677439641717660e-01,2.779278558691831713e-01,2.056927580746761020e-01,-6.698781048494836798e-02,-2.421189088197912564e-01,-1.185663510739381338e-01,1.292256440719709472e-02,-9.255969731456033939e-03,-3.293468376885615861e-02,5.208951102727817084e-02,1.096824898435476703e-01,1.662665792509991636e-01,1.842316355112442322e-02,-1.258493986894394234e-01,-1.275187123824449986e-01,-8.987884666369101716e-02,-7.917888911817459741e-02,-6.169552677265661977e-02,-2.624353521325530417e-02,9.113906377853145391e-02,1.322886818621562266e-01,2.895181209701130215e-02,-3.594763643938157088e-02,-4.808366056212534656e-02,-3.399628038750902859e-02,-5.402236876881147398e-02,-9.378623237164228355e-02,-5.473444292236968184e-02,1.956341313047054928e-02,5.477674373033967342e-02,2.422264939735354825e-02,3.378588306707674266e-02,5.079142791022927400e-02
3.597826985432962116e-02,-1.916659390536928562e-02,-1.371696821453053383e-01,-2.447835276006756211e-01,-2.258633766889883154e-01,-7.909642005139909393e-02,6.912877163966285599e-02,-7.848043680996544258e-02,-2.337175798317643258e-02,-4.834130940643466723e-04,-6.722634789737011451e-02,-1.437827515268617906e-01,-1.576883747285953152e-01,1.614485200673487775e-02,3.448806218037404892e-02,-9.953691441498407899e-02,-1.764391556179113474e-01,-5.278721554226491891e-02,-5.420549916693728071e-02,-1.158954535200830138e-01,-1.331901626126912597e-01,-8.453967802486964112e-02,-6.160932933912969568e-03,-5.563997519058993396e-02,-2.084968575319111617e-01,-7.657602755345452317e-02,-4.402627151249515619e-02,-4.311789941078773836e-02,-1.379539694575982189e-01,-1.399355716015423523e-01,1.097645942545924860e-02,8.610832479856399962e-03,-7.280076723460858490e-02,-3.169107293180243451e-02,-4.247668196083062564e-02,-4.690639704558480921e-02,-1.348083432927542624e-01,-2.029898846827906667e-01,-7.506105722690790960e-02,2.301906970188294377e-01,-4.336983029247071936e-02,-2.712274860833033263e-02,-7.555038449128706479e-02,-4.420159113655921373e-02,-8.827886796189129970e-02,-1.522181651823713011e-01,6.696898498145889556e-02,5.240390661003103689e-01,-2.639482137316428653e-02,-6.475951471294362494e-02,-9.232566697911410991e-02,-8.595991157117677250e-02,-9.251461348946331265e-02,1.227535186602684084e-02,1.579585938956600544e-01,2.790491949473882793e-01,4.381836688852344154e-03,-3.045592807796032933e-02,-4.990873860480898178e-02,-5.682973022679053271e-02,8.263511067482617878e-03,1.463743809812260710e-01,1.001585550071230485e-01,2.653894773687348087e-03
7.141454964543016148e-02,-2.661553783210814442e-02,-8.393878077224860290e-02,-6.618951773314722675e-02,7.868353721934495670e-02,1.444601578434143163e-01,1.609130254684306982e-01,1.116392519271006412e-01,-1.803701955689871600e-02,-8.691731729959685515e-02,-1.173161732170607957e-01,-3.201665111951219195e-02,1.117294533179228888e-01,1.306468052532158142e-01,1.283296817410666535e-01,5.844760129474871335e-02,-1.314676865090325386e-01,-1.618977616230928562e-01,-9.718672126214476792e-02,6.661085693388775486e-02,9.996833469134534800e-02,9.191601316877279215e-02,9.017410190507652024e-02,-1.656582732792993493e-02,-2.036702279166464902e-01,-1.562849109767517897e-01,3.020739267634650269e-02,1.517037410012169740e-01,5.881324198932150887e-02,6.281653193865077700e-02,4.502123814487293124e-02,-8.372100111362640318e-02,-2.126522764204258620e-01,-9.325515218962424080e-02,1.400431539543299797e-01,1.377416960241674704e-01,8.017465149573532734e-02,3.475525631091838652e-02,-5.372938127795880148e-02,-1.498396408959263570e-01,-1.658056920338906726e-01,5.539248056939351933e-02,2.052067914479485389e-01,1.471664957583452837e-01,1.178708130379929192e-01,1.310593727825525370e-02,-1.297088524832316903e-01,-1.694875381679656345e-01,-7.771584351238212951e-02,1.769341778687795463e-01,2.137894673909282728e-01,1.901134546232376155e-01,7.368368695421290138e-02,-6.657529871003918520e-02,-1.715725658464002101e-01,-1.568960571445263408e-01,5.177164494399515843e-02,2.229183018899549840e-01,2.164726573246864849e-01,1.611971934858162925e-01,-7.401783683510244384e-03,-1.469824451447417635e-01,-1.628199230968603861e-01,-1.372154611146899628e-01
-4.338481769074058192e-02,-6.479424321670269882e-02,-1.488527797367013572e-01,-1.443453414780987432e-01,-9.670745124545926386e-02,-1.154898613528086981e-01,-1.458617027647939324e-01,4.227323596038415517e-03,1.031114711294930653e-01,3.256975097066274610e-02,-6.829725864014156433e-02,-1.085111623526154867e-01,-1.122410191875526098e-01,-1.483966597897529716e-01,-1.632412719651180621e-01,-1.752785961341118692e-01,2.489158776315665011e-01,1.877248157897347669e-01,7.395517427323258786e-02,-4.939340622169280035e-03,-5.022350918447991003e-02,-9.105400329404465809e-02,-1.939677011500194614e-01,-2.457366141725219055e-01,2.708960615297851260e-01,2.578522966297825958e-01,1.768918579753015197e-01,6.457671246757079597e-02,5.320882879411251154e-02,5.097012629280809476e-02,3.308354826480441879e-02,-2.910348718291786915e-02,1.862999761903987306e-01,1.927702259266517171e-01,1.673372599919169812e-01,1.141113264244209141e-01,1.569152378764748224e-01,2.205750977948361946e-01,1.979650304435293384e-01,1.571902046077411907e-01,3.359675631811565727e-02,7.791912564109576556e-02,3.046739482525155640e-02,-4.071343454156806790e-02,4.636921227707260784e-02,1.776007659084491708e-01,1.866618211316494469e-01,1.475054104761358842e-01,-1.890583681035773109e-02,1.105162358250993542e-05,5.004296713191828602e-03,-2.046204505048283481e-02,5.406266378075490903e-02,1.265077440964494648e-01,7.273597594603965766e-02,3.328552309951041815e-02,-8.175011754591948732e-02,-9.015330865046640441e-02,-2.982515823529273066e-02,-9.416813871410921726e-04,1.689881218298221188e-02,1.850650534477019105e-02,-3.768523372908999926e-05,-4.056680484381287584e-04
-1.756081832436060808e-01,-1.728945524009616874e-01,-9.113294708199380645e-02,-4.606660717317005715e-02,1.624029246853745181e-02,4.088759706754646617e-02,4.900018171756825164e-02,8.913749045694469020e-02,-5.962172351920787261e-02,-1.097890758075443784e-01,-6.914403221330733817e-02,-3.403315834444706114e-03,7.128405458201035605e-02,8.001745644734578611e-02,9.115783032375399109e-02,1.068017470938711355e-01,4.255039261126210282e-02,-1.316792529299247450e-02,1.223654437898065959e-02,4.678820396379878427e-02,1.157788146686502817e-01,1.246605130051056387e-01,6.721263453496054141e-02,7.312722931608300891e-02,7.779315167515564455e-02,3.179341298262344795e-02,1.825757251186007346e-01,1.166983676342208814e-01,5.351613031003449317e-02,4.221580717675037925e-02,-2.514894687170523419e-02,-1.943419240159250869e-02,-2.400714447337366775e-03,7.228518412281370598e-02,2.892461570493656819e-01,2.148088547024955275e-01,1.314801437892045358e-02,-5.932958202922796603e-02,-6.001719165259277594e-02,-4.289731444962602280e-02,-1.118541966785292496e-01,3.061692271058762474e-02,3.107204089938525593e-01,2.191643826368561976e-01,-1.179357133624758941e-01,-1.611361357176944731e-01,-8.010408518079197016e-02,-8.733969943912719969e-02,-1.862181740392769291e-01,-6.095130341415889996e-02,2.655339560824582223e-01,2.405075719448198923e-01,-6.696225948724324195e-02,-1.690222700342879913e-01,-1.033489895278785903e-01,-1.039288331899643203e-01,-1.794452886207715536e-01,-9.952935476044112717e-02,2.150392905379779340e-01,2.517762095705109449e-01,7.353573273068332583e-02,-4.135069312348283593e-02,-8.745132107934915078e-02,-1.350938014472161663e-01
-2.864314968375183956e-01,-2.192744078401702712e-01,-2.839975379237134889e-02,1.539156188350886967e-01,1.070209179103889102e-01,-1.145580813803886849e-01,-2.308821490708224955e-01,-4.247648458117927843e-03,-1.332168421709205020e-01,-1.588176166696786407e-01,-2.576598879466254072e-02,1.115484414037973826e-01,7.353547074348892876e-02,-1.443809608305673120e-01,-2.408203216748305564e-01,-4.708489265348507480e-02,5.061659957204731747e-02,-9.510100009259399301e-02,-6.686591752723160254e-02,6.280966310228339178e-02,1.432574280082302143e-01,1.231324289860824192e-02,-1.997098991977202254e-01,-1.469888488721264874e-01,6.733211402233478526e-02,-4.761270786665271898e-02,-8.486295480058557439e-02,1.680918864324431466e-02,2.170090328788747969e-01,1.821332818813926890e-01,-1.272652582515494124e-01,-2.337635565582808495e-01,2.047796170034277188e-03,-3.788190612113325612e-02,-3.981548410344072642e-02,2.134391181263359250e-02,1.055342760365282351e-01,1.574240834105936349e-01,-1.150272595302856589e-02,-1.396259564692333144e-01,-1.696409775812400891e-02,-4.664246987871481509e-02,-3.380474610344687963e-02,-6.453836835175358333e-02,-4.589494969430093357e-02,-1.724241272376167682e-03,1.110317267334239889e-02,3.493649782438418283e-02,1.249186216217417281e-02,-1.995614965933020096e-02,-6.178495715218714629e-02,-1.213273959623561160e-01,-7.259567416956892727e-02,1.569486760381262613e-02,1.569835588577305485e-01,1.968850251541044982e-01,-5.492489606270138658e-02,-5.140925833766131492e-02,-8.842966280992005379e-02,-1.775187568182451103e-01,-1.041408121608251858e-01,1.252873449498149161e-01,2.502143742412832883e-01,2.548482354790594928e-01
-2.241473422822145289e-01,-1.319656254068048325e-02,1.920806933753512469e-01,1.550062086202265710e-01,7.850966018710291150e-02,1.554500644830076328e-01,1.119738911643049228e-01,7.689059757032035841e-03,-2.773674722900848488e-01,9.320383565725200853e-03,2.027786111811623604e-01,4.161405812116468483e-02,-4.123588951307636391e-02,9.402497927968948843e-02,8.684999742507121256e-02,-2.315563998270352836e-02,-3.419379447011731132e-01,-2.039076018319143854e-02,1.499394278703194416e-01,-4.294011899548305644e-02,-1.147340340900777772e-01,4.709097274103967584e-02,9.791283389154756267e-02,-1.988478513034269007e-02,-3.187609519908516376e-01,9.214220235561365949e-03,1.007235626151243429e-01,-7.420028275662253481e-02,-6.984116697956464781e-02,7.544132950354211220e-02,1.028687637652045267e-01,-1.881473803820681023e-02,-2.213149608963386472e-01,-1.167303724870404416e-02,1.233501460669431983e-02,-1.304450786923798677e-01,-1.803789362808415689e-02,1.131298768085680917e-01,6.187167731702606505e-02,-7.032702502448735793e-02,-8.978552596467555269e-02,2.285981225884661794e-02,-7.113664549891760003e-02,-1.612384960367835851e-01,-1.422643207092432784e-02,1.138343760273952399e-01,6.844271816507209449e-02,-9.068309740798895235e-02,4.603354671588330777e-04,2.890882308271497045e-02,-1.409319582347655642e-01,-2.218674640282831678e-01,-7.853021646235666675e-02,9.173325545179382423e-02,1.001914813305900681e-01,-7.005216676310124790e-02,4.061620172661619538e-03,-1.912268848910213259e-02,-1.923803009657988339e-01,-2.634236647016878208e-01,-1.654727044719378204e-01,1.548248606132753002e-02,9.158397412039979979e-02,-7.233604122420086990e-02
1.341042483921772444e-01,-6.311540965767409306e-02,-1.925858024833111415e-01,-1.051869138962247263e-01,-1.401279356539700538e-01,-1.223513825471321120e-01,3.683080603124092717e-02,1.085001869012519049e-01,1.687318121928399195e-01,-1.174693868996331825e-01,-2.312359217956497237e-01,-1.087494408466717494e-01,-1.110979904082505521e-01,-4.494695214571049063e-02,5.230499892737917877e-02,9.483476437880315746e-02,1.459025005463221725e-01,-1.488434460632030165e-01,-2.512927025287771121e-01,-1.287393165848596255e-01,-9.784262506638048695e-02,-3.930092160825789105e-02,6.248365870869581479e-02,8.440225083556329722e-02,1.251588603272356104e-01,-1.731921537879332340e-01,-2.853733394190899886e-01,-1.199402385007394684e-01,-6.013932972252463566e-02,1.586411055933675818e-02,9.007865717063326394e-02,7.293031247343512158e-02,1.155936922949700463e-01,-1.869438946535828816e-01,-2.528314470931914970e-01,-1.165744485500484623e-01,-3.050983103544861394e-02,4.075324508319964206e-02,5.899594933478358866e-02,2.221154215479041738e-02,1.684685511879965014e-01,-1.198976909143850272e-01,-1.956462624002102690e-01,-9.783452397553867030e-02,-3.529549594936930157e-02,1.565216273947454481e-02,-2.453486067340314783e-02,-2.964410009686269803e-02,1.573442691389027870e-01,-9.248712914142823149e-02,-1.959971916965298766e-01,-8.773409117861252771e-02,-1.872070974735702553e-02,-1.571258594026096397e-02,-5.966010077170061376e-02,-4.143006372784230340e-02,2.477582031732164861e-02,-1.673847530431041564e-01,-2.489830521031695110e-01,-1.159595121135949813e-01,-4.975366458406806774e-02,-9.706850254304148773e-02,-9.823903735000817650e-02,-8.665534917004524829e-02
-1.189019066252088169e-01,-9.889444916926264095e-02,-9.849148602445297052e-02,-1.449565559049404428e-01,-1.685288482097578033e-01,-1.103011753985975590e-01,-4.754897826083880064e-02,1.831012522230672035e-03,-9.564001002525644723e-02,-3.168048933646127469e-02,-7.540050184638801174e-03,-1.000415359711442354e-01,-1.832348612571644553e-01,-1.536367591354464712e-01,-6.919786533020835795e-02,-3.286168710094242856e-02,-6.040213483638618569e-02,1.766854036887603729e-02,-3.552365030840173160e-02,-1.009182678457506144e-01,-1.303708050591838863e-01,-1.586643092991332216e-01,-7.231010461948324253e-02,-2.360323998558890371e-02,-8.352409575754310422e-02,-7.493016987567927001e-02,-1.111635293784945522e-01,-4.141397929067763828e-02,-2.819263369257074894e-02,-1.151438862728881296e-01,-5.465910316217911791e-02,1.240316101662784082e-02,-3.314426560836571806e-02,-8.142491207160497402e-02,-9.426666429893640342e-02,-8.823118270385441053e-02,-8.760291647259829673e-02,-2.184398852124428900e-02,1.196180811477153688e-02,1.821566238026396667e-02,-4.015994469263388378e-02,-2.027947164181047660e-02,-7.955570530913297356e-02,-2.428349995260430660e-01,-2.160580239969181471e-01,-7.292614097542247931e-02,-1.150593512992492268e-01,-1.643076157114155833e-01,-9.339521318865111332e-02,1.362042046293379313e-02,-4.308827644805499762e-02,-1.720676073159983221e-01,-1.969845708707642362e-01,-1.419051686160383574e-01,-2.716270769111783778e-01,-3.613263652084183764e-01,-1.382008574722973226e-01,-5.520943831724830358e-02,-1.644028319644564584e-01,-1.486211209904153563e-01,-7.570173481107300706e-02,-1.126299649677294928e-01,-1.498646058286445537e-01,-3.219927014381850361e-01
-1.658137735126217344e-02,5.805004549570572103e-03,-7.430723252573179227e-02,-1.901737592709194513e-01,-1.968253796417542278e-01,-1.832452777641981334e-01,-1.378736238611402154e-01,-1.224844878539750048e-01,7.962956865626716341e-02,1.065505012036289667e-01,9.687507106263247569e-02,-5.837211405285710336e-02,-1.864899105455762596e-01,-1.310418246435112177e-01,-1.035681977150991750e-01,-1.747212884497731378e-01,1.064545085975843464e-01,9.122518005540994346e-02,8.717750931724542462e-02,-1.545351020207380056e-02,-1.275441429922067604e-01,-5.472882807749091666e-02,-8.505067285168706193e-02,-1.901910710549392092e-01,5.406062962644227893e-02,5.340584768776739100e-02,6.782079721805873984e-02,5.897359544500343359e-02,5.240956262100276292e-02,6.395747646531317609e-02,4.397019266308822838e-02,-8.257957135748358879e-02,7.695719564780688360e-02,9.977338523485006216e-02,1.362872942445846891e-01,1.344102814137900781e-01,1.517680985244537761e-01,1.936244883548471352e-01,1.166448680823968798e-01,-9.147459360706733725e-03,6.937108456339564910e-02,7.875767670245117924e-02,9.803049172274073964e-02,8.930239762905560486e-02,8.010888405172254811e-02,8.520358877351433269e-02,-2.610587835030176926e-02,-1.660894743671098572e-01,6.841726146764312566e-02,8.260684623500710866e-02,8.137714227053352567e-02,6.882532233419487444e-02,3.909066724332049131e-02,-4.483309171661764569e-02,-2.328781792340703649e-01,-3.373931676327433515e-01,8.630951876267688172e-02,7.912014297095623649e-02,8.629167454342204224e-02,6.803279969848312347e-02,1.684486005721513510e-02,-7.234101554650829158e-02,-2.445346150113611450e-01,-3.543104633489359556e-01
-3.146922979943433257e-02,5.613824993433454841e-02,1.897924339594719567e-01,2.186545701520025975e-01,1.712585908673212032e-01,1.777970954960415850e-01,2.140052381752687027e-01,2.626959271599343948e-01,-4.980404521728455658e-02,-5.700514583117215379e-03,8.509355978933511033e-02,9.585048517663155576e-02,6.261673880159528138e-02,7.758356398569597745e-02,1.719271371137522375e-01,2.256856313283488180e-01,-5.361636647682053308e-02,-5.608879751684568010e-02,-3.716677406275222667e-02,-5.114047308111966533e-02,-1.129401363081122267e-01,-1.535700249348201096e-01,-5.896292363192509600e-02,2.082418047984563661e-02,-8.452955546741523427e-03,-8.849883345960281311e-02,-1.271477434349705116e-01,-1.572435491499545035e-01,-2.160037146628804028e-01,-2.673258685438900661e-01,-2.445546045269450519e-01,-1.103799977547396116e-01,1.253941195618262297e-02,-8.889634688134322171e-02,-2.025585427660697990e-01,-2.188838258990895291e-01,-1.476519656226110977e-01,-9.874883157631790531e-02,-8.340876974458445725e-02,-8.003955522114737653e-02,-6.785929298904916362e-02,-1.270030190542965620e-01,-1.998636377255624819e-01,-1.108196522668962458e-01,-3.912694378970218295e-02,-2.240369694056595050e-03,-1.501163439847674232e-02,-8.668633152449358933e-03,-1.275850303041694833e-01,-1.351859970721186743e-01,-6.600218692300353907e-02,2.562599452891042504e-02,-2.378539430253621620e-02,-7.419634748653457408e-03,2.297779940007669067e-02,8.996690060117241983e-02,-1.613581667863434321e-01,-4.595557206539527262e-02,8.294578076937728084e-02,5.306257249086812622e-02,-6.696300015265702066e-02,1.025712050026320217e-02,1.125206354787031959e-01,1.308206722884631690e-01
-2.382332165282195213e-01,-2.674029751262442800e-01,-1.915971303834181350e-01,-8.433875423992510945e-02,4.120992896515555254e-02,6.272755371434417249e-02,-6.887800387336870389e-02,-7.274773822838731530e-02,-2.171889291017407297e-01,-2.478083167688935606e-01,-1.871557712367641069e-01,-7.577347059016673048e-02,1.198290744619630033e-01,4.964951798911041575e-02,-9.840942812726011235e-02,-8.207887889483894694e-02,-1.986422640671144102e-01,-2.301253728589927605e-01,-2.232065425589804530e-01,-4.101559225806152009e-02,1.819803558442116276e-01,9.443367076641940444e-03,-1.218172125295444164e-01,-1.369339942866527604e-01,-1.833495430557135208e-01,-2.108969707983271991e-01,-2.258192771758962547e-01,3.867667987543772085e-02,1.736978346322406164e-01,-7.165291916674262386e-03,-1.459751766643738180e-01,-1.486701453492444147e-01,-1.954219220909456101e-01,-1.986716666967809075e-01,-1.339311763266769484e-01,8.628738989410629501e-02,8.697842347302488231e-02,-8.262599236233540353e-03,-8.945775647996946633e-02,-1.021839101541266726e-01,-1.587765757906315633e-01,-1.465788664334410352e-01,-3.170913073431640139e-03,7.951032860321079199e-02,8.837557765905348917e-03,-7.631800656683978244e-03,-4.175421997499145083e-02,-5.585805434328899172e-02,-9.103516745575371272e-02,-2.524050180886831807e-02,8.133326957155874448e-02,2.740579046994513421e-02,-2.173759933868918415e-02,-1.387699262447220604e-02,-2.175032610393637725e-02,-2.262254891305234827e-02,-6.904560516383452529e-02,2.959246938400968488e-02,4.341777208525306880e-02,-2.994732766419692938e-02,-3.151323777606364340e-02,-1.204050991511228762e-02,-3.656918832898904247e-03,7.364981088234240705e-03
-6.745179966766817747e-02,-4.332697348218970262e-02,-1.727712360804720473e-02,-1.836376782571125590e-02,6.004184983643783696e-02,1.708904262557975062e-01,3.174386520700363534e-01,4.108608332332231994e-01,-1.281205441022686617e-02,-2.028093189915028058e-03,-1.302028710565967216e-02,-2.866280150601265009e-02,-1.199199381775310075e-02,1.133657655978118628e-01,2.795525101159556658e-01,3.007859139501767309e-01,2.199990567330254582e-02,2.305525531168320721e-02,-4.507791751749476439e-02,-9.494129757961609906e-02,-5.843597329217886660e-02,9.177189192438191256e-02,1.433061151604747840e-01,5.929289841694332375e-02,1.952572338970920071e-02,-3.409887618771935414e-02,-1.360189025901561710e-01,-1.650104487908024276e-01,-8.065903367534134338e-02,2.048901251612716620e-02,1.682560936179629263e-02,-1.124741445112450861e-01,3.833580821875905154e-02,-3.504809930234810411e-02,-1.123077708122094120e-01,-1.288166853348717555e-01,-9.462676567825914486e-02,-2.200981204373059132e-03,-2.476467668229801605e-02,-9.888313505162406314e-02,9.760122022940223574e-02,-3.523467760646782285e-03,-1.062757745510388430e-01,-1.729590706975761005e-01,-1.522708745194649993e-01,-4.718668526676777358e-02,-9.965344634239249599e-02,-1.376596445704462990e-01,1.302929794688344467e-01,2.684238583077260334e-02,-1.086416549361665373e-01,-1.936739983506253759e-01,-1.164142230057094995e-01,-6.419558016675727674e-02,-1.429949861260455812e-01,-1.921041565499610748e-01,8.913937814125352799e-02,-3.780120844602565672e-02,-1.278325125368133808e-01,-1.559416331932514665e-01,-5.546916272592106872e-02,-2.671806567420451778e-02,-9.493785676158912612e-02,-1.775558114882558047e-01
-2.312907154753793548e-01,-1.593294979596391880e-01,-9.639896248240671303e-03,2.680711648127959840e-02,-2.483050026366481408e-02,-6.521638670009285987e-02,-1.552713466104473361e-01,-1.585040155972616549e-01,-2.302641913140937024e-01,-9.375567633771307585e-02,1.983523584783708493e-02,3.493344337100937058e-02,-2.285828739172411986e-02,-5.602504119638528068e-02,-1.394977744830996624e-01,-1.122096605341391801e-01,-1.494735701435236375e-01,8.440719191696876428e-03,8.241382615879888629e-02,4.519242318146796805e-02,-1.620260002201216049e-02,-3.946956777551889617e-02,-8.333538993729290578e-02,-5.853986710176051211e-02,-5.279671074699607281e-02,9.128979003901328826e-02,1.539250240121938229e-01,8.539177396134989273e-02,-3.117608288612506648e-02,-5.073017862745354822e-02,-5.494682227717807843e-02,-6.158255576751571481e-02,7.788556331179502523e-02,1.979696245176618408e-01,2.181398191155265454e-01,8.089830093478836415e-02,-5.978390084838829110e-02,-4.693552641308984530e-02,-1.482128865488035671e-02,-1.149346657320553938e-02,2.378501669604245472e-01,3.278091614523431785e-01,2.354077406396572758e-01,5.103173386150040153e-02,-7.860562501034751293e-02,-2.902541756958978980e-02,8.130042235109647547e-03,1.790253152218812538e-02,3.027761575217488010e-01,3.064428476216884967e-01,9.445915082274874974e-02,-6.701152206259135269e-02,-9.837942147100980916e-02,-8.851725595733695622e-04,3.922871425596917427e-02,1.580014431481353843e-02,2.681592618672145045e-01,1.890161879540806500e-01,1.558785762361821923e-03,-9.707193673678593537e-02,-8.495901218711576774e-02,-3.791008670969227279e-02,2.921732565117189390e-03,-5.410746362433927999e-05
1.065751034645563283e-01,-9.556273438974495493e-02,-2.390606338216434146e-01,-1.761491535266065389e-01,-6.196996678288525101e-02,-5.464046075696542965e-02,-1.219484878736743771e-01,-1.696006509734840351e-01,1.377276985740752135e-01,-1.128588205929411115e-01,-2.753820876241954707e-01,-1.705675374664885058e-01,-2.437660457971752015e-02,-1.783204040476063512e-02,-9.979222784307603678e-02,-1.480571560927291530e-01,2.622050992159440375e-01,7.494371357980562399e-03,-2.279049579995398034e-01,-1.563105956877806069e-01,8.592766702295381517e-03,2.706758726266582545e-03,-7.762591385567246816e-02,-1.078748899856778604e-01,3.799584153992912605e-01,8.501051379394346241e-02,-1.749904312310931187e-01,-1.771646403453772112e-01,-2.815480480975182664e-02,1.876806329734817536e-03,-2.589417366960627617e-02,-5.825266142167270789e-02,3.296198085313784554e-01,6.578131582822026313e-02,-1.394466833914459747e-01,-1.847366498069930862e-01,-7.457294942524171633e-02,-2.089098565778372760e-02,-7.006725321249880102e-03,-2.442264867176079449e-02,1.852845484461201342e-01,-7.867664829464321788e-03,-9.477483758491980770e-02,-1.495992031539368494e-01,-8.252088303290927573e-02,-2.169233747568022341e-02,1.654869341457354884e-02,2.515496280436690588e-02,4.590456607039720277e-02,-7.375772620832120319e-02,-9.837047083547974247e-02,-9.400574295144148440e-02,-2.645721430611594482e-02,3.476043041129260602e-02,3.212395331756144612e-02,4.842178496771235019e-02,2.712316389183101403e-02,-1.452016005295527455e-02,-3.056271244330386119e-02,-5.146440169135536695e-03,5.545382563431791589e-02,8.036349642986968800e-02,7.078654538568743618e-03,9.108733470152802908e-03
3.179548412976065941e-02,3.208215727966579056e-02,3.121684774883229374e-02,3.656315652942585676e-02,7.360537388458465377e-03,-1.458560752719835832e-02,3.512330522459342075e-02,1.488190379385884443e-01,-1.290967720336487212e-01,-1.986710728153056327e-01,-1.877095676511179034e-01,-1.606558626484803631e-01,-8.632898052541308764e-02,-4.188509526987651416e-02,1.652873794341405689e-02,9.810621661522879455e-02,-2.228272300659621119e-01,-2.410560468010917445e-01,-2.684077703972130857e-01,-2.298110727936437669e-01,-1.229657399846555837e-01,-5.268015008364701490e-02,3.322585716535391646e-03,2.644676793130259010e-02,4.368093719106269646e-02,5.154304606235789871e-02,8.428378749339328693e-03,-2.001544776616256613e-02,-4.341107346594330618e-02,-4.982002685927111596e-02,-8.193566069910732108e-02,-7.987428952728546638e-02,2.575386000318629076e-01,1.978796144858445960e-01,8.529138823276181947e-02,1.058356499700489201e-03,-4.833822147458024729e-03,-5.229752731028559920e-02,-1.962874713979496644e-01,-2.733979041996126846e-01,2.616728281737534245e-01,1.923014367161622329e-01,8.885348360298736536e-03,-1.301187317172072810e-01,-1.157140488038845283e-01,-1.066510200218008658e-01,-1.901899683430839649e-01,-2.582872348884615588e-01,-1.411732727966096175e-02,-1.030375539935439108e-02,-8.399356613646728753e-02,-1.549539065914109504e-01,-1.190173717574140866e-01,-4.081049289696566003e-03,2.421947565477347228e-02,-9.473059266711391507e-03,-8.805600444258129822e-02,-5.532275274281918398e-02,-1.477876402512555941e-02,-6.602311343809259825e-02,-1.129581400657531653e-01,-5.809662725054178661e-02,2.094880011235073294e-02,6.998819497139484314e-02
1.996813320905211631e-01,1.233844174743895933e-01,1.043302984188244492e-01,8.991449131423316643e-02,2.626429425362782066e-02,-8.287430266313088045e-02,-1.792915060228470470e-01,-2.458463751948125331e-01,2.134447491671914721e-02,-6.355438860975570758e-02,-9.282332501796334429e-03,5.974182030156236639e-02,-4.347341638364807248e-02,-1.229603346106676459e-01,-1.177093580444458915e-01,-6.538712348478746550e-02,-6.115338844156400361e-02,-1.136024652191669621e-01,-6.931516802787658638e-02,4.581822875748656036e-03,-4.448270318030864146e-02,-5.533902952753286253e-02,5.825732505482902890e-02,1.415487100845054524e-01,3.097095954065201204e-02,1.617108179550201010e-03,-1.127963330844323998e-03,-7.893343787123613398e-03,5.923621941145111938e-03,5.874515311656932498e-02,1.801013208482743766e-01,2.148722772559674421e-01,1.028657541557190802e-01,1.510726384750623597e-01,1.362586578164486639e-01,1.086954195270876250e-01,8.463636737127948340e-02,1.320159726706430781e-01,1.855690446176529729e-01,1.185450402542792825e-01,1.547876880299657414e-02,8.180897067148153179e-02,1.898178619415252233e-01,1.845453506039401170e-01,6.568290802596583877e-02,-2.336335941559070347e-05,-2.298684002229109055e-02,-5.165035288107229505e-02,-2.078191196555654874e-01,-1.670261450301582240e-01,-1.349784370951917500e-01,-1.538675194836879312e-01,-2.422476918717683114e-01,-2.536041724270173270e-01,-1.502657690869223239e-01,-7.050272738393699445e-02,-1.338332659855183959e-01,-1.365766744285363821e-01,-1.867754044975800110e-01,-1.988607805235036718e-01,-1.781940241661026381e-01,-8.174101367162484033e-02,4.460152320931849712e-02,1.144309610202003114e-01
3.310722483070532296e-01,1.752200484459376095e-01,-1.399635274366859972e-01,-2.794900633604648355e-01,-2.349691029887242544e-01,-1.304023844489719808e-01,-8.623263736617374497e-02,-1.349290251123500817e-01,3.348351031864161276e-01,1.635694311839126225e-01,-9.515852445797186310e-02,-1.809687113455210883e-01,-1.973329699776229379e-02,9.775954005599847563e-02,-5.649960354818329283e-02,-1.502817648263026218e-01,2.288526860719110601e-01,7.283582031466502571e-02,-9.315455112965143059e-02,-7.477140691588619881e-02,2.298899947709280578e-01,1.756912130583974108e-01,-2.877359469805516878e-02,-1.050697737391368125e-01,5.169963279997741995e-02,-3.410943575582537496e-02,-7.078435991803264105e-02,5.489664690689230464e-02,2.391348230141501219e-01,2.064272865584796113e-01,1.237798497623548294e-02,-1.016485970039308906e-01,-6.653421013921613503e-02,-3.071316446057264712e-02,6.399013301925493558e-02,5.551731448338036862e-02,1.071976651243927020e-01,1.211724758246568306e-01,-3.623841009137303976e-02,-1.509745257124754658e-01,-1.096291913829768316e-01,2.986862960994102895e-02,7.886303989045771734e-02,5.638015955211037045e-02,5.966969017774707840e-02,9.011516253984226676e-02,-3.715989764229961270e-03,-1.061928169627939234e-01,-7.389594859353022793e-02,-1.649545821860459553e-03,4.088204445858669572e-02,-1.533383909147765720e-02,2.972003190842499240e-02,1.125119733160599433e-01,2.871826626614229841e-02,-7.784280920006410309e-02,-4.318393998337505951e-02,-1.739278262559681813e-03,1.773759783879849672e-02,-5.951555724812629400e-02,-7.833657940116105570e-03,1.100415562698813382e-01,2.222655690432112988e-02,-6.132660988482342007e-02
-1.623474678688473505e-01,-4.714979223291473204e-02,-8.294395761775116838e-02,1.424648728763658889e-01,2.968236952828516850e-01,-7.958419214419694410e-02,-1.290723929254748714e-01,2.291097315401779966e-01,-8.204451427419641452e-02,-1.524744048254103156e-03,-5.084337485749757662e-02,1.264033098333078864e-01,2.799771261078923268e-01,-1.026477963717171704e-01,-9.865607549038754587e-02,2.091540034673424753e-01,-3.831952327260132463e-02,1.805172982876331045e-02,-5.479015656245964094e-02,1.145722938856636036e-01,2.352353725352515357e-01,-8.632080552010291952e-02,-1.947042097095945390e-02,1.600882612744191358e-01,3.212101381423183161e-02,5.085381897140796303e-02,-3.370508928499534734e-02,1.501083364199774228e-01,1.936198657317497740e-01,-1.905381484175219797e-01,-2.319164579697146050e-03,1.315663521227707355e-01,6.561846769286645842e-02,5.967341016401973147e-02,-1.003578443502997630e-02,1.071020976896473187e-01,9.531419621096312578e-02,-1.791651149098087425e-01,6.665909037464787246e-02,5.961660775604960688e-02,8.965951015853049211e-02,6.560619439536742592e-02,-4.790199485375182947e-03,5.486056475895756401e-02,-5.687644339360573703e-02,-1.438319010161535072e-01,1.276571259301733929e-01,-3.411756484283633845e-02,1.310729040568490433e-01,7.201785980547681376e-02,7.078056736811557184e-03,1.387242145737006827e-02,-1.722730850151177884e-01,-1.610464131222988371e-01,2.932333299308031646e-02,-1.319881032518638031e-01,1.403373667799381330e-01,5.543703918829060578e-02,-1.343993880586318848e-04,-3.208925494014119861e-02,-2.219410353218710386e-01,-1.856290923968842155e-01,-1.107555034799499460e-01,-2.148973648758191468e-01
-1.338237119957105814e-01,1.244599616093490990e-03,1.080167369067726868e-01,4.319860785187458474e-03,-3.245572883212274190e-02,1.025142742821228033e-02,-5.086069411292485493e-02,-1.601763276237291589e-01,-1.785979651324697826e-01,-5.264437588081882086e-02,7.625080444472237540e-02,-2.563585783096841014e-02,-4.038580554527902711e-02,3.956785902639486929e-02,-3.387442616594379952e-02,-1.627154316108589682e-01,-2.131180255848373895e-01,-1.482007683512015506e-01,-6.562894905973022663e-02,-9.849763501843712687e-02,-1.174584629243493189e-01,-5.541042251352704118e-02,-1.301057903708417729e-01,-1.277586213526393233e-01,-2.284573346529348292e-01,-2.782704876957913243e-01,-1.947845671868403405e-01,-1.246889917064721992e-01,-1.512829118966271258e-01,-1.547227762711213817e-01,-1.423787743548740048e-01,-1.535579732539784151e-02,-1.504500020292705575e-01,-2.251060955401879005e-01,-1.004931459002752769e-01,-4.688584502128877174e-02,-1.216609528126589707e-01,-1.911363151792229154e-01,6.494366883016644727e-03,8.038898735525272510e-02,-4.071826597435423967e-02,-8.736953899631852427e-02,1.414265836868854390e-02,2.656449757655475821e-02,-1.527436723414831443e-01,-9.275309036681338160e-02,2.100003759563007222e-01,1.695873970411385795e-02,-8.372034801011314642e-02,-7.787092177340457222e-02,6.377552197257264910e-02,-7.416019178116443900e-02,-2.344553070313378229e-01,3.898290487007369243e-02,2.212528240322846063e-01,-1.042844230946055745e-01,-5.325900092546845960e-02,6.612527591857240289e-04,1.092880072552574744e-01,-1.128688382729661210e-01,-1.636226248228636049e-01,1.612145812785499288e-01,6.401843574420561234e-02,-1.838022137957134039e-01
1.000099025509506162e-01,1.815658252327566613e-01,2.419736745737929851e-01,2.569997292406085987e-01,2.271360346873786407e-01,1.902863523190998218e-01,1.493044612745207667e-01,1.100636446898952264e-01,-9.776952088042903041e-03,2.869011940090470184e-02,5.945667508007811131e-02,5.782597898811870502e-02,2.262202164263284881e-02,-6.772105376374073019e-03,-1.450934175478983679e-02,-1.630977168538919400e-02,-1.977260407793018371e-01,-1.734338966012781424e-01,-1.501310248961479077e-01,-1.409754281288434496e-01,-1.173502016358800998e-01,-1.040638419411366311e-01,-1.009082503588306645e-01,-7.919921589002076878e-02,-2.700588255034653273e-01,-2.309222161992535716e-01,-1.974682894035773850e-01,-1.716083137908671341e-01,-1.339017063620453196e-01,-7.755210765512157711e-02,-5.798827548550160305e-02,-6.061765519876202712e-02,-2.466483243510468049e-01,-2.006144983999454678e-01,-1.574189921697111971e-01,-1.298604057289711455e-01,-1.071880201430216589e-01,-7.623568175914363643e-02,-4.357323308836896780e-02,-6.714045787332376114e-02,-1.040348976773641104e-01,-8.777735748703681395e-02,-6.696515094740479457e-02,-7.106603092716905212e-02,-8.615401867061024677e-02,-9.100210621141496814e-02,-1.027306268155700336e-01,-1.021223247567619868e-01,4.429754247377524351e-02,3.848873388839414711e-02,2.662081428937244400e-03,-2.527528650198635277e-02,-7.613511425729879711e-02,-1.081284178209619001e-01,-1.170469714776439935e-01,-1.118833627054348356e-01,1.364591786900918036e-01,9.046690613063479436e-02,5.857806205101380448e-02,2.832767044334328146e-02,-9.722233409488648115e-03,-5.039535770816187810e-02,-6.795670930476824245e-02,-7.615402083975623959e-02
7.127429622331116210e-02,-1.733849141852614462e-01,-2.791691784103958462e-01,-1.464589546521710695e-01,-7.550912346515673002e-02,1.194841698065069423e-02,1.367135673947403873e-01,1.435952059093428546e-01,1.128548309860405163e-01,-8.794219680057221988e-02,-1.626483977145206095e-01,3.249288523021225117e-02,4.845893050527599194e-02,6.250478702486410298e-02,1.629770625100129267e-01,1.570543868747816540e-01,7.326500691768064732e-02,-9.111550845295421364e-02,9.423639155376159135e-03,2.262271945009450280e-01,1.113965492227520920e-01,-3.520074480481811402e-02,8.573924977874174125e-02,1.264581450590934186e-01,1.242558814961859832e-02,-1.123555125419420930e-01,9.322029075096495421e-02,2.955432766252962251e-01,1.506960659753016629e-01,-7.827297127316616698e-02,1.146702882564311875e-02,1.262165504316582476e-01,-4.252469730839021633e-02,-1.135965685478634163e-01,1.431542980620975625e-01,2.785451740340644800e-01,1.300217024302064706e-01,-5.440396214214568427e-02,-7.939614693900169315e-03,5.941941760286505864e-02,-6.338002495325628649e-02,-4.896783141444271958e-02,1.303844440611319766e-01,1.338999432055660022e-01,9.080791338413229247e-03,-5.852240450976712444e-02,-3.682438512861207353e-02,-2.264113662177952638e-02,-8.477047865719219977e-02,-1.049153360520302947e-01,2.300346285850243117e-02,-2.138795667029436826e-02,-1.447966849876828888e-01,-1.284596024158862482e-01,1.059277996586961874e-02,1.218760871311925648e-01,-1.325205530658092878e-01,-1.215455843453181334e-01,-5.616139425703293997e-02,-1.437909925967594815e-01,-2.471780419029386833e-01,-2.308973984958977432e-01,1.262264844036873300e-02,1.840996176726290290e-01
-1.118738953434515598e-01,-7.058052212786684876e-02,-1.577145493282758326e-01,-3.133649424857432031e-01,-1.422874112594487428e-01,2.022526970288238413e-01,1.357768403752632469e-01,2.161886872990644373e-02,-8.121657200516244068e-02,-1.012427964368504407e-01,-1.676165204965102962e-01,-3.829468248771428912e-02,2.217500532111079115e-01,1.673165982855183975e-01,9.055064847692879948e-02,-5.119004624652519903e-02,-9.973926651283469835e-02,-9.131283479036764184e-02,8.282899525122643103e-02,3.316196534149791209e-01,1.841809285761011605e-01,5.531151435382873627e-02,1.660364807629351180e-02,1.571818566237860636e-03,-1.751803904603418394e-01,2.474985163937561822e-02,2.917800816327601465e-01,1.775906727430077436e-01,3.471024544126465050e-02,1.706156154665524824e-02,5.025594192626244017e-02,1.055593681221408120e-01,-1.196717808108087172e-01,1.435463616979590074e-01,1.147594996174125942e-01,2.899850675908638778e-04,1.765073613051114376e-02,8.580107045678259103e-02,1.420580744335026013e-01,1.289387739044629833e-01,5.650622958144505686e-03,4.119217552180283459e-02,8.342343250262703250e-03,1.945013967122593071e-02,4.015385436272077974e-02,1.271965822726419670e-01,1.571376764780524626e-01,1.345134473805838227e-01,-8.470037733162207039e-02,-5.055879085836777198e-02,8.447178731334943624e-03,6.392944809374674631e-02,5.871274314271138217e-02,8.299377623613006516e-02,1.276560610693174280e-01,1.400738683595483536e-01,-1.469154777356108110e-01,-7.424840957709355482e-02,3.803681114220558413e-04,4.942145665175882302e-02,6.114235585865000072e-02,7.762141271040368107e-02,1.490559576301871691e-01,1.802002950762024713e-01
